No|             BAT_NAME|      RA|     DEC|     SNR|              COUNTERPART_NAME|                     OTHER_NAME| CTPT_RA|CTPT_DEC|    FLUX| FLUX_LO| FLUX_HI|CONTA|  GAMMA|GAMM_LO|GAMM_HI|  CHI_SQ_R|REDSHIFT|       LUM|ASSOC_STREN|   CL2|                 TYPE
#    |                     |     deg|     deg|        |                              |                               |     deg|     deg|10^-12er|10^-12er|10^-12er|     |       |       |       |          |        |log[erg/s]|      |           |
1|   SWIFT J0001.0-0708|  0.2199| -7.1396|    9.02|       2MASX J00004876-0709117|                               |  0.2032| -7.1532|   15.63|   12.78|   18.75|  |   2.17|   1.92|   2.44|      1.85|  0.0375|     43.72|  1        |          5|Sy1.9
2|   SWIFT J0001.6-7701|  0.3639|-77.0048|    5.30|                  Fairall 1203|                               |  0.4419|-76.9540|    9.77|    7.06|   12.75|  |   1.88|   1.51|   2.30|      3.15|  0.0584|     43.91|  1        |          4|Sy1
3|   SWIFT J0002.5+0323|  0.6136|  3.3724|    6.11|                      NGC 7811|                               |  0.6103|  3.3519|   11.93|    8.44|   15.77|  |   1.75|   1.35|   2.20|      0.88|  0.0255|     43.26|  1        |          4|Sy1.5
4|   SWIFT J0003.3+2737|  0.8799| 27.6323|    6.54|       2MASX J00032742+2739173|                               |  0.8643| 27.6548|   11.52|    8.59|   14.77|  |   1.98|   1.61|   2.38|      0.54|  0.0396|     43.64|  1        |          5|Sy2
5|   SWIFT J0005.0+7021|  0.9817| 70.3316|    7.10|       2MASX J00040192+7019185|                               |  1.0082| 70.3217|   12.26|    9.45|   15.32|  |   1.88|   1.56|   2.23|      0.97|  0.0960|     44.47|  1        |          5|Sy1.9
6|   SWIFT J0006.2+2012|  1.5700| 20.2284|   10.01|                       Mrk 335|                               |  1.5813| 20.2029|   13.92|   11.43|   16.64|  |   2.35|   2.09|   2.65|      1.83|  0.0258|     43.34|  1        |          4|Sy1.2
7|   SWIFT J0009.4-0037|  2.3208| -0.6279|    5.66|       2MASX J00091156-0036551|                               |  2.2982| -0.6152|   10.57|    7.18|   14.40|  |   1.76|   1.32|   2.25|      0.57|  0.0733|     44.15|  1        |          5|Sy2
8|   SWIFT J0010.5+1057|  2.6126| 10.9682|   14.79|                      Mrk 1501|                               |  2.6292| 10.9749|   27.27|   23.99|   30.72|  |   1.84|   1.68|   2.01|      1.33|  0.0893|     44.75|  1        |          7|BZQ
9|   SWIFT J0017.1+8134|  4.6246| 81.5648|    8.69|               [HB89] 0014+813|                               |  4.2853| 81.5856|   11.28|    8.72|   14.12|  |   2.18|   1.82|   2.61|      2.41|  3.3660|     48.07|  1        |          7|BZQ
10|   SWIFT J0021.2-1909|  5.2891|-19.1688|   10.38|       2MASX J00210753-1910056|                               |  5.2814|-19.1682|   16.25|   13.37|   19.36|  |   2.18|   1.93|   2.47|      0.20|  0.0956|     44.59|  1        |          5|Sy1.9
11|   SWIFT J0023.2+6142|  5.8183| 61.6632|    8.19|               IGR J00234+6141|                               |  5.7000| 61.6600|   11.33|    8.95|   13.95|  |   2.29|   1.96|   2.66|      0.46|     NA |        NA|  1        |          9|CV
12|   SWIFT J0025.2+6410|  6.3023| 64.1396|   11.93|                     Tycho SNR|                               |  6.2840| 64.1650|   12.82|   10.97|   14.86|  |   3.06|   2.74|   3.43|      2.37|     NA |        NA|  1        |         11|SNR
13|   SWIFT J0025.8+6818|  6.4009| 68.3891|    9.83|       2MASX J00253292+6821442|                               |  6.3870| 68.3623|   18.71|   15.56|   22.05|  |   1.64|   1.40|   1.89|      0.40|  0.0120|     42.79|  1        |          5|Sy2
14|   SWIFT J0026.5-5308|  6.6916|-53.1670|    8.70|       2MASX J00264073-5309479|                               |  6.6695|-53.1633|   13.59|   10.69|   16.72|  |   1.82|   1.52|   2.14|      1.30|  0.0629|     44.12|  1        |          4|Sy1
15|   SWIFT J0028.9+5917|  7.1820| 59.2693|   58.84|                      V709 Cas|                               |  7.2036| 59.2894|   76.77|   74.64|   78.94|  |   2.57|   2.52|   2.62|     18.18|     NA |        NA|  1        |          9|CV
16|   SWIFT J0029.2+1319|  7.2857| 13.2623|    7.78|               [HB89] 0026+129|                               |  7.3067| 13.2675|   11.03|    8.60|   13.75|  |   2.37|   2.04|   2.76|      0.66|  0.1420|     44.79|  1        |          4|Sy1.2
17|   SWIFT J0030.0-5904|  7.6832|-59.0080|    7.95|                      ESO112-6|                               |  7.6826|-59.0072|   14.78|   11.72|   18.03|  |   1.56|   1.28|   1.84|      0.75|  0.0290|     43.47|  1        |          5|Sy2
18|   SWIFT J0033.6+6127|  8.3292| 61.4904|   10.04|       2MASX J00331831+6127433|                               |  8.3266| 61.4620|   15.12|   12.61|   17.82|  |   2.16|   1.91|   2.42|      0.83|  0.1050|     44.64|  1        |          5|Sy1.9
19|   SWIFT J0034.5-7904|  8.8685|-79.1164|    5.71|       2MASX J00341665-7905204|                               |  8.5697|-79.0890|    7.61|    5.55|    9.97|  |   2.52|   2.09|   3.07|      0.50|  0.0740|     44.02|  1        |          4|Sy1
20|   SWIFT J0034.6-0422|  8.6285| -4.4240|    7.91|       2MASX J00343284-0424117|                               |  8.6368| -4.4033|   16.27|   12.87|   19.94|  |   1.74|   1.46|   2.04|      0.39|  0.2130|     45.35|  1        |          5|Sy2
21|   SWIFT J0036.0+5951|  8.9832| 59.8392|   39.05|                  1ES 0033+595|                               |  8.9694| 59.8346|   50.03|   47.80|   52.32|  |   2.55|   2.48|   2.63|      0.33|  0.0860|     44.98|  1        |          7|BZB
22|   SWIFT J0036.3+4540|  9.0840| 45.6796|   11.38|                  CGCG 535-012|                               |  9.0874| 45.6650|   19.19|   16.30|   22.25|  |   1.83|   1.62|   2.05|      1.38|  0.0476|     44.02|  1        |          4|Sy1.2
23|   SWIFT J0037.2+6123|  9.2603| 61.3655|   11.88|                     BD +60 73|                               |  9.2902| 61.3601|   16.97|   14.66|   19.43|  |   2.36|   2.15|   2.60|      2.21|     NA |        NA|  1        |         13|HMXB
24|   SWIFT J0038.4+2337|  9.6534| 23.5941|    9.41|                       Mrk 344|                               |  9.6339| 23.6133|   15.19|   12.17|   18.47|  |   1.93|   1.65|   2.24|      0.51|  0.0249|     43.34|  1        |          5|Sy2
25|   SWIFT J0041.0+2444| 10.2195| 24.7880|    3.97|      WISEAJ004039.88+244539.3|                               | 10.1662| 24.7609|    5.28|    3.02|    8.15|  |   2.41|   1.72|   3.39|      0.49|  0.0784|     43.91|  1        |          5|Sy1.9
26|   SWIFT J0041.9-0921| 10.4494| -9.3438|    6.58|                      ABELL 85|                               | 10.4075| -9.3425|    7.22|    5.88|    8.75|  |   4.35|   3.67|   5.25|      0.26|     NA |        NA|  1        |          3|Galaxy Cluster
27|   SWIFT J0042.6+4112| 10.6788| 41.2196|    8.30|            SWIFT J0042.7+4111|                               | 10.6679| 41.2002|    8.92|    7.26|   10.79|  |   3.19|   2.78|   3.69|      1.43|     NA |        NA|  1        |         10|Pulsar
28|   SWIFT J0042.9-2332| 10.7137|-23.5370|   27.06|                      NGC 235A|                               | 10.7200|-23.5410|   47.25|   44.04|   50.57|  |   1.85|   1.75|   1.94|      4.20|  0.0222|     43.74|  1        |          5|Sy1.9
29|  SWIFT J0042.9+3016A| 10.8094| 30.2961|   10.45|       2MASX J00430184+3017195|                               | 10.7578| 30.2888|    4.65|    2.33|    6.96| Y |   2.14|   1.63|   3.21|      2.23|  0.0489|     43.43|  1        |          5|Sy2
30|  SWIFT J0042.9+3016B| 10.7291| 30.2924|   11.12|       2MASX J00423991+3017515|                               | 10.6663| 30.2976|   13.76|   10.83|   16.93| Y |   2.17|   1.84|   2.57|      1.91|  0.1408|     44.88|  1        |          7|BZQ
31|   SWIFT J0042.9-1135| 10.7689|-11.5944|    5.20|                MCG -02-02-095|                               | 10.7865|-11.6010|    8.60|    5.72|   11.93|  |   2.12|   1.63|   2.73|      0.57|  0.0189|     42.85|  1        |          5|Sy2
32|   SWIFT J0046.2-4008| 11.5556|-40.0948|    8.59|                     ESP 39607|                               | 11.5860|-40.0970|   12.87|   10.21|   15.77|  |   1.98|   1.70|   2.29|      2.29|  0.2013|     45.19|  1        |          5|Sy2
33|   SWIFT J0048.8+3155| 12.1954| 31.9569|   87.68|                       Mrk 348|                               | 12.1964| 31.9570|  154.75|  151.67|  157.85|  |   1.83|   1.80|   1.86|     10.57|  0.0150|     43.91|  1        |          5|Sy1.9
34|   SWIFT J0051.6+2928| 12.8843| 29.4693|    4.96|                MCG +05-03-013|                               | 12.8959| 29.4013|    7.45|    4.68|   10.75|  |   2.13|   1.55|   2.91|      0.72|  0.0360|     43.36|  1        |          4|Sy1
35|   SWIFT J0051.8-7320| 12.5939|-73.1939|    9.64|               RX J0052.1-7319|                               | 13.0921|-73.3181|   13.45|   11.06|   16.05|  |   2.33|   2.06|   2.64|      2.26|     NA |        NA|  1        |         13|HMXB
36|   SWIFT J0051.9+1724| 12.9610| 17.4233|   21.18|                      Mrk 1148|                               | 12.9783| 17.4329|   29.08|   26.37|   31.92|  |   2.28|   2.14|   2.43|      1.16|  0.0640|     44.47|  1        |          4|Sy1.5
37|   SWIFT J0052.3-2730| 13.0616|-27.4949|    3.99|       2MASX J00520383-2723488|                               | 13.0158|-27.3969|    6.90|    4.17|   10.14|  |   1.93|   1.37|   2.56|      2.08|  0.0768|     44.01|  1        |          5|Sy2
38|   SWIFT J0053.3-7224| 13.7321|-72.4751|   13.23|               RX J0053.8-7226|                               | 13.4790|-72.4460|   15.63|   13.72|   17.68|  |   2.96|   2.71|   3.24|      0.72|     NA |        NA|  1        |         13|HMXB
39|   SWIFT J0054.9+2524| 13.7048| 25.4513|    8.14|               [HB89] 0052+251|                               | 13.7171| 25.4272|   14.96|   11.89|   18.30|  |   1.79|   1.51|   2.07|      1.33|  0.1550|     45.00|  1        |          4|Sy1.2
40|   SWIFT J0055.4+4612| 13.8361| 46.2135|   19.71|         1RXS J005528.0+461143|                               | 13.8329| 46.2158|   21.83|   20.05|   23.70|  |   2.97|   2.81|   3.15|      2.71|     NA |        NA|  1        |          9|CV
41|   SWIFT J0056.7+6043| 14.1654| 60.7190|   80.58|                     Gamma Cas|                               | 14.1772| 60.7167|   89.33|   87.73|   90.97|  |   3.32|   3.27|   3.36|     26.42|     NA |        NA|  1        |         13|HMXB
42|   SWIFT J0057.0+6405| 14.2497| 64.0198|    6.34|           NVSS J005712+635942|                               | 14.3036| 63.9952|    9.25|    6.97|   11.77|  |   2.27|   1.91|   2.70|      0.94|     NA |        NA|  1        |          7|BZQ
43|   SWIFT J0059.4+3150| 14.9705| 31.8359|   16.51|                       Mrk 352|                               | 14.9720| 31.8269|   27.69|   24.73|   30.76|  |   1.94|   1.79|   2.10|      1.37|  0.0149|     43.15|  1        |          4|Sy1.2
44|   SWIFT J0100.9-4750| 15.1559|-47.8855|   11.20|          ESO 195-IG 021 NED03|                               | 15.1457|-47.8676|   16.07|   13.33|   19.00|  |   1.93|   1.68|   2.18|      0.79|  0.0483|     43.96|  1        |          5|Sy2
45|   SWIFT J0101.5-0308| 15.2982| -3.1431|    3.53|       2MASX J01012440-0308399|                               | 15.3517| -3.1445|    6.35|    3.45|    9.83|  |   1.93|   1.29|   2.76|      0.33|  0.0694|     43.88|  1        |          4|Sy1.8
46|  SWIFT J0102.6-7242A| 16.1743|-72.7559|    5.69|               IGR J01054-7253|                               | 16.1725|-72.9013|    6.46|    4.91|    8.29|  |   3.32|   2.75|   4.05|      1.51|     NA |        NA|  1        |         13|HMXB
47|  SWIFT J0102.6-7242B| 15.7173|-72.7379|    8.93|                 XTE J0103-728|                               | 15.7212|-72.7425|   10.00|    8.36|   11.84|  |   3.22|   2.85|   3.66|      1.34|     NA |        NA|  1        |         13|HMXB
48|   SWIFT J0103.8-6437| 15.9381|-64.6279|    7.24|                  PKS 0101-649|                               | 15.8904|-64.6521|   10.05|    7.46|   12.92|  |   2.05|   1.69|   2.48|      0.52|  0.1630|     44.88|  1        |          7|BZQ
49|   SWIFT J0105.5-4213| 16.3517|-42.2100|    9.00|                MCG -07-03-007|                               | 16.3617|-42.2162|   17.26|   14.00|   20.71|  |   1.52|   1.26|   1.78|      0.56|  0.0302|     43.57|  1        |          5|Sy2
50|   SWIFT J0106.2-4704| 16.4994|-47.0347|    5.67|                ESO 243- G 026|                               | 16.4082|-47.0717|    6.48|    4.40|    9.02|  |   2.54|   1.99|   3.28|      0.56|  0.0193|     42.75|  1        |          5|Sy2
51|   SWIFT J0105.7-1414| 16.4043|-14.2737|    8.30|       2MASX J01053882-1416133|                               | 16.4117|-14.2704|   11.28|    8.72|   14.17|  |   2.40|   2.04|   2.81|      0.64|  0.0660|     44.09|  1        |          4|Sy1
52|   SWIFT J0105.6-3433| 16.4365|-34.5361|    9.60|                  HE 0103-3447|                               | 16.4442|-34.5292|   16.03|   13.10|   19.15|  |   1.90|   1.65|   2.18|      1.23|  0.0570|     44.11|  1        |          4|Sy1
53|   SWIFT J0106.8+0639| 16.6753|  6.6352|   10.28|       2MASX J01064523+0638015|                               | 16.6886|  6.6339|   17.12|   13.80|   20.68|  |   1.84|   1.57|   2.13|      0.47|  0.0410|     43.84|  1        |          5|Sy2
54|  SWIFT J0107.7-1137A| 17.0048|-11.5605|    7.76|                            NA|                               |      NA|      NA|   13.67|   10.44|   17.18|  |   1.76|   1.44|   2.09|      0.94|     NA |        NA|  1        |          0|Unknown
55|  SWIFT J0107.7-1137B| 16.9187|-11.6459|    7.81|       2MASX J01073963-1139117|                               | 16.9152|-11.6532|    5.85|    2.94|    8.92| Y |   1.77|   1.23|   2.52|      2.39|  0.0475|     43.51|  1        |          5|Sy2
56|  SWIFT J0107.7-1137C| 16.7151|-11.6993|    7.56|                            NA|                               |      NA|      NA|    8.26|    5.52|   11.51| Y |   2.17|   1.68|   2.79|      0.67|     NA |        NA|  1        |          0|Unknown
57|   SWIFT J0109.0+1320| 17.2043| 13.3439|   17.40|                        3C 033|                               | 17.2203| 13.3372|   30.02|   26.77|   33.40|  |   1.87|   1.72|   2.02|      0.30|  0.0597|     44.42|  1        |          5|Sy2
58|   SWIFT J0111.4-3808| 17.8719|-38.0873|   11.76|                       NGC 424|                               | 17.8650|-38.0830|   19.16|   16.43|   22.04|  |   1.95|   1.76|   2.15|      1.35|  0.0118|     42.79|  1        |          5|Sy1.9
59|   SWIFT J0113.8+2515| 18.4443| 25.2900|    5.87|          87GB 011040.5+250307|                               | 18.3446| 25.3148|    9.60|    6.76|   12.84|  |   2.00|   1.57|   2.49|      0.28|     NA |        NA|  1        |          7|BZQ
60|   SWIFT J0113.8+1313| 18.4726| 13.2526|    8.68|                       Mrk 975|                               | 18.4626| 13.2717|   14.55|   11.37|   18.02|  |   1.84|   1.54|   2.16|      1.86|  0.0496|     43.94|  1        |          4|Sy1.2
61|   SWIFT J0113.8-1450| 18.4637|-14.8651|   14.14|                      Mrk 1152|                               | 18.4587|-14.8456|   24.09|   21.05|   27.31|  |   1.94|   1.77|   2.12|      1.11|  0.0527|     44.21|  1        |          4|Sy1.2
62|   SWIFT J0114.5-3236| 18.5360|-32.6603|    7.33|                       IC 1657|                               | 18.5292|-32.6509|   15.30|   11.77|   19.08|  |   1.44|   1.11|   1.78|      0.27|  0.0120|     42.70|  1        |          5|Sy2
63|   SWIFT J0114.4-5522| 18.5922|-55.4141|    9.56|                      NGC 454E|                               | 18.6038|-55.3971|   13.80|   11.20|   16.61|  |   1.94|   1.69|   2.22|      0.90|  0.0121|     42.67|  1        |          5|Sy2
64|   SWIFT J0116.3+3104| 19.0608| 31.0201|    6.38|                       NGC 452|                               | 19.0618| 31.0338|   11.33|    8.57|   14.36|  |   1.98|   1.65|   2.35|      1.31|  0.0166|     42.86|  1        |          5|Sy2
65|   SWIFT J0116.5-1235| 19.1286|-12.6064|    6.63|       2MASX J01163118-1236171|                               | 19.1298|-12.6047|   10.48|    7.67|   13.65|  |   2.04|   1.67|   2.48|      0.74|  0.1424|     44.77|  1        |          5|Sy1.9
66|   SWIFT J0117.8-7327| 19.1151|-73.4526|  359.85|                       SMC X-1|                               | 19.2714|-73.4433|  404.97|  403.32|  406.61|  |   3.31|   3.30|   3.31|   1168.12|     NA |        NA|  1        |         13|HMXB
67|   SWIFT J0117.8+6516| 19.5129| 65.2911|  122.72|                   2S 0114+650|                               | 19.5112| 65.2916|  147.01|  144.93|  149.10|  |   2.68|   2.65|   2.70|     15.78|     NA |        NA|  1        |         13|HMXB
68|   SWIFT J0118.5+6344| 19.6058| 63.7417|   76.29|                   4U 0115+634|                               | 19.6330| 63.7400|   80.41|   78.85|   82.00|  |   3.43|   3.38|   3.48|     13.38|     NA |        NA|  1        |         13|HMXB
69|   SWIFT J0122.0-2818| 20.5237|-28.3465|    5.66|               [HB89] 0119-286|                               | 20.4646|-28.3492|    9.15|    6.24|   12.47|  |   1.89|   1.44|   2.40|      0.21|  0.1160|     44.52|  1        |          4|Sy1
70|   SWIFT J0122.8+5003| 20.6543| 50.0951|    8.42|                MCG +08-03-018|                               | 20.6435| 50.0550|   11.73|    9.17|   14.58|  |   2.20|   1.87|   2.58|      0.48|  0.0204|     43.06|  1        |          5|Sy2
71|   SWIFT J0122.9+3420| 20.7743| 34.3642|    8.99|         SHBL J012308.7+342049|                               | 20.7860| 34.3469|   11.91|    9.79|   14.24|  |   2.64|   2.34|   2.98|      0.64|  0.2720|     45.45|  1        |          7|BZB
72|   SWIFT J0123.8-3504| 20.9760|-35.0625|   52.59|                      NGC 526A|                               | 20.9766|-35.0654|   88.29|   85.27|   91.33|  |   1.87|   1.82|   1.91|      3.10|  0.0191|     43.87|  1        |          5|Sy1.9
73|   SWIFT J0123.9-5846| 20.9458|-58.7984|   34.46|                     Fairall 9|                               | 20.9408|-58.8057|   49.10|   46.47|   51.79|  |   2.00|   1.93|   2.08|      2.21|  0.0470|     44.42|  1        |          4|Sy1.2
74|   SWIFT J0124.5+3350| 21.1134| 33.7818|   11.39|                       NGC 513|                               | 21.1119| 33.7995|   21.17|   18.06|   24.46|  |   1.75|   1.55|   1.96|      1.17|  0.0195|     43.27|  1        |          5|Sy2
75|   SWIFT J0126.0+3511| 21.5661| 35.1435|    3.39|         1RXS J012556.6+351039|                               | 21.4832| 35.1761|    4.27|    2.42|    6.75|  |   2.75|   1.95|   3.91|      0.79|  0.3120|     45.14|  1        |          4|Sy1
76|   SWIFT J0126.2+1517| 21.5393| 15.3962|    4.29|                        RHS 10|                               | 21.4919| 15.3038|    6.98|    4.14|   10.37|  |   2.06|   1.48|   2.83|      0.71|  0.1110|     44.36|  1        |          4|Sy1
77|   SWIFT J0127.5+1910| 21.9037| 19.1537|    8.66|                       Mrk 359|                               | 21.8856| 19.1788|   12.31|    9.78|   15.07|  |   2.32|   2.02|   2.66|      3.07|  0.0174|     42.94|  1        |          4|Sy1.5
78|   SWIFT J0128.0-1850| 22.0198|-18.8061|   12.40|                MCG -03-04-072|                               | 22.0280|-18.8086|   19.61|   16.59|   22.81|  |   1.98|   1.77|   2.20|      1.08|  0.0460|     44.00|  1        |          4|Sy1
79|   SWIFT J0128.4+1631| 22.1321| 16.4724|    7.60|                  CGCG 459-058|                               | 22.1017| 16.4593|   12.62|    9.53|   16.05|  |   1.92|   1.58|   2.29|      0.53|  0.0386|     43.65|  1        |          5|Sy2
80|   SWIFT J0128.9-6039| 22.2055|-60.6576|    4.33|       2MASX J01290761-6038423|                               | 22.2818|-60.6450|    5.91|    3.89|    8.24|  |   2.32|   1.84|   2.94|      1.08|  0.2034|     44.86|  1        |          5|Sy2
81|   SWIFT J0130.0-4218| 22.5030|-42.3211|    4.89|                ESO 244-IG 030|                               | 22.4636|-42.3265|    6.14|    4.08|    8.58|  |   2.53|   1.99|   3.28|      0.64|  0.0256|     42.98|  1        |          5|Sy2
82|   SWIFT J0130.2-4552| 22.5660|-45.9657|    3.57|       2MASX J01302127-4601448|                               | 22.5887|-46.0292|    4.91|    2.56|    7.83|  |   2.00|   1.29|   2.87|      0.77|  0.1115|     44.21|  1        |          4|Sy1
83|   SWIFT J0131.8-3307| 22.9921|-33.1124|    7.97|                ESO 353- G 009|                               | 22.9601|-33.1193|   12.89|   10.07|   15.99|  |   1.92|   1.62|   2.25|      1.09|  0.0165|     42.91|  1        |          5|Sy2
84|   SWIFT J0134.1-3625| 23.4926|-36.4988|   21.85|                       NGC 612|                               | 23.4906|-36.4933|   40.61|   37.39|   43.91|  |   1.62|   1.52|   1.73|      0.81|  0.0298|     43.93|  1        |          5|Sy2
85|   SWIFT J0134.8-0430| 23.7114| -4.5077|   11.37|       2MASX J01344565-0430134|                               | 23.6902| -4.5036|   21.51|   18.09|   25.12|  |   1.72|   1.51|   1.95|      0.91|  0.0790|     44.53|  1        |          4|Sy1
86|   SWIFT J0136.5+3906| 24.0987| 39.0645|    4.00|                   B3 0133+388|                               | 24.1354| 39.0999|    4.27|    2.38|    6.84|  |   2.88|   1.99|   4.45|      1.07|     NA |        NA|  1        |          7|BZB
87|   SWIFT J0138.6-4001| 24.6576|-40.0073|   38.45|                   ESO 297-018|                               | 24.6548|-40.0114|   64.86|   61.93|   67.86|  |   1.82|   1.76|   1.88|      3.43|  0.0252|     43.99|  1        |          5|Sy2
88|   SWIFT J0138.8+2925| 24.7375| 29.4015|    3.48|       2MASX J01392400+2924067|                               | 24.8500| 29.4019|    5.70|    3.06|    8.90|  |   2.05|   1.38|   2.97|      0.71|  0.0759|     43.92|  1        |          5|Sy1.9
89|   SWIFT J0140.6-5321| 25.1302|-53.3465|    9.88|       2MASX J01402676-5319389|                               | 25.1116|-53.3276|   14.75|   12.11|   17.58|  |   1.92|   1.67|   2.19|      0.34|  0.0744|     44.31|  1        |          5|Sy1.9
90|   SWIFT J0142.0+3922| 25.5052| 39.4105|    7.13|                   B2 0138+39B|                               | 25.4906| 39.3914|   11.25|    8.46|   14.34|  |   1.97|   1.62|   2.36|      0.61|  0.0800|     44.26|  1        |          7|BZQ
91|   SWIFT J0146.0+6143| 26.6175| 61.7581|   39.70|                  PSR J0146+61|                               | 26.5934| 61.7509|  115.11|  111.01|  119.25|  |   0.81|   0.75|   0.86|      1.78|     NA |        NA|  1        |         10|Pulsar
92|  SWIFT J0149.2+2153A| 27.1539| 21.6562|    3.08|       2MASX J01485967+2145343|                               | 27.2487| 21.7593|    7.61|    3.42|   12.47| Y |   0.93|  -0.26|   1.87|      1.13|  0.0694|     43.96|  1        |          5|Sy1.9
93|  SWIFT J0149.2+2153B| 27.2939| 21.9270|    4.86|                       NGC 678|                               | 27.3536| 21.9973|    7.07|    4.25|   10.50| Y |   2.21|   1.58|   3.07|      1.12|  0.0095|     42.17|  1        |          5|Sy2
94|   SWIFT J0149.9-5019| 27.3544|-50.2842|    8.79|       2MASX J01492228-5015073|                               | 27.3428|-50.2521|   14.66|   11.51|   18.03|  |   1.56|   1.26|   1.89|      0.81|  0.0299|     43.49|  1        |          4|Sy1.2
95|   SWIFT J0151.3-3610| 27.8469|-36.1522|    5.02|                ESO 354- G 004|                               | 27.9245|-36.1878|    8.20|    5.61|   11.07|  |   1.99|   1.58|   2.49|      0.84|  0.0335|     43.34|  1        |          4|Sy1
96|   SWIFT J0152.8-0329| 28.1996| -3.4579|   14.19|                MCG -01-05-047|                               | 28.2042| -3.4468|   24.45|   21.35|   27.73|  |   1.94|   1.77|   2.12|      2.18|  0.0172|     43.22|  1        |          5|Sy2
97|   SWIFT J0154.9-2707| 28.6540|-27.1394|   12.10|        2MASSi J0154403-270701|                               | 28.6679|-27.1169|   17.16|   14.58|   19.94|  |   2.19|   1.98|   2.43|      0.99|  0.1510|     45.04|  1        |          4|Sy1
98|   SWIFT J0155.4+0228| 28.8422|  2.5088|    8.81|                  1ES 0152+022|                               | 28.8538|  2.4712|   14.44|   11.47|   17.67|  |   2.05|   1.77|   2.37|      0.86|  0.0820|     44.39|  1        |          4|Sy1
99|   SWIFT J0157.2+4715| 29.2936| 47.2535|    7.76|       2MASX J01571097+4715588|                               | 29.2956| 47.2666|   14.55|   11.48|   17.87|  |   1.73|   1.45|   2.04|      1.03|  0.0483|     43.92|  1        |          4|Sy1
100|   SWIFT J0157.8-7300| 29.2889|-73.0053|    7.07|               IGR J01572-7259|                               | 29.3173|-72.9757|    8.60|    6.81|   10.64|  |   2.83|   2.45|   3.28|      1.20|     NA |        NA|  1        |         13|HMXB
101|   SWIFT J0200.3+2428| 30.1468| 24.4698|    7.19|                     UGC 01479|                               | 30.0794| 24.4737|   14.29|   10.77|   18.12|  |   1.62|   1.28|   1.99|      0.97|  0.0164|     42.95|  1        |          5|Sy2
102|   SWIFT J0201.0-0648| 30.2687| -6.8181|   37.49|                       NGC 788|                               | 30.2769| -6.8155|   70.04|   66.70|   73.45|  |   1.82|   1.76|   1.89|      1.44|  0.0136|     43.48|  1        |          5|Sy2
103|  SWIFT J0202.4+6824A| 30.5307| 68.4142|   10.38|       2MASX J02021731+6821460|                               | 30.5720| 68.3620|   16.05|   12.35|   20.01| Y |   1.20|   0.83|   1.57|      5.11|  0.0119|     42.72|  1        |          5|Sy2
104|  SWIFT J0202.4+6824B| 30.4398| 68.4250|   10.38|       2MASX J02013241+6824219|                               | 30.3850| 68.4061|    7.48|    4.64|   10.74| Y |   1.59|   1.06|   2.12|      6.20|  0.0152|     42.60|  1        |          5|Sy1.9
105|   SWIFT J0203.1-2359| 30.7644|-24.0261|    8.15|         1RXS J020301.2-240213|                               | 30.7537|-24.0367|   11.67|    8.92|   14.73|  |   2.12|   1.77|   2.51|      0.38|  0.1781|     45.03|  1        |          4|Sy1.5
106|   SWIFT J0206.2-0019| 31.5903| -0.2716|   10.21|                      Mrk 1018|                               | 31.5666| -0.2914|   21.60|   17.76|   25.66|  |   1.46|   1.20|   1.72|      0.96|  0.0424|     43.97|  1        |          4|Sy1.2
107|   SWIFT J0207.0+2931| 31.7443| 29.5126|    9.02|                         3C 59|                               | 31.7911| 29.5280|   13.82|   11.02|   16.87|  |   2.14|   1.84|   2.46|      0.64|  0.1096|     44.64|  1        |          4|Sy1
108|  SWIFT J0208.4-7428A| 31.7558|-74.4599|    8.52|             1WGA J0206.7-7427|                               | 31.6904|-74.4626|   10.71|    8.98|   12.62| Y |   2.99|   2.68|   3.37|      2.31|     NA |        NA|  1        |         13|HMXB
109|  SWIFT J0208.4-7428B| 32.8119|-74.6313|    3.21|               RX J0209.6-7427|                               | 32.4010|-74.4520|    5.87|    2.12|   10.25| Y |   0.77|   0.00|   2.00|      1.03|     NA |        NA|  1        |         13|HMXB
110|   SWIFT J0208.2+4452| 31.9671| 44.8338|    5.06|                MCG +07-05-016|                               | 31.9649| 44.8438|    7.58|    5.41|   10.07|  |   2.49|   2.04|   3.05|      0.88|  0.0217|     42.92|  1        |          5|Sy1.9
111|   SWIFT J0208.5-1738| 32.1611|-17.6354|    8.06|           NVSS J020834-173933|                               | 32.1455|-17.6594|   13.80|   10.95|   16.92|  |   1.93|   1.63|   2.24|      0.52|  0.1290|     44.79|  1        |          4|Sy1.2
112|   SWIFT J0209.5-1010| 32.3688|-10.1733|    6.19|                       ARP 318|                               | 32.3805|-10.1585|   13.11|    9.49|   17.08|  |   1.51|   1.10|   1.93|      0.41|  0.0133|     42.73|  1        |          5|Sy2
113|   SWIFT J0209.7+5226| 32.4056| 52.4511|   34.31|                   LEDA 138501|                               | 32.3929| 52.4425|   55.93|   53.17|   58.75|  |   2.14|   2.06|   2.21|      1.44|  0.0492|     44.52|  1        |          4|Sy1
114|   SWIFT J0211.1-4944| 32.7213|-49.7256|    5.69|                ESO 197- G 027|                               | 32.7189|-49.6985|    8.58|    5.96|   11.50|  |   1.83|   1.42|   2.31|      1.24|  0.0481|     43.68|  1        |          5|Sy2
115|   SWIFT J0213.7+5147| 33.5945| 51.7616|    8.52|       2MASX J02141794+5144520|                               | 33.5747| 51.7478|   12.00|    9.68|   14.58|  |   2.48|   2.15|   2.85|      2.65|  0.0490|     43.85|  1        |          7|BZG
116|   SWIFT J0214.6-0049| 33.6769| -0.7604|    6.19|                       Mrk 590|                               | 33.6400| -0.7670|   12.64|    8.94|   16.70|  |   1.54|   1.11|   2.00|      0.71|  0.0264|     43.32|  1        |          4|Sy1.5
117|   SWIFT J0214.9-6432| 33.7007|-64.5261|    9.16|       2MASX J02143730-6430052|                               | 33.6557|-64.5014|   11.74|    9.33|   14.40|  |   2.13|   1.84|   2.47|      0.93|  0.0740|     44.21|  1        |          4|Sy1
118|   SWIFT J0215.6-1301| 33.8899|-12.9732|    5.96|                        3C 062|                               | 33.9062|-12.9918|   10.68|    7.72|   14.01|  |   1.86|   1.47|   2.28|      0.62|  0.1470|     44.81|  1        |          5|Sy2
119|   SWIFT J0216.3+5128| 34.0475| 51.4272|    8.85|       2MASX J02162987+5126246|                               | 34.1243| 51.4402|   14.27|   11.59|   17.18|  |   2.18|   1.89|   2.50|      0.25|  0.4223|     45.97|  1        |          5|Sy2
120|   SWIFT J0218.0+7348| 34.3659| 73.8185|   18.37|               [HB89] 0212+735|                               | 34.3784| 73.8257|   36.48|   33.27|   39.79|  |   1.58|   1.45|   1.70|      1.36|  2.3670|     48.21|  1        |          7|BZQ
121|   SWIFT J0222.6+5222| 35.6537| 52.3719|    5.20|         1RXS J022206.0+522112|                               | 35.5258| 52.3523|    7.35|    5.16|    9.93|  |   2.53|   2.03|   3.19|      0.38|  0.2000|     44.94|  1        |          4|Sy1
122|   SWIFT J0222.3+2509| 35.6312| 25.1413|    9.05|       2MASX J02223523+2508143|                               | 35.6468| 25.1374|   17.10|   13.74|   20.71|  |   1.78|   1.51|   2.06|      0.42|  0.0616|     44.21|  1        |          4|Sy1
123|   SWIFT J0223.4+4551| 35.9042| 45.8109|    7.08|                      V Zw 232|                               | 35.8913| 45.8186|   13.54|   10.28|   17.10|  |   1.70|   1.35|   2.07|      0.19|  0.0613|     44.10|  1        |          5|Sy2
124|   SWIFT J0225.0-2312| 36.2132|-23.2511|    6.73|                   PKS 0222-23|                               | 36.2612|-23.2133|   10.93|    8.11|   14.04|  |   1.98|   1.61|   2.40|      1.22|  0.2322|     45.26|  1        |          4|Sy1.5
125|   SWIFT J0225.0+1847| 36.2633| 18.7932|   18.67|                      RBS 0315|                               | 36.2695| 18.7802|   34.16|   30.77|   37.67|  |   1.87|   1.73|   2.01|      2.78|  2.6900|     48.32|  1        |          7|BZQ
126|   SWIFT J0225.8-6315| 36.3446|-63.2381|    7.65|                   Fairall 296|                               | 36.2876|-63.2240|   10.32|    7.85|   13.09|  |   2.07|   1.73|   2.46|      1.56|  0.0580|     43.93|  1        |          4|Sy1
127|   SWIFT J0226.4-2821| 36.5921|-28.3503|    7.14|                   AM 0224-283|                               | 36.6081|-28.3503|   10.71|    7.98|   13.74|  |   2.04|   1.66|   2.47|      0.89|  0.0598|     43.98|  1        |          4|Sy1.2
128|   SWIFT J0227.0+2346| 36.7335| 23.7537|    6.16|                MCG +04-06-043|                               | 36.7275| 23.7997|    9.14|    6.41|   12.37|  |   2.29|   1.83|   2.86|      1.29|  0.0333|     43.38|  1        |          4|Sy1
129|   SWIFT J0228.1+3118| 37.0612| 31.3243|   37.41|                       NGC 931|                               | 37.0603| 31.3117|   62.73|   59.78|   65.73|  |   2.10|   2.04|   2.17|      5.71|  0.0167|     43.61|  1        |          4|Sy1.5
130|   SWIFT J0230.2-0900| 37.5102| -9.0299|    8.61|                      Mrk 1044|                               | 37.5227| -8.9979|   11.65|    9.34|   14.21|  |   2.54|   2.22|   2.92|      0.52|  0.0165|     42.87|  1        |          4|Sy1
131|   SWIFT J0231.6-3645| 37.9780|-36.6776|   11.57|                       IC 1816|                               | 37.9625|-36.6721|   18.49|   15.63|   21.52|  |   1.76|   1.55|   1.97|      1.32|  0.0170|     43.09|  1        |          5|Sy2
132|   SWIFT J0232.8+2020| 38.1714| 20.3136|   10.93|                 QSO B0229+200|                               | 38.2026| 20.2882|   17.03|   14.29|   19.99|  |   2.41|   2.16|   2.69|      1.82|  0.1396|     44.96|  1        |          7|BZG
133|   SWIFT J0234.1+3233| 38.5791| 32.5089|   34.37|                       NGC 973|                               | 38.5838| 32.5056|   65.03|   61.66|   68.47|  |   1.82|   1.75|   1.90|      1.81|  0.0162|     43.60|  1        |          5|Sy2
134|   SWIFT J0234.6-0848| 38.6620| -8.7925|   20.78|                       NGC 985|                               | 38.6574| -8.7876|   32.21|   29.33|   35.20|  |   2.12|   1.99|   2.25|      0.62|  0.0430|     44.16|  1        |          4|Sy1.5
135|   SWIFT J0235.3-2934| 38.8446|-29.6246|   10.96|                  ESO 416-G002|                               | 38.8061|-29.6047|   19.95|   16.73|   23.35|  |   1.61|   1.38|   1.85|      0.39|  0.0592|     44.24|  1        |          5|Sy1.9
136|   SWIFT J0238.2-5213| 39.5585|-52.2013|   19.41|                   ESO 198-024|                               | 39.5821|-52.1923|   30.43|   27.68|   33.27|  |   1.77|   1.65|   1.90|      0.90|  0.0455|     44.18|  1        |          4|Sy1
137|   SWIFT J0238.5-6119| 39.7053|-61.3284|    7.82|       2MASX J02384313-6117227|                               | 39.6796|-61.2896|   11.98|    9.05|   15.17|  |   1.74|   1.39|   2.13|      0.65|  0.0543|     43.94|  1        |          5|Sy2
138|   SWIFT J0238.8-4039| 39.7000|-40.6694|   10.40|       2MASX J02384897-4038377|                               | 39.7040|-40.6439|   13.68|   11.18|   16.38|  |   2.15|   1.89|   2.44|      0.19|  0.0618|     44.11|  1        |          4|Sy1
139|   SWIFT J0240.5+6118| 40.1765| 61.2142|   17.35|                  LS I +61 303|                               | 40.1319| 61.2293|   33.94|   30.71|   37.27|  |   1.68|   1.55|   1.82|      0.61|     NA |        NA|  1        |         13|HMXB
140|   SWIFT J0241.3-0816| 40.2907| -8.2341|   17.02|                      NGC 1052|                               | 40.2700| -8.2558|   31.17|   27.74|   34.73|  |   1.70|   1.55|   1.86|      0.94|  0.0050|     42.25|  1        |          5|Sy2
141|   SWIFT J0241.6+0711| 40.3741|  7.1757|    7.21|                       Mrk 595|                               | 40.3954|  7.1872|   11.46|    8.46|   14.86|  |   2.14|   1.75|   2.59|      0.66|  0.0270|     43.29|  1        |          4|Sy1.5
142|   SWIFT J0242.0+0516| 40.4725|  5.2077|    6.58|       2MASX J02420381+0510061|                               | 40.5158|  5.1684|   13.22|    9.22|   17.61| Y |   1.35|   0.91|   1.80|      0.31|  0.0690|     44.20|  1        |          5|Sy2
143|   SWIFT J0242.2+0531| 40.5805|  5.5145|    7.25|       2MASX J02421465+0530361|                               | 40.5610|  5.5100|    8.82|    5.90|   12.26| Y |   2.34|   1.81|   3.06|      1.09|  0.0690|     44.02|  1        |          4|Sy1
144|   SWIFT J0242.6+0000| 40.6629| -0.0035|   22.48|                      NGC 1068|                               | 40.6696| -0.0133|   41.86|   38.60|   45.25|  |   1.82|   1.72|   1.92|     12.04|  0.0038|     42.14|  1        |          5|Sy1.9
145|   SWIFT J0243.9+5324| 41.0810| 53.4215|    6.30|                   2MFGC 02171|                               | 41.0125| 53.4745|   10.77|    8.20|   13.58|  |   2.14|   1.80|   2.52|      0.96|  0.0352|     43.50|  1        |          5|Sy2
146|   SWIFT J0244.7-2433| 41.1319|-24.4878|    2.90|                ESO 479- G 031|                               | 41.1989|-24.5139|    3.69|    1.55|    6.61|  |   2.40|   1.40|   4.26|      0.35|  0.0235|     42.68|  1        |          5|Sy1.9
147|   SWIFT J0244.8+6227| 41.2423| 62.4702|   54.63|               [HB89] 0241+622|                               | 41.2404| 62.4685|   95.97|   93.03|   98.94|  |   1.95|   1.90|   1.99|      4.79|  0.0440|     44.65|  1        |          4|Sy1.2
148|   SWIFT J0245.2+1047| 41.3094| 10.7824|    9.39|                     4C +10.08|                               | 41.3061| 10.7897|   18.29|   14.57|   22.27|  |   1.71|   1.42|   2.01|      0.58|  0.0700|     44.35|  1        |          7|BZG
149|   SWIFT J0249.1+2627| 42.2201| 26.5045|   15.62|       2MASX J02485937+2630391|                               | 42.2472| 26.5109|   30.95|   27.25|   34.82|  |   1.66|   1.49|   1.82|      1.69|  0.0579|     44.41|  1        |          5|Sy2
150|   SWIFT J0250.4+4648| 42.5919| 46.7961|   12.73|       2MASX J02502722+4647295|                               | 42.6133| 46.7915|   21.75|   18.89|   24.77|  |   2.07|   1.88|   2.27|      1.75|  0.0220|     43.39|  1        |          5|Sy1.9
151|   SWIFT J0251.3+5441| 42.6966| 54.7145|   11.18|                   2MFGC 02280|                               | 42.6775| 54.7049|   23.90|   20.64|   27.33|  |   1.60|   1.41|   1.79|      1.74|  0.0152|     43.11|  1        |          5|Sy2
152|   SWIFT J0250.7+4142| 42.6875| 41.6943|    6.13|                      NGC 1106|                               | 42.6688| 41.6715|   17.66|   13.79|   21.69|  |   1.27|   0.97|   1.57|      1.03|  0.0145|     42.93|  1        |          5|Sy2
153|   SWIFT J0251.6-1639| 42.9268|-16.6607|    9.03|                      NGC 1125|                               | 42.9180|-16.6510|   14.35|   11.49|   17.46|  |   2.02|   1.74|   2.32|      2.13|  0.0110|     42.60|  1        |          5|Sy2
154|   SWIFT J0252.1-6758| 43.0468|-67.9516|    3.87|       2MASX J02513173-6803059|                               | 42.8826|-68.0515|    4.99|    2.68|    7.87|  |   2.32|   1.57|   3.52|      0.80|  0.1826|     44.68|  1        |          5|Sy2
155|   SWIFT J0252.3+4312| 43.1299| 43.1815|    7.03|                      FGC 0351|                               | 43.1418| 43.1674|   13.24|   10.24|   16.52|  |   1.99|   1.67|   2.35|      1.23|  0.0514|     43.93|  1        |          5|Sy2
156|   SWIFT J0252.7-0822| 43.1105| -8.5066|   15.20|                MCG -02-08-014|                               | 43.0975| -8.5104|   24.43|   21.50|   27.50|  |   2.00|   1.83|   2.17|      1.55|  0.0168|     43.20|  1        |          5|Sy2
157|   SWIFT J0255.2-0011| 43.8086| -0.1874|   30.91|                      NGC 1142|                               | 43.8008| -0.1836|   58.57|   54.99|   62.22|  |   1.74|   1.66|   1.82|      0.87|  0.0289|     44.06|  1        |          5|Sy2
158|   SWIFT J0256.2+1925| 44.0253| 19.4306|   18.85|                        XY Ari|                               | 44.0375| 19.4414|   30.48|   27.67|   33.38|  |   2.34|   2.21|   2.49|      2.01|     NA |        NA|  1        |          9|CV
159|   SWIFT J0256.4-3212| 44.0948|-32.1906|   15.03|                ESO 417- G 006|                               | 44.0898|-32.1856|   25.39|   22.40|   28.51|  |   1.77|   1.61|   1.93|      1.74|  0.0163|     43.19|  1        |          5|Sy2
160|   SWIFT J0259.0+1334| 44.7483| 13.5486|    7.05|                     ABELL 401|                               | 44.7373| 13.5823|    8.11|    6.80|    9.54|  |   4.76|   4.07|   5.69|      1.14|     NA |        NA|  1        |          3|Galaxy Cluster
161|   SWIFT J0259.9+4419| 45.0060| 44.2981|    5.10|       2MASX J02593756+4417180|                               | 44.9065| 44.2884|   10.58|    7.25|   14.29|  |   1.69|   1.23|   2.18|      0.70|  0.0313|     43.39|  1        |          4|Sy1
162|   SWIFT J0300.0-1048| 45.0154|-10.8264|   20.70|                MCG -02-08-038|                               | 45.0180|-10.8246|   34.57|   31.51|   37.74|  |   1.92|   1.80|   2.05|      1.58|  0.0326|     43.94|  1        |          4|Sy1.5
163|   SWIFT J0304.1-0108| 45.9758| -1.1079|   19.80|                      NGC 1194|                               | 45.9546| -1.1037|   36.85|   33.52|   40.33|  |   1.83|   1.71|   1.95|      2.07|  0.0136|     43.20|  1        |          5|Sy2
164|   SWIFT J0308.5-7251| 46.9353|-72.8258|    8.72|                ESO 031- G 008|                               | 46.8972|-72.8340|   13.03|   10.59|   15.65|  |   2.11|   1.85|   2.40|      2.35|  0.0276|     43.37|  1        |          4|Sy1
165|   SWIFT J0308.2-2258| 47.0416|-22.9474|    8.22|                      NGC 1229|                               | 47.0449|-22.9608|   13.73|   10.88|   16.82|  |   1.87|   1.58|   2.18|      1.38|  0.0360|     43.63|  1        |          5|Sy2
166|   SWIFT J0311.1+3241| 47.7017| 32.6688|    5.85|       2MASX J03104435+3239296|                               | 47.6850| 32.6580|    9.30|    6.97|   12.03|  |   2.58|   2.17|   3.07|      1.03|  0.1270|     44.61|  1        |          4|Sy1
167|   SWIFT J0311.5-2045| 47.8206|-20.7635|   13.72|               RX J0311.3-2046|                               | 47.8284|-20.7717|   21.81|   18.91|   24.85|  |   1.97|   1.78|   2.16|      0.50|  0.0670|     44.39|  1        |          4|Sy1.2
168|   SWIFT J0311.8-7653| 47.8505|-76.8722|    7.21|               [HB89] 0312-770|                               | 47.9802|-76.8641|   10.66|    8.06|   13.53|  |   1.97|   1.63|   2.34|      0.67|  0.2230|     45.21|  1        |          7|BZQ
169|   SWIFT J0311.9+5032| 48.0439| 50.5030|    6.37|       2MASX J03120291+5029147|                               | 48.0123| 50.4874|    9.18|    6.67|   12.08|  |   2.40|   1.95|   2.94|      2.85|  0.0615|     43.93|  1        |          4|Sy1.5
170|   SWIFT J0312.9+4121| 48.2785| 41.3202|    6.63|                 QSO B0309+411|                               | 48.2580| 41.3330|   11.77|    8.66|   15.27|  |   2.02|   1.61|   2.47|      0.79|  0.1360|     44.77|  1        |          4|Sy1
171|   SWIFT J0317.2+0116| 49.2849|  1.2563|    9.35|                MCG +00-09-042|                               | 49.2592|  1.2550|   16.59|   13.58|   19.85|  |   2.01|   1.77|   2.27|      2.04|  0.0238|     43.34|  1        |          5|Sy2
172|   SWIFT J0318.7+6828| 49.5973| 68.4903|   10.79|       2MASX J03181899+6829322|                               | 49.5791| 68.4921|   20.05|   16.93|   23.35|  |   1.71|   1.50|   1.93|      0.85|  0.0901|     44.62|  1        |          5|Sy1.9
173|   SWIFT J0319.7+4132| 49.9592| 41.5134|   69.32|                      NGC 1275|                               | 49.9507| 41.5117|   81.37|   79.52|   83.29|  |   3.58|   3.51|   3.65|     18.04|  0.0176|     43.77|  1        |          5|Sy1.9
174|   SWIFT J0324.8+3410| 51.1890| 34.1742|   13.60|                   1H 0323+342|                               | 51.1715| 34.1794|   28.42|   24.77|   32.23|  |   1.79|   1.60|   1.98|      0.69|  0.0610|     44.42|  1        |          7|BZQ
175|   SWIFT J0325.0-4154| 51.2532|-41.9177|    6.59|         LCRS B032315.2-420449|                               | 51.2595|-41.9048|    7.98|    5.94|   10.34|  |   2.46|   2.06|   2.96|      0.27|  0.0580|     43.82|  1        |          4|Sy1
176|   SWIFT J0324.9+4044| 51.3616| 40.7082|    8.25|               IRAS 03219+4031|                               | 51.3051| 40.6985|   17.60|   14.02|   21.43|  |   1.68|   1.39|   1.99|      0.83|  0.0477|     43.99|  1        |          5|Sy2
177|   SWIFT J0325.6-0907| 51.3608| -9.0876|    3.45|                            NA|                               |      NA|      NA|    5.71|    2.64|    9.52|  |   1.95|   1.12|   3.29|      0.43|     NA |        NA|  1        |          0|Unknown
178|   SWIFT J0326.0-5633| 51.4307|-56.5373|    6.56|       2MASX J03252346-5635443|                               | 51.3480|-56.5957|   10.47|    7.74|   13.48|  |   1.71|   1.35|   2.10|      0.75|  0.0602|     43.97|  1        |          7|BZG
179|   SWIFT J0328.4-2846| 52.1499|-28.7143|    8.09|                  PKS 0326-288|                               | 52.1522|-28.6989|   12.39|    9.65|   15.40|  |   1.93|   1.62|   2.26|      1.11|  0.1080|     44.58|  1        |          5|Sy2
180|   SWIFT J0331.3+0538| 52.7530|  5.6412|    5.65|       2MASX J03305218+0538253|                               | 52.7174|  5.6404|    9.41|    6.75|   12.42|  |   2.36|   1.94|   2.90|      1.33|  0.0460|     43.68|  1        |          4|Sy1
181|   SWIFT J0331.1+4355| 52.8010| 43.9136|   45.17|                        GK Per|                               | 52.7993| 43.9047|   62.57|   60.37|   64.80|  |   2.90|   2.84|   2.97|      9.46|     NA |        NA|  1        |          9|CV
182|   SWIFT J0331.4-0510| 52.8184| -5.1247|    4.84|                MCG -01-09-045|                               | 52.8459| -5.1418|    8.14|    5.14|   11.72|  |   1.97|   1.44|   2.60|      0.71|  0.0128|     42.49|  1        |          5|Sy2
183|   SWIFT J0333.3+3720| 53.3606| 37.2978|   11.33|       2MASX J03331873+3718107|                               | 53.3282| 37.3030|   22.28|   18.95|   25.80|  |   1.95|   1.74|   2.18|      0.53|  0.0558|     44.23|  1        |          4|Sy1.5
184|   SWIFT J0333.6-3607| 53.3899|-36.1410|   44.39|                      NGC 1365|                               | 53.4016|-36.1404|   66.85|   64.24|   69.52|  |   2.03|   1.98|   2.08|     15.96|  0.0055|     42.66|  1        |          4|Sy1
185|   SWIFT J0334.4-1515| 53.6033|-15.2554|    6.15|       2MASX J03342453-1513402|                               | 53.6022|-15.2277|   10.26|    7.44|   13.45|  |   1.92|   1.54|   2.34|      0.64|  0.0349|     43.47|  1        |          4|Sy1
186|   SWIFT J0334.9+5308| 53.7460| 53.1747|  381.21|                        BQ Cam|                               | 53.7495| 53.1732|  382.38|  380.87|  383.90|  |   4.03|   4.01|   4.04|    394.31|     NA |        NA|  1        |         13|HMXB
187|   SWIFT J0335.4+1907| 53.8672| 19.1285|    4.85|       2MASX J03352254+1907282|                               | 53.8438| 19.1244|    9.50|    6.18|   13.33|  |   1.94|   1.44|   2.53|      0.10|  0.1890|     45.00|  1        |          4|Sy1
188|   SWIFT J0336.6+3217| 54.1280| 32.2992|   18.83|                     4C +32.14|                               | 54.1255| 32.3082|   40.29|   36.63|   44.07|  |   1.76|   1.64|   1.89|      0.80|  1.2580|     47.58|  1        |          7|BZQ
189|   SWIFT J0342.0-2115| 55.5291|-21.2395|   22.18|                  ESO 548-G081|                               | 55.5155|-21.2444|   34.90|   31.96|   37.93|  |   1.98|   1.86|   2.10|      1.74|  0.0145|     43.23|  1        |          4|Sy1
190|   SWIFT J0345.2-3935| 56.2979|-39.5691|    8.40|         LCRS B034324.7-394349|                               | 56.3022|-39.5748|   11.04|    8.73|   13.58|  |   2.28|   1.97|   2.64|      0.74|  0.0431|     43.69|  1        |          4|Sy1.2
191|   SWIFT J0347.0-3027| 56.7712|-30.3976|    5.87|                  HE 0345-3033|                               | 56.7729|-30.3972|    7.73|    5.51|   10.25|  |   2.34|   1.92|   2.87|      0.57|  0.0950|     44.26|  1        |          4|Sy1
192|   SWIFT J0349.2-1159| 57.3646|-11.9854|    9.05|                 QSO B0347-121|                               | 57.3467|-11.9908|   13.79|   11.03|   16.82|  |   2.23|   1.93|   2.57|      0.16|  0.1800|     45.11|  1        |          7|BZG
193|   SWIFT J0350.1-5019| 57.6118|-50.3409|   11.80|       2MASX J03502377-5018354|                               | 57.5990|-50.3099|   21.58|   18.49|   24.80|  |   1.52|   1.33|   1.72|      0.93|  0.0365|     43.84|  1        |          5|Sy2
194|   SWIFT J0351.7-4030| 57.9884|-40.4881|    7.57|                  Fairall 1116|                               | 57.9237|-40.4665|   10.01|    7.85|   12.43|  |   2.26|   1.95|   2.62|      1.17|  0.0586|     43.93|  1        |          4|Sy1
195|   SWIFT J0353.4-6830| 58.2857|-68.5072|    9.92|                  PKS 0352-686|                               | 58.2396|-68.5214|   12.62|   10.40|   15.03|  |   2.33|   2.06|   2.63|      0.73|  0.0870|     44.39|  1        |          7|BZB
196|   SWIFT J0353.7+3711| 58.4520| 37.1998|    6.47|       2MASX J03534246+3714077|                               | 58.4270| 37.2350|   10.77|    7.77|   14.21|  |   2.25|   1.80|   2.79|      0.84|  0.0183|     42.92|  1        |          5|Sy2
197|   SWIFT J0354.2+0250| 58.5316|  2.8474|    8.20|       2MASX J03540948+0249307|                               | 58.5395|  2.8252|   13.79|   10.93|   16.98|  |   2.28|   1.97|   2.62|      0.37|  0.0360|     43.63|  1        |          4|Sy1.5
198|   SWIFT J0355.5+3101| 58.8470| 31.0474|  414.34|                         X Per|                               | 58.8462| 31.0458|  713.94|  710.62|  717.27|  |   2.19|   2.18|   2.19|    480.26|     NA |        NA|  1        |         13|HMXB
199|   SWIFT J0357.5-6255| 59.1071|-62.8585|    8.71|       2MASX J03561995-6251391|                               | 59.0830|-62.8610|   11.72|    9.32|   14.33|  |   2.13|   1.84|   2.47|      2.11|  0.1076|     44.55|  1        |          5|Sy1.9
200|   SWIFT J0356.9-4041| 59.2083|-40.6924|    9.93|       2MASX J03565655-4041453|                               | 59.2356|-40.6960|   14.89|   12.08|   17.93|  |   1.82|   1.55|   2.11|      1.31|  0.0747|     44.32|  1        |          5|Sy2
201|   SWIFT J0357.6+4153| 59.3833| 41.9013|    5.75|       2MASX J03574513+4155049|                               | 59.4380| 41.9181|   10.59|    7.59|   13.99|  |   2.17|   1.75|   2.68|      0.71|  0.0518|     43.84|  1        |          5|Sy2
202|  SWIFT J0359.0-3015A| 59.8120|-30.1959|    8.27|       SARS 059.33488-30.34397|                               | 59.8354|-30.2027|   12.34|    9.76|   15.18| Y |   2.23|   1.91|   2.60|      0.98|  0.0973|     44.48|  1        |          5|Sy1.9
203|  SWIFT J0359.0-3015B| 59.5915|-30.4337|    3.29|       SARS 059.28692-30.44439|                               | 59.7868|-30.3029|    6.51|    3.68|    9.80| Y |   1.64|   1.03|   2.29|      0.83|  0.0939|     44.17|  1        |          5|Sy2
204|   SWIFT J0359.7+5058| 59.9021| 50.9928|    9.48|                     4C +50.11|                               | 59.8739| 50.9639|   20.76|   17.19|   24.48|  |   1.58|   1.34|   1.82|      0.51|  1.5200|     47.50|  1        |          7|BZQ
205|   SWIFT J0402.4-1807| 60.5854|-18.0680|   12.30|                ESO 549- G 049|                               | 60.6070|-18.0480|   22.02|   18.77|   25.44|  |   1.76|   1.55|   1.97|      0.10|  0.0263|     43.55|  1        |          5|Sy1.9
206|   SWIFT J0404.0-3604| 60.9337|-36.1109|    7.49|                  PKS 0402-362|                               | 60.9740|-36.0839|   13.30|   10.29|   16.53|  |   1.70|   1.39|   2.05|      1.17|  1.4170|     47.23|  1        |          7|BZQ
207|   SWIFT J0405.3-3707| 61.3292|-37.1741|    8.09|                ESO 359- G 019|                               | 61.2570|-37.1875|   11.92|    9.27|   14.85|  |   2.01|   1.68|   2.37|      1.32|  0.0552|     43.95|  1        |          4|Sy1
208|   SWIFT J0405.5-1307| 61.3941|-13.1257|    6.67|               [HB89] 0403-132|                               | 61.3917|-13.1371|   10.74|    7.69|   14.15|  |   1.93|   1.53|   2.40|      0.18|  0.5706|     46.16|  1        |          7|BZQ
209|   SWIFT J0407.4+0339| 61.8064|  3.6963|   11.85|                        3C 105|                               | 61.8186|  3.7072|   23.30|   19.85|   26.97|  |   1.89|   1.69|   2.10|      0.81|  0.0890|     44.68|  1        |          5|Sy2
210|   SWIFT J0413.3+1659| 63.3666| 16.9456|    7.25|              MG1 J041325+1659|                               | 63.3419| 16.9974|   17.13|   13.25|   21.31|  |   1.76|   1.45|   2.10|      1.11|     NA |        NA|  1        |          7|BZQ
211|   SWIFT J0413.5+1027| 63.3712| 10.4543|    6.08|                     ABELL 478|                               | 63.3362| 10.4764|    6.35|    5.00|    7.85|  |   5.20|   4.16|   6.87|      1.26|     NA |        NA|  1        |          3|Galaxy Cluster
212|   SWIFT J0413.8+1112| 63.4269| 11.2216|    6.25|                        3C 109|                               | 63.4182| 11.2038|   10.50|    7.79|   13.63|  |   2.50|   2.08|   3.01|      0.92|  0.3056|     45.51|  1        |          4|Sy1.8
213|   SWIFT J0414.8-0754| 63.7244| -7.9134|   15.35|               IRAS 04124-0803|                               | 63.7195| -7.9278|   22.55|   19.88|   25.36|  |   2.36|   2.18|   2.56|      0.79|  0.0379|     43.89|  1        |          4|Sy1.5
214|   SWIFT J0418.3+3800| 64.5933| 38.0257|   58.23|                      3C 111.0|                               | 64.5887| 38.0266|  117.49|  113.99|  121.03|  |   1.97|   1.93|   2.02|      4.56|  0.0485|     44.83|  1        |          4|Sy1.2
215|   SWIFT J0419.9+5600| 64.9318| 56.0422|    8.29|                 XTE J0421+560|                               | 64.9255| 55.9994|   11.60|    9.33|   14.13|  |   2.57|   2.25|   2.94|      1.68|     NA |        NA|  1        |         13|HMXB
216|   SWIFT J0420.0-5457| 64.9535|-54.9466|   11.73|                      NGC 1566|                               | 65.0017|-54.9378|   19.40|   16.47|   22.47|  |   1.72|   1.51|   1.93|      1.00|  0.0050|     42.04|  1        |          4|Sy1.5
217|   SWIFT J0422.7-5611| 65.6245|-56.2055|   12.94|                ESO 157- G 023|                               | 65.6007|-56.2260|   22.83|   19.89|   25.90|  |   1.64|   1.48|   1.82|      0.98|  0.0435|     44.02|  1        |          5|Sy2
218|   SWIFT J0423.5+0414| 65.9158|  4.1457|   12.30|       2MASX J04234080+0408017|                               | 65.9199|  4.1338|   23.83|   20.41|   27.43|  |   1.95|   1.76|   2.15|      1.71|  0.0450|     44.07|  1        |          5|Sy2
219|   SWIFT J0426.1-1945| 66.5231|-19.7400|    3.07|                        IW Eri|                               | 66.4802|-19.7584|    3.39|    2.15|    4.91|  |   4.33|   3.12|   6.95|      1.17|     NA |        NA|  1        |          9|CV
220|   SWIFT J0426.2-5711| 66.5128|-57.2009|   19.07|                   1H 0419-577|                               | 66.5035|-57.2001|   23.52|   21.40|   25.74|  |   2.52|   2.37|   2.67|      1.00|  0.1040|     44.82|  1        |          4|Sy1.5
221|   SWIFT J0427.6-1201| 66.8548|-12.0424|    4.58|                 MCG-02-12-017|                               | 66.7559|-12.0595|    7.47|    4.73|   10.69|  |   1.92|   1.41|   2.48|      1.53|  0.0329|     43.28|  1        |          5|Sy2
222|  SWIFT J0428.2-6704A| 66.9811|-67.1608|    5.57|     SWIFT J042749.42-670436.1|                               | 66.9571|-67.0764|   11.54|    8.32|   15.05| Y |   1.24|   0.81|   1.65|      0.98|     NA |        NA|  1        |         14|LMXB
223|  SWIFT J0428.2-6704B| 67.5214|-66.9844|    4.85|       2MASX J04294735-6703205|                               | 67.4538|-67.0539|    5.99|    3.85|    8.58| Y |   2.33|   1.75|   3.06|      0.80|  0.0648|     43.80|  1        |          4|Sy1.2
224|   SWIFT J0429.6-2114| 67.4377|-21.2136|    4.57|       2MASX J04293830-2109441|                               | 67.4095|-21.1622|    9.96|    6.29|   14.12|  |   1.35|   0.74|   1.96|      1.44|  0.0703|     44.09|  1        |          4|Sy1.2
225|   SWIFT J0431.3-6127| 67.8291|-61.4170|   12.84|                    ABELL 3266|                               | 67.7997|-61.4063|   11.58|   10.27|   13.00|  |   3.99|   3.61|   4.43|      0.90|     NA |        NA|  1        |          3|Galaxy Cluster
226|   SWIFT J0433.0+0521| 68.2954|  5.3481|   52.85|                        3C 120|                               | 68.2962|  5.3543|  103.19|   99.57|  106.85|  |   1.97|   1.92|   2.02|      1.52|  0.0330|     44.43|  1        |          4|Sy1
227|   SWIFT J0433.5-5846| 68.4420|-58.7697|    3.74|       2MASX J04332716-5843346|                               | 68.3638|-58.7263|    4.20|    1.67|    7.53|  |   2.22|   1.21|   4.56|      1.94|  0.1023|     44.06|  1        |          5|Sy1.9
228|   SWIFT J0436.3-1022| 69.0905|-10.3766|    9.41|                       Mrk 618|                               | 69.0930|-10.3760|   14.30|   11.55|   17.31|  |   2.19|   1.91|   2.50|      0.45|  0.0355|     43.63|  1        |          4|Sy1.2
229|   SWIFT J0437.4-4713| 69.3997|-47.2303|    7.24|       2MASX J04372814-4711298|                               | 69.3673|-47.1915|   10.56|    7.79|   13.67|  |   1.89|   1.50|   2.30|      2.91|  0.0530|     43.86|  1        |          4|Sy1
230|   SWIFT J0438.2-1048| 69.5571|-10.7858|   13.12|                MCG -02-12-050|                               | 69.5591|-10.7959|   21.33|   18.40|   24.43|  |   2.04|   1.85|   2.25|      1.78|  0.0364|     43.83|  1        |          4|Sy1.2
231|   SWIFT J0440.2-5941| 70.0506|-59.6784|    8.03|          ESO 118-IG 033 NED01|                               | 69.9960|-59.6817|   11.78|    9.23|   14.58|  |   2.03|   1.72|   2.36|      1.36|  0.0577|     43.98|  1        |          5|Sy2
232|   SWIFT J0440.9+2741| 70.2054| 27.6466|    7.98|       2MASX J04404770+2739466|                               | 70.1989| 27.6631|   14.73|   11.49|   18.29|  |   2.26|   1.93|   2.65|      0.58|  0.0364|     43.67|  1        |          4|Sy1.5
233|   SWIFT J0440.8+4432| 70.2269| 44.5526|   28.58|               RX J0440.9+4431|                               | 70.2472| 44.5304|   50.28|   47.14|   53.50|  |   2.29|   2.19|   2.39|      0.79|     NA |        NA|  1        |         13|HMXB
234|   SWIFT J0441.2-2704| 70.3344|-27.1350|    8.20|               IRAS 04392-2713|                               | 70.3441|-27.1389|   11.60|    9.06|   14.41|  |   2.16|   1.84|   2.52|      0.39|  0.0835|     44.31|  1        |          4|Sy1.5
235|   SWIFT J0441.8-0823| 70.4417| -8.3812|    4.92|         1RXS J044154.5-082639|                               | 70.4746| -8.4428|    8.49|    5.47|   11.95|  |   1.96|   1.45|   2.57|      0.39|  0.0440|     43.60|  1        |          4|Sy1
236|   SWIFT J0443.9+2856| 70.9426| 28.9711|   16.40|                     UGC 03142|                               | 70.9450| 28.9718|   36.65|   32.79|   40.64|  |   1.84|   1.70|   1.99|      1.15|  0.0217|     43.61|  1        |          5|Sy1.9
237|   SWIFT J0444.1+2813| 71.0245| 28.2237|   19.09|       2MASX J04440903+2813003|                               | 71.0376| 28.2168|   41.94|   38.00|   46.00|  |   1.85|   1.72|   1.99|      0.31|  0.0113|     43.09|  1        |          5|Sy2
238|   SWIFT J0445.0-2816| 71.1475|-28.2034|   10.28|                   PKS 0442-28|                               | 71.1571|-28.1651|   15.09|   12.40|   17.97|  |   2.08|   1.83|   2.36|      0.29|  0.1470|     44.96|  1        |          5|Sy2
239|   SWIFT J0446.4+1828| 71.6300| 18.4484|    6.05|                      UGC 3157|                               | 71.6240| 18.4609|   12.87|    9.40|   16.68|  |   1.96|   1.60|   2.37|      1.79|  0.0154|     42.85|  1        |          5|Sy1.9
240|   SWIFT J0449.6-5515| 72.4087|-55.2405|    4.88|       2MASX J04500193-5512404|                               | 72.5082|-55.2112|    8.56|    5.75|   11.64|  |   1.60|   1.16|   2.08|      0.49|  0.0216|     42.97|  1        |          5|Sy2
241|   SWIFT J0451.5-6949| 72.8157|-69.7975|   18.73|        SWIFT J045106.8-694803|                               | 72.7785|-69.8008|   24.29|   22.18|   26.51|  |   2.45|   2.32|   2.60|      4.00|     NA |        NA|  1        |         13|HMXB
242|   SWIFT J0451.4-0346| 72.8991| -3.8068|   15.99|                MCG -01-13-025|                               | 72.9229| -3.8094|   31.51|   27.87|   35.30|  |   1.84|   1.68|   2.01|      1.66|  0.0159|     43.27|  1        |          4|Sy1.5
243|   SWIFT J0450.7-5813| 72.9067|-58.2042|   11.36|                       RBS 594|                               | 72.9335|-58.1835|   15.85|   13.12|   18.77|  |   2.00|   1.76|   2.27|      0.86|  0.0907|     44.53|  1        |          4|Sy1
244|   SWIFT J0452.2+4933| 73.0066| 49.5280|   26.29|         1RXS J045205.0+493248|                               | 73.0208| 49.5459|   51.72|   48.21|   55.31|  |   1.90|   1.81|   2.00|      1.27|  0.0290|     44.01|  1        |          4|Sy1.5
245|   SWIFT J0453.4+0404| 73.3457|  4.0712|   14.72|                  CGCG 420-015|                               | 73.3573|  4.0616|   28.21|   24.81|   31.81|  |   2.03|   1.86|   2.21|      1.92|  0.0294|     43.76|  1        |          5|Sy2
246|   SWIFT J0454.6-4315| 73.6580|-43.2460|    7.04|       2MASX J04544295-4314231|                               | 73.6788|-43.2397|   11.23|    8.59|   14.12|  |   1.89|   1.57|   2.23|      1.05|  0.0877|     44.35|  1        |          5|Sy1.9
247|   SWIFT J0456.3-7532| 73.9657|-75.5249|   14.43|                ESO 033- G 002|                               | 73.9957|-75.5412|   21.56|   18.99|   24.27|  |   2.07|   1.90|   2.25|      0.61|  0.0181|     43.22|  1        |          5|Sy2
248|   SWIFT J0457.1+4528| 74.2605| 45.4706|   13.20|         1RXS J045707.4+452751|                               | 74.2846| 45.4639|   21.05|   18.30|   23.99|  |   2.54|   2.33|   2.79|      0.47|     NA |        NA|  1        |          9|CV
249|   SWIFT J0459.9+2703| 74.9878| 27.0587|   11.94|                     4C +27.14|                               | 74.9837| 27.1007|   25.58|   22.08|   29.21|  |   2.08|   1.89|   2.28|      2.41|  0.0610|     44.37|  1        |          5|Sy2
250|   SWIFT J0459.7+3502| 74.9838| 35.0226|    5.56|       2MASX J04595677+3502536|                               | 74.9869| 35.0483|   10.64|    7.60|   14.09|  |   2.20|   1.80|   2.67|      1.16|  0.0444|     43.70|  1        |          5|Sy2
251|   SWIFT J0501.2-7041| 75.2287|-70.6914|   15.76|               IGR J05007-7047|                               | 75.1919|-70.7433|   19.95|   17.83|   22.15|  |   2.51|   2.34|   2.69|      1.56|     NA |        NA|  1        |         13|HMXB
252|   SWIFT J0502.1+0332| 75.5661|  3.5373|   11.15|       2MASX J05020903+0331499|                               | 75.5377|  3.5306|   23.22|   19.53|   27.14|  |   1.89|   1.67|   2.12|      0.55|  0.0160|     43.14|  1        |          4|Sy1
253|   SWIFT J0502.4+2446| 75.6203| 24.7451|   15.43|                     V1062 Tau|                               | 75.6145| 24.7564|   26.69|   23.88|   29.65|  |   2.69|   2.50|   2.89|      1.70|     NA |        NA|  1        |          9|CV/Nova
254|   SWIFT J0503.0+2302| 75.7413| 22.9889|    8.76|                   LEDA 097068|                               | 75.7426| 22.9977|   18.31|   15.17|   21.75|  |   2.26|   2.01|   2.54|      1.77|  0.0577|     44.18|  1        |          4|Sy1.5
255|   SWIFT J0503.7-2819| 75.8786|-28.2199|    2.93|             1WGA J0503.8-2823|                               | 75.8927|-28.2815|    3.69|    1.21|    7.46|  |   2.38|   1.07|   6.43|      0.78|     NA |        NA|  1        |          9|CV
256|   SWIFT J0504.6-7345| 76.0870|-73.8062|    6.46|       2MASX J05043414-7349269|                               | 76.1425|-73.8242|   10.08|    7.17|   13.31|  |   1.82|   1.39|   2.31|      1.00|  0.0452|     43.70|  1        |          5|Sy2
257|   SWIFT J0505.6-6735| 76.4548|-67.5959|    6.86|       2MASX J05052442-6734358|                               | 76.3517|-67.5766|    9.27|    6.98|   11.81|  |   2.21|   1.85|   2.62|      1.64|  0.0465|     43.69|  1        |          5|Sy2
258|   SWIFT J0505.8-2351| 76.4320|-23.8535|   31.30|       2MASX J05054575-2351139|                               | 76.4405|-23.8539|   53.69|   50.45|   57.00|  |   1.78|   1.70|   1.86|      0.98|  0.0350|     44.19|  1        |          5|Sy2
259|   SWIFT J0507.7+6732| 76.8945| 67.5764|    5.98|          87GB 050246.4+673341|                               | 76.9844| 67.6234|    8.23|    5.74|   11.10|  |   2.43|   1.93|   3.12|      0.66|  0.3140|     45.43|  1        |          7|BZB
260|   SWIFT J0508.1+1727| 77.0930| 17.4039|   12.56|            CGCG 468-002 NED01|                               | 77.0820| 17.3630|   25.74|   22.22|   29.49|  |   2.10|   1.90|   2.31|      0.90|  0.0175|     43.26|  1        |          5|Sy1.9
261|   SWIFT J0510.7+1629| 77.7157| 16.5098|   49.82|               IRAS 05078+1626|                               | 77.6896| 16.4989|   99.92|   96.26|  103.64|  |   2.11|   2.05|   2.16|      2.53|  0.0179|     43.87|  1        |          4|Sy1.5
262|   SWIFT J0512.1-1830| 77.9895|-18.4615|    3.99|                ESO 553- G 022|                               | 77.9908|-18.4939|    6.23|    3.16|    9.97|  |   1.95|   1.19|   3.02|      1.43|  0.0421|     43.42|  1        |          5|Sy2
263|   SWIFT J0513.8+6627| 78.4444| 66.4208|    6.81|                  CGCG 307-007|                               | 78.3183| 66.4639|   10.62|    8.04|   13.47|  |   2.13|   1.79|   2.53|      1.47|  0.0149|     42.74|  1        |          5|Sy2
264|   SWIFT J0514.2-4002| 78.5248|-40.0492|   46.24|          CXO J051406.4-400238|                               | 78.5269|-40.0439|   47.79|   45.94|   49.69|  |   3.16|   3.07|   3.25|      3.05|     NA |        NA|  1        |         14|LMXB
265|   SWIFT J0515.3+1854| 78.8449| 18.9218|   10.18|       2MASX J05151978+1854515|                               | 78.8324| 18.9143|   24.04|   20.27|   28.01|  |   1.91|   1.69|   2.13|      1.39|  0.0236|     43.49|  1        |          5|Sy2
266|   SWIFT J0516.2-0009| 79.0600| -0.1520|   36.77|                       Ark 120|                               | 79.0476| -0.1498|   67.00|   63.62|   70.46|  |   2.10|   2.03|   2.18|      3.01|  0.0323|     44.22|  1        |          4|Sy1
267|   SWIFT J0516.3+1928| 79.0993| 19.4540|    8.56|                   2MFGC 04298|                               | 79.0947| 19.4531|   18.94|   15.39|   22.76|  |   2.06|   1.79|   2.35|      0.61|  0.0212|     43.30|  1        |          5|Sy2
268|   SWIFT J0516.4-1034| 79.0946|-10.5544|    9.15|                MCG -02-14-009|                               | 79.0882|-10.5615|   15.54|   12.71|   18.60|  |   2.15|   1.90|   2.43|      3.30|  0.0285|     43.47|  1        |          4|Sy1
269|   SWIFT J0501.9-3239| 79.8845|-32.6592|   33.40|                    ESO 362-18|                               | 79.8993|-32.6578|   50.61|   47.67|   53.63|  |   1.91|   1.83|   1.99|      1.80|  0.0125|     43.26|  1        |          4|Sy1.5
270|   SWIFT J0519.5-4545| 79.9627|-45.7736|   24.23|                      PICTOR A|                               | 79.9570|-45.7790|   36.06|   33.16|   39.03|  |   1.94|   1.82|   2.05|      1.69|  0.0351|     44.02|  1        |          4|Sy1
271|   SWIFT J0520.9-7156| 80.0901|-71.9552|   21.99|                       LMC X-2|                               | 80.1168|-71.9648|   20.36|   19.38|   21.36|  |   6.23|   5.89|   6.62|      1.04|     NA |        NA|  1        |         14|LMXB
272|   SWIFT J0521.0-2522| 80.1900|-25.3415|    6.21|       2MASX J05210136-2521450|                               | 80.2561|-25.3626|    8.98|    6.52|   11.75|  |   2.26|   1.88|   2.73|      0.86|  0.0426|     43.59|  1        |          5|Sy2
273|   SWIFT J0519.5-3140| 80.7404|-36.4684|   24.13|                   PKS 0521-36|                               | 80.7416|-36.4586|   36.72|   33.85|   39.68|  |   1.95|   1.84|   2.06|      1.65|  0.0553|     44.44|  1        |          4|Sy1
274|   SWIFT J0524.1-1210| 81.0464|-12.1934|   11.17|               IRAS 05218-1212|                               | 81.0271|-12.1666|   18.56|   15.61|   21.69|  |   2.10|   1.88|   2.34|      0.97|  0.0490|     44.03|  1        |          4|Sy1.5
275|   SWIFT J0524.9+4246| 81.1484| 42.7550|    6.13|                        Paloma|                               | 81.1272| 42.7473|    8.90|    6.73|   11.42|  |   3.07|   2.57|   3.74|      0.41|     NA |        NA|  1        |          9|CV
276|   SWIFT J0525.1-2339| 81.2805|-23.6729|    4.93|                PMN J0525-2338|                               | 81.2771|-23.6363|    8.84|    5.88|   12.19|  |   1.81|   1.36|   2.32|      0.79|  3.1000|     47.88|  1        |          7|BZQ
277|   SWIFT J0525.3-4600| 81.3196|-45.9948|    9.46|                  PKS 0524-460|                               | 81.3808|-45.9652|   19.01|   15.60|   22.61|  |   1.39|   1.14|   1.65|      0.42|  0.0421|     43.91|  1        |          4|Sy1
278|   SWIFT J0525.6+2416| 81.3564| 24.2393|   11.58|         1RXS J052523.2+241331|                               | 81.3437| 24.2255|   21.32|   18.51|   24.36|  |   2.69|   2.46|   2.94|      1.76|     NA |        NA|  1        |          9|CV
279|   SWIFT J0526.2-2118| 81.6159|-21.2886|   11.48|                ESO 553- G 043|                               | 81.6135|-21.2866|   19.68|   16.66|   22.86|  |   1.87|   1.67|   2.09|      1.60|  0.0278|     43.55|  1        |          5|Sy2
280|   SWIFT J0528.1-3933| 82.0905|-39.5219|    6.09|                ESO 306-IG 001|                               | 82.0104|-39.5764|    9.16|    6.17|   12.56|  |   1.95|   1.44|   2.56|      1.74|  0.0370|     43.48|  1        |          4|Sy1
281|   SWIFT J0529.2-3247| 82.3486|-32.8207|   55.21|                        TV Col|                               | 82.3560|-32.8179|   62.39|   60.38|   64.44|  |   2.82|   2.76|   2.88|     10.08|     NA |        NA|  1        |          9|CV
282|   SWIFT J0530.8+1333| 82.7536| 13.5819|    5.89|                  PKS 0528+134|                               | 82.7351| 13.5320|   15.89|   11.46|   20.73|  |   1.46|   1.06|   1.86|      0.42|  2.0600|     47.71|  1        |          7|BZQ
283|  SWIFT J0532.5-6623A| 83.2206|-66.4002|  263.68|                       LMC X-4|                               | 83.2075|-66.3705|  313.06|  311.19|  314.94|  |   2.80|   2.79|   2.81|   1148.80|     NA |        NA|  1        |         13|HMXB
284|  SWIFT J0532.5-6623B| 83.1577|-66.2887|  218.51|               RX J0531.2-6609|                               | 82.8054|-66.1181|  104.49|  102.62|  106.36| Y |   2.81|   2.78|   2.85|    135.94|     NA |        NA|  1        |         13|HMXB
285|   SWIFT J0532.9+1343| 83.2971| 13.7154|    4.51|       2MASX J05325752+1345092|                               | 83.2397| 13.7525|   11.85|    7.72|   16.43|  |   1.62|   1.14|   2.16|      1.01|  0.0240|     43.20|  1        |          5|Sy1.9
286|   SWIFT J0533.9-1318| 83.4828|-13.2839|    5.98|                MCG -02-15-004|                               | 83.4589|-13.3553|   10.27|    7.30|   13.66|  |   1.97|   1.57|   2.43|      0.74|  0.0288|     43.30|  1        |          5|Sy2
287|   SWIFT J0534.6+2204| 83.6317| 22.0168|11484.17|                          Crab|                               | 83.6332| 22.0145|23861.50|23857.80|23865.30|  |   2.15|   2.15|   2.15|      0.00|     NA |        NA|  1        |         10|Pulsar
288|   SWIFT J0535.1-5801| 83.7083|-58.0133|   17.13|                        TW Pic|                               | 83.7110|-58.0280|   17.50|   15.86|   19.23|  |   3.21|   3.00|   3.45|      0.56|     NA |        NA|  1        |          9|CV
289|   SWIFT J0535.2+2830| 83.8446| 28.2979|    3.50|     SWIFT J053457.91+282837.9|                               | 83.7404| 28.4772|    6.13|    3.71|    9.07|  |   2.85|   2.15|   3.98|      0.96|     NA |        NA|  1        |          9|CV
290|   SWIFT J0535.3-0520| 83.8014| -5.3364|    4.95|             Trapezium Cluster|                               | 83.8187| -5.3872|    5.30|    3.51|    7.73|  |   3.50|   2.59|   4.93|      0.83|     NA |        NA|  1        |         12|Open star cluster
291|   SWIFT J0535.4+4013| 83.8819| 40.1667|    6.96|       2MASX J05353211+4011152|                               | 83.8838| 40.1877|   16.57|   12.81|   20.67|  |   1.68|   1.38|   2.00|      1.68|  0.0199|     43.19|  1        |          4|Sy1
292|   SWIFT J0538.3+2147| 84.4426| 21.1293|   11.59|            SWIFT J0538.3+2147|                               | 84.4496| 21.1257|   18.93|   16.62|   21.45|  |   3.20|   2.93|   3.50|      2.06|     NA |        NA|  1        |          0|confused source
293|   SWIFT J0539.0-6406| 84.7065|-64.1088|   15.12|                       LMC X-3|                               | 84.7346|-64.0842|   21.97|   19.30|   24.77|  |   2.04|   1.87|   2.23|      2.07|     NA |        NA|  1        |         13|HMXB
294|   SWIFT J0538.8+2620| 84.7263| 26.3166|  569.96|                   1A 0535+262|                               | 84.7274| 26.3158|  993.96|  990.88|  996.97|  |   2.59|   2.59|   2.60|   2088.74|     NA |        NA|  1        |         13|HMXB
295|   SWIFT J0539.5-6943| 84.9399|-69.7456|   27.82|                       LMC X-1|                               | 84.9113|-69.7433|   32.96|   30.83|   35.15|  |   2.61|   2.50|   2.73|      0.61|     NA |        NA|  1        |         13|HMXB
296|   SWIFT J0539.9-2839| 84.9634|-28.6795|   12.96|               [HB89] 0537-286|                               | 84.9762|-28.6655|   27.41|   23.73|   31.23|  |   1.35|   1.16|   1.54|      0.07|  3.1040|     48.37|  1        |          7|BZQ
297|   SWIFT J0539.9-6919| 84.9970|-69.3581|   31.54|                  PSR B0540-69|                               | 85.0322|-69.3348|   46.64|   43.96|   49.37|  |   2.00|   1.91|   2.08|      0.90|     NA |        NA|  1        |         10|Pulsar
298|   SWIFT J0541.5-6826| 85.4491|-68.4280|   17.02|         XMMU J054134.7-682550|                               | 85.3946|-68.4306|   17.59|   15.93|   19.33|  |   3.16|   2.96|   3.39|      2.22|     NA |        NA|  1        |         13|HMXB
299|   SWIFT J0542.6+6051| 85.7189| 60.8612|   25.73|                        BY Cam|                               | 85.7038| 60.8588|   33.92|   31.72|   36.17|  |   2.76|   2.65|   2.89|      4.32|     NA |        NA|  1        |          9|CV
300|   SWIFT J0543.2-4104| 85.8143|-41.0293|   12.88|                        TX Col|                               | 85.8348|-41.0319|   13.71|   12.08|   15.46|  |   3.34|   3.06|   3.67|      1.15|     NA |        NA|  1        |          9|CV
301|   SWIFT J0543.9-2749| 85.9092|-27.6625|    9.85|                MCG -05-14-012|                               | 85.8873|-27.6514|   16.26|   13.40|   19.30|  |   1.93|   1.70|   2.18|      1.18|  0.0099|     42.56|  1        |          4|Sy1
302|   SWIFT J0544.4-4328| 86.0470|-43.4289|    4.81|       2MASX J05440009-4325265|                               | 86.0000|-43.4240|    7.15|    4.71|   10.00|  |   2.22|   1.70|   2.90|      1.17|  0.0442|     43.53|  1        |          5|Sy2
303|   SWIFT J0544.4+5909| 86.1178| 59.1380|   11.58|       2MASX J05442257+5907361|                               | 86.0941| 59.1267|   24.01|   20.51|   27.67|  |   1.65|   1.45|   1.86|      0.91|  0.0660|     44.42|  1        |          5|Sy1.9
304|   SWIFT J0547.3+5042| 86.8041| 50.6551|   11.62|       2MASX J05471492+5038251|                               | 86.8121| 50.6404|   22.64|   19.27|   26.22|  |   1.89|   1.68|   2.10|      1.29|  0.0360|     43.85|  1        |          5|Sy2
305|   SWIFT J0548.4-4748| 87.0475|-47.7438|    6.00|          ESO 205-IG 003 NED01|                               | 87.1092|-47.7588|    7.65|    5.48|   10.20|  |   2.48|   2.03|   3.07|      0.73|  0.0505|     43.68|  1        |          5|Sy2
306|  SWIFT J0550.7-3212A| 87.6926|-32.2707|   29.88|                  PKS 0548-322|                               | 87.6699|-32.2716|   31.62|   29.21|   34.14| Y |   2.55|   2.42|   2.69|      7.60|  0.0690|     44.58|  1        |          7|BZB
307|  SWIFT J0550.7-3215B| 87.7630|-32.2610|   25.60|         2XMM J055054.3-321616|                               | 87.7266|-32.2713|    8.87|    5.59|   12.44| Y |   1.33|   0.83|   1.85|      2.27|     NA |        NA|  1        |          7|Beamed AGN
308|   SWIFT J0552.2-0727| 88.0479| -7.4558|  161.74|                      NGC 2110|                               | 88.0474| -7.4562|  311.51|  307.84|  315.21|  |   1.80|   1.78|   1.81|      2.29|  0.0078|     43.64|  1        |          5|Sy2
309|   SWIFT J0552.5+5929| 88.0922| 59.4850|   11.08|               IRAS 05480+5927|                               | 88.1169| 59.4756|   16.65|   14.14|   19.30|  |   2.39|   2.17|   2.65|      2.49|  0.0585|     44.15|  1        |          4|Sy1
310|   SWIFT J0554.8+4625| 88.7181| 46.4391|   73.04|                MCG +08-11-011|                               | 88.7234| 46.4393|  134.11|  130.83|  137.42|  |   2.07|   2.04|   2.11|      8.16|  0.0205|     44.12|  1        |          4|Sy1.5
311|   SWIFT J0555.5+3946| 88.9223| 39.8013|    5.78|               [HB89] 0552+398|                               | 88.8784| 39.8137|   13.74|    9.93|   17.94|  |   1.68|   1.28|   2.09|      0.46|  2.3650|     47.79|  1        |          7|BZQ
312|   SWIFT J0558.0+5352| 89.5066| 53.8924|   25.14|                      V405 Aur|                               | 89.4970| 53.8958|   36.40|   34.02|   38.88|  |   2.68|   2.57|   2.80|      5.00|     NA |        NA|  1        |          9|CV
313|   SWIFT J0557.9-3822| 89.5154|-38.3436|   21.28|       2MASX J05580206-3820043|                               | 89.5083|-38.3346|   29.11|   26.68|   31.64|  |   2.29|   2.16|   2.42|      2.96|  0.0339|     43.90|  1        |          4|Sy1.2
314|   SWIFT J0559.8-5028| 89.9181|-50.4463|   13.45|                  PKS 0558-504|                               | 89.9474|-50.4477|   17.76|   15.15|   20.55|  |   2.18|   1.97|   2.42|      1.29|  0.1372|     44.96|  1        |          4|Sy1
315|   SWIFT J0600.7+0008| 90.1566|  0.1227|    9.06|               IRAS 05581+0006|                               | 90.1670|  0.1053|   16.08|   12.71|   19.75|  |   2.04|   1.74|   2.37|      0.49|  0.1147|     44.75|  1        |          5|Sy1.9
316|   SWIFT J0602.2+2829| 90.5488| 28.4706|   32.67|               IRAS 05589+2828|                               | 90.5446| 28.4728|   62.52|   58.96|   66.14|  |   2.12|   2.04|   2.21|      2.27|  0.0330|     44.21|  1        |          4|Sy1.2
317|   SWIFT J0602.5+6518| 90.5836| 65.3299|   13.07|                     UGC 03386|                               | 90.6581| 65.3712|   24.34|   21.06|   27.76|  |   1.69|   1.51|   1.89|      0.85|  0.0154|     43.13|  1        |          5|Sy2
318|   SWIFT J0606.0-2755| 91.4582|-27.9098|    8.78|       2MASX J06054896-2754398|                               | 91.4540|-27.9112|   15.05|   11.89|   18.46|  |   1.88|   1.59|   2.21|      1.41|  0.0892|     44.49|  1        |          4|Sy1.5
319|   SWIFT J0601.9-8636| 91.4902|-86.5992|   14.60|                ESO 005- G 004|                               | 91.4235|-86.6319|   27.67|   24.54|   30.92|  |   1.57|   1.42|   1.72|      2.06|  0.0062|     42.38|  1        |          5|Sy2
320|  SWIFT J0609.5-6245A| 92.4422|-62.7516|    4.77|       2MASX J06100652-6243125|                               | 92.5272|-62.7201|    7.03|    4.49|    9.93| Y |   1.91|   1.39|   2.50|      0.20|  0.1575|     44.69|  1        |          4|Sy1
321|  SWIFT J0609.5-6245B| 91.7232|-62.7396|    4.52|       2MASX J06083867-6247168|                               | 92.1610|-62.7880|    8.15|    5.21|   11.50| Y |   1.53|   1.00|   2.08|      0.24|  0.0992|     44.32|  1        |          4|Sy1
322|   SWIFT J0610.6-8151| 92.7937|-81.8070|    3.09|                        AH Men|                               | 92.9336|-81.8234|    3.92|    2.05|    6.36|  |   2.68|   1.86|   4.14|      0.81|     NA |        NA|  1        |         12|Nova
323|   SWIFT J0612.2-4645| 93.0883|-46.7568|    5.69|                PMN J0612-4647|                               | 93.1110|-46.7870|    7.77|    5.24|   10.69|  |   2.07|   1.60|   2.64|      0.67|     NA |        NA|  1        |          7|BZQ
324|   SWIFT J0614.0+1709| 93.4911| 17.0966|    5.97|       2MASS J06141230+1704321|                               | 93.5513| 17.0756|    8.90|    6.55|   11.71|  |   3.01|   2.48|   3.69|      1.80|     NA |        NA|  1        |          9|CV
325|   SWIFT J0615.8+7101| 93.9015| 71.0319|   90.81|                         Mrk 3|                               | 93.9015| 71.0375|  164.29|  161.10|  167.52|  |   1.68|   1.66|   1.71|     18.09|  0.0135|     43.84|  1        |          5|Sy1.9
326|   SWIFT J0617.2+0907| 94.2788|  9.1377|  239.80|                   4U 0614+091|                               | 94.2804|  9.1369|  415.31|  412.19|  418.43|  |   2.53|   2.52|   2.54|      5.09|     NA |        NA|  1        |         14|LMXB
327|   SWIFT J0623.3-6438| 95.8350|-64.6122|    7.61|       2MASX J06230765-6436211|                               | 95.7821|-64.6057|   11.74|    9.01|   14.70|  |   1.88|   1.55|   2.23|      1.02|  0.1289|     44.72|  1        |          7|BZQ
328|   SWIFT J0623.8+6445| 96.0669| 64.7910|    5.65|           NVSS J062335+644538|                               | 95.8964| 64.7601|    6.83|    4.57|    9.59|  |   2.59|   2.00|   3.42|      0.54|  0.0860|     44.11|  1        |          4|Sy1
329|   SWIFT J0623.9-6058| 95.9548|-60.9754|   18.42|                ESO 121-IG 028|                               | 95.9400|-60.9790|   30.87|   27.92|   33.92|  |   1.75|   1.62|   1.89|      0.25|  0.0403|     44.08|  1        |          5|Sy2
330|   SWIFT J0623.8-3215| 95.9263|-32.2346|   12.77|                ESO 426- G 002|                               | 95.9434|-32.2166|   21.96|   18.88|   25.21|  |   1.85|   1.66|   2.04|      0.81|  0.0224|     43.41|  1        |          5|Sy2
331|   SWIFT J0623.9-0939| 96.0063| -9.6401|    8.06|     SWIFT J062406.05-093855.0|                               | 96.0252| -9.6486|   10.73|    8.64|   13.08|  |   3.01|   2.63|   3.48|      1.41|     NA |        NA|  1        |          9|CV
332|   SWIFT J0625.1+7336| 96.3149| 73.5851|   14.04|                        MU Cam|                               | 96.3176| 73.5775|   16.77|   15.05|   18.63|  |   2.99|   2.79|   3.20|      5.10|     NA |        NA|  1        |          9|CV
333|   SWIFT J0626.6+0729| 96.6438|  7.4578|    6.44|       2MASX J06262702+0727287|                               | 96.6126|  7.4580|   13.89|   10.43|   17.73|  |   2.04|   1.69|   2.45|      0.54|  0.0424|     43.78|  1        |          4|Sy1
334|   SWIFT J0626.6-3702| 96.6131|-37.0277|    9.82|           6dF J0626586-370559|                               | 96.7442|-37.0996|   15.84|   12.96|   18.94|  |   1.92|   1.67|   2.19|      0.69|  0.0393|     43.77|  1        |          4|Sy1
335|   SWIFT J0630.7+6342| 98.2406| 63.6906|    6.13|                     UGC 03478|                               | 98.1965| 63.6737|    9.10|    6.84|   11.60|  |   2.41|   2.05|   2.85|      1.55|  0.0128|     42.54|  1        |          4|Sy1.2
336|   SWIFT J0630.9+1129| 97.6911| 11.5314|    5.22|        SWIFT J063107.4+112754|                               | 97.7800| 11.4652|   10.14|    6.85|   13.91|  |   2.21|   1.73|   2.81|      0.80|     NA |        NA|  1        |         12|Unknown Star
337|   SWIFT J0632.8+6343| 97.6614| 63.6769|    5.92|                    VII Zw 073|                               | 97.6065| 63.6781|    9.64|    6.96|   12.65|  |   2.04|   1.65|   2.48|      0.81|  0.0413|     43.60|  1        |          5|Sy2
338|   SWIFT J0634.7-7445| 98.4485|-74.7556|    5.39|         1RXS J063401.1-744629|                               | 98.5046|-74.7747|    8.17|    5.67|   11.02|  |   2.00|   1.55|   2.50|      0.31|  0.1118|     44.43|  1        |          4|Sy1
339|   SWIFT J0635.1+2229| 98.7730| 22.4924|    5.29|             CIZA J0635.0+2231|                               | 98.7642| 22.5250|    7.36|    5.28|    9.90|  |   3.32|   2.66|   4.22|      0.50|     NA |        NA|  1        |          3|Galaxy Cluster
340|   SWIFT J0635.8-7514| 99.0223|-75.2757|   10.64|                  PKS 0637-752|                               | 98.9438|-75.2713|   18.05|   15.24|   21.03|  |   1.83|   1.61|   2.06|      0.83|  0.6510|     46.53|  1        |          7|BZQ
341|   SWIFT J0636.6+3536| 99.1529| 35.5898|    7.51|         1RXS J063631.9+353537|                               | 99.1329| 35.5936|   11.89|    9.63|   14.46|  |   2.87|   2.52|   3.28|      1.29|     NA |        NA|  1        |          9|CV
342|   SWIFT J0640.4-2554|100.0496|-25.8974|   23.25|                 ESO 490-IG026|                               |100.0487|-25.8954|   40.84|   37.63|   44.15|  |   1.89|   1.78|   2.00|      0.43|  0.0248|     43.77|  1        |          4|Sy1.2
343|   SWIFT J0640.0-4737|100.0149|-47.6713|    6.67|      WISEAJ064013.48-474134.7|                               |100.0562|-47.6930|   11.79|    8.53|   15.36|  |   1.53|   1.12|   1.95|      0.85|  0.0572|     43.98|  1        |          5|Sy2
344|   SWIFT J0640.1-4328|100.1546|-43.3351|   10.64|       2MASX J06403799-4321211|                               |100.1583|-43.3558|   19.30|   16.02|   22.77|  |   1.62|   1.38|   1.86|      0.62|  0.0610|     44.25|  1        |          5|Sy2
345|   SWIFT J0641.3+3257|100.3234| 32.8257|   15.82|       2MASX J06411806+3249313|                               |100.3252| 32.8254|   32.68|   28.71|   36.82|  |   1.83|   1.66|   2.01|      1.83|  0.0470|     44.24|  1        |          5|Sy2
346|   SWIFT J0645.9+5303|101.4939| 53.0339|    5.46|                      UGC 3533|                               |101.6108| 53.0758|    9.90|    6.77|   13.42|  |   1.87|   1.43|   2.37|      1.18|  0.0359|     43.48|  1        |          5|Sy2
347|   SWIFT J0651.9+7426|103.1096| 74.4384|   32.64|                         Mrk 6|                               |103.0511| 74.4271|   56.73|   53.80|   59.71|  |   1.80|   1.73|   1.87|      5.77|  0.0188|     43.67|  1        |          4|Sy1.5
348|   SWIFT J0654.6+0700|103.6447|  7.0480|    8.93|             1WGA J0654.5+0703|                               |103.6412|  7.0533|   20.60|   16.53|   24.92|  |   1.64|   1.37|   1.92|      0.92|  0.0239|     43.44|  1        |          4|Sy1
349|   SWIFT J0655.8+3957|103.9444| 40.0074|    7.10|                     UGC 03601|                               |103.9564| 40.0002|   12.96|    9.87|   16.35|  |   2.11|   1.78|   2.49|      1.53|  0.0171|     42.94|  1        |          4|Sy1
350|   SWIFT J0656.4-4921|104.0635|-49.3373|    6.62|       2MASX J06561197-4919499|                               |104.0498|-49.3306|   11.18|    8.20|   14.46|  |   1.78|   1.40|   2.21|      0.80|  0.0410|     43.65|  1        |          5|Sy2
351|   SWIFT J0658.3-0712|104.5727| -7.2233|   35.58|                       2E 1752|                               |104.5720| -7.2098|   44.45|   42.48|   46.48|  |   3.32|   3.21|   3.43|      5.03|     NA |        NA|  1        |         13|HMXB
352|   SWIFT J0658.5-5556|104.6278|-55.9278|    5.02|                Bullet Cluster|                               |104.6217|-55.9528|    4.95|    3.47|    6.85|  |   3.47|   2.66|   4.65|      0.69|     NA |        NA|  1        |          3|Galaxy Cluster
353|   SWIFT J0659.3+2406|104.8386| 24.0421|    8.09|       2MASX J06591070+2401400|                               |104.7945| 24.0278|   16.62|   12.99|   20.60|  |   1.95|   1.63|   2.29|      1.84|  0.0908|     44.55|  1        |          5|Sy2
354|   SWIFT J0701.3-3235|105.3111|-32.5688|    4.34|       2MASX J07011026-3234534|                               |105.2927|-32.5814|    8.40|    5.68|   11.54|  |   1.85|   1.43|   2.30|      2.42|  0.0438|     43.59|  1        |          4|Sy1
355|   SWIFT J0704.4+2625|106.0555| 26.4931|    6.20|         1RXS J070407.9+262501|                               |106.0329| 26.4169|    9.25|    6.43|   12.62|  |   2.55|   2.02|   3.25|      0.89|     NA |        NA|  1        |          9|CV
356|   SWIFT J0706.8+0325|106.6861|  3.4352|    4.44|         1RXS J070648.8+032450|                               |106.7032|  3.4130|    6.26|    3.93|    9.13|  |   2.78|   2.11|   3.73|      1.39|     NA |        NA|  1        |          9|CV
357|   SWIFT J0707.1+6433|106.8403| 64.6063|    6.42|                    VII Zw 118|                               |106.8047| 64.5997|    9.88|    7.42|   12.60|  |   2.23|   1.88|   2.65|      1.57|  0.0797|     44.20|  1        |          4|Sy1
358|   SWIFT J0709.0-4642|107.2085|-46.7546|    7.78|       2MASX J07084326-4642494|                               |107.1803|-46.7137|   13.13|   10.20|   16.31|  |   1.87|   1.56|   2.21|      0.24|  0.0469|     43.85|  1        |          5|Sy2
359|   SWIFT J0709.3-1527|107.3324|-15.4678|    6.72|                   PKS 0706-15|                               |107.3011|-15.4501|    8.57|    6.30|   11.25|  |   2.81|   2.32|   3.48|      0.52|     NA |        NA|  1        |          7|BZB
360|   SWIFT J0709.4-3559|107.3180|-35.9926|   10.50|                   PKS 0707-35|                               |107.3087|-36.0227|   20.44|   17.27|   23.78|  |   1.70|   1.48|   1.91|      1.92|  0.1108|     44.82|  1        |          5|Sy2
361|   SWIFT J0710.3+5908|107.6469| 59.1411|   15.87|       2MASX J07103005+5908202|                               |107.6253| 59.1390|   21.73|   19.07|   24.57|  |   2.35|   2.16|   2.56|      1.28|  0.1250|     44.96|  1        |          7|BZB
362|   SWIFT J0714.2+3518|108.5612| 35.3345|    8.85|                MCG +06-16-028|                               |108.5161| 35.2793|   17.55|   14.32|   20.95|  |   1.95|   1.71|   2.22|      1.75|  0.0157|     43.00|  1        |          5|Sy1.9
363|   SWIFT J0714.3+4541|108.5627| 45.6853|    5.91|                       Mrk 376|                               |108.5628| 45.6988|    9.54|    6.84|   12.54|  |   2.14|   1.77|   2.59|      1.19|  0.0560|     43.87|  1        |          4|Sy1.2
364|   SWIFT J0714.7-2521|108.6275|-25.3009|    9.67|             SWIFTJ0714.7-2521|                               |108.6541|-25.2903|   17.14|   13.99|   20.53|  |   1.95|   1.69|   2.23|      0.80|  0.0425|     43.87|  1        |          4|Sy1
365|   SWIFT J0717.8-2156|109.4390|-21.9794|    5.80|         1RXS J071748.9-215306|                               |109.4511|-21.8838|    7.16|    5.09|    9.57|  |   2.80|   2.29|   3.46|      1.91|     NA |        NA|  1        |          9|CV
366|   SWIFT J0718.1+4403|109.5075| 44.0786|   14.93|               RX J0718.0+4405|                               |109.5024| 44.0909|   24.30|   21.35|   27.40|  |   2.14|   1.97|   2.32|      1.38|  0.0614|     44.36|  1        |          4|Sy1.5
367|   SWIFT J0723.8-0804|110.9338| -8.0901|    6.49|          1RXSJ072352.4-080623|                               |110.9711| -8.1040|   12.71|    9.28|   16.49|  |   1.79|   1.42|   2.19|      1.13|  0.1449|     44.87|  1        |          5|Sy1.9
368|   SWIFT J0725.7-0055|111.4769| -0.9392|    5.76|                  PKS 0723-008|                               |111.4610| -0.9157|   13.78|   10.06|   17.77|  |   1.59|   1.23|   1.98|      2.08|  0.1280|     44.79|  1        |          7|BZQ
369|   SWIFT J0725.8+3000|111.3657| 29.9658|    4.02|                  CGCG 147-020|                               |111.4057| 29.9541|    6.61|    4.08|    9.72|  |   2.34|   1.77|   3.02|      0.92|  0.0188|     42.74|  1        |          5|Sy2
370|   SWIFT J0726.6-3552|111.6409|-35.8918|   11.84|       2MASX J07262635-3554214|                               |111.6098|-35.9060|   21.87|   18.82|   25.08|  |   1.79|   1.60|   1.99|      1.47|  0.0294|     43.65|  1        |          5|Sy2
371|   SWIFT J0726.5+3659|111.6504| 36.9884|    7.92|       2MASX J07263532+3700028|                               |111.6472| 37.0008|   14.65|   11.30|   18.30|  |   1.89|   1.57|   2.25|      0.43|  0.1900|     45.19|  1        |          4|Sy1
372|   SWIFT J0727.4-2408|111.8362|-24.1071|    9.94|         1RXS J072720.8-240629|                               |111.8951|-24.1039|   15.24|   12.33|   18.40|  |   2.17|   1.89|   2.49|      0.72|  0.1230|     44.79|  1        |          5|Sy1.9
373|   SWIFT J0728.8-2605|112.2203|-26.1127|   19.61|                    4U 0728-25|                               |112.2233|-26.1081|   22.75|   21.03|   24.56|  |   3.47|   3.27|   3.67|      2.71|     NA |        NA|  1        |         13|HMXB
374|   SWIFT J0731.5+0957|112.8568|  9.9287|   18.21|                        BG CMi|                               |112.8708|  9.9396|   26.31|   24.06|   28.68|  |   3.03|   2.86|   3.22|      2.07|     NA |        NA|  1        |          9|CV
375|   SWIFT J0732.5-1331|113.1627|-13.5061|   18.77|        SWIFT J073237.6-133109|                               |113.1563|-13.5178|   26.85|   24.48|   29.38|  |   2.72|   2.57|   2.88|      3.38|     NA |        NA|  1        |          9|CV
376|   SWIFT J0733.2+4558|113.2727| 45.9540|    7.41|         1RXS J073308.7+455511|                               |113.2883| 45.9184|   12.66|    9.72|   15.91|  |   1.99|   1.67|   2.34|      2.50|  0.1414|     44.84|  1        |          4|Sy1
377|   SWIFT J0733.9+5156|113.3711| 51.9412|    7.26|       2MASX J07332681+5153560|                               |113.3617| 51.8989|   10.83|    7.97|   14.03|  |   2.16|   1.76|   2.64|      0.94|     NA |        NA|  1        |          7|BZG
378|   SWIFT J0736.9+5846|114.2294| 58.7435|   10.12|                         Mrk 9|                               |114.2374| 58.7704|   13.78|   11.34|   16.40|  |   2.27|   2.02|   2.55|      1.81|  0.0399|     43.72|  1        |          4|Sy1.2
379|   SWIFT J0739.7-3142|114.9125|-31.7091|   16.15|       2MASX J07394469-3143024|                               |114.9362|-31.7174|   29.15|   26.03|   32.42|  |   1.78|   1.63|   1.93|      2.53|  0.0258|     43.66|  1        |          5|Sy2
380|   SWIFT J0741.4-5447|115.3300|-54.7390|    6.02|       2MASX J07410919-5447461|                               |115.2884|-54.7961|    9.17|    6.61|   12.04|  |   2.00|   1.61|   2.45|      1.67|  0.1061|     44.43|  1        |          5|Sy2
381|   SWIFT J0742.3+8024|115.5628| 80.4253|    7.18|                      3C 184.1|                               |115.7553| 80.4406|   12.46|    9.42|   15.77|  |   1.63|   1.29|   1.99|      0.24|  0.1182|     44.67|  1        |          5|Sy1.9
382|   SWIFT J0742.5+4948|115.6264| 49.8066|   31.28|                        Mrk 79|                               |115.6367| 49.8097|   50.28|   47.35|   53.32|  |   2.06|   1.98|   2.14|      2.23|  0.0222|     43.76|  1        |          4|Sy1.5
383|   SWIFT J0743.0+6513|115.7792| 65.1780|    6.96|                        Mrk 78|                               |115.6739| 65.1771|   11.36|    8.64|   14.34|  |   1.95|   1.63|   2.31|      1.74|  0.0371|     43.57|  1        |          5|Sy2
384|   SWIFT J0743.3-2546|115.8001|-25.7816|   12.82|                    LEDA 86073|                               |115.8114|-25.7639|   22.96|   19.64|   26.48|  |   1.91|   1.70|   2.13|      0.44|  0.0230|     43.45|  1        |          4|Sy1.2
385|   SWIFT J0744.0+2914|116.0275| 29.2616|   11.62|                    UGC 03995A|                               |116.0296| 29.2493|   23.43|   20.00|   27.01|  |   1.83|   1.64|   2.02|      2.92|  0.0159|     43.14|  1        |          5|Sy2
386|   SWIFT J0746.3-1608|116.5722|-16.1812|    9.32|         1RXS J074616.8-161127|                               |116.5700|-16.1908|   13.30|   11.05|   15.75|  |   2.87|   2.56|   3.24|      1.26|     NA |        NA|  1        |          9|CV
387|   SWIFT J0746.3+2548|116.5847| 25.8134|   13.34|                    B2 0743+25|                               |116.6078| 25.8173|   33.04|   28.63|   37.64|  |   1.33|   1.13|   1.53|      0.69|  2.9793|     48.41|  1        |          7|BZQ
388|   SWIFT J0747.2-1920|116.8686|-19.2787|    6.80|                   PKS 0745-19|                               |116.8805|-19.2944|    8.00|    6.68|    9.42|  |   4.77|   4.10|   5.69|      0.70|     NA |        NA|  1        |          3|Galaxy Cluster
389|   SWIFT J0747.5+6057|116.8246| 60.9090|    5.47|                        Mrk 10|                               |116.8714| 60.9335|    8.82|    6.19|   11.82|  |   1.97|   1.55|   2.44|      0.48|  0.0293|     43.25|  1        |          4|Sy1.5
390|   SWIFT J0747.6-7326|116.9490|-73.4344|    8.20|       2MASX J07473839-7325533|                               |116.9098|-73.4314|   13.40|   10.84|   16.18|  |   1.97|   1.71|   2.24|      1.89|  0.0367|     43.63|  1        |          5|Sy2
391|   SWIFT J0748.8-6743|117.1424|-67.7513|   98.92|                  EXO 0748-676|                               |117.1388|-67.7500|  130.36|  127.86|  132.88|  |   2.23|   2.20|   2.26|      7.51|     NA |        NA|  1        |         14|LMXB
392|   SWIFT J0749.7-3218|117.3805|-32.3056|    5.97|        SWIFT J074940.0-321536|                               |117.3832|-32.2599|    7.31|    5.53|    9.40|  |   2.94|   2.48|   3.49|      2.59|     NA |        NA|  1        |          9|CV
393|   SWIFT J0750.9+1439|117.8296| 14.7403|   22.58|                        PQ Gem|                               |117.8225| 14.7402|   30.43|   28.11|   32.86|  |   2.94|   2.79|   3.10|      2.57|     NA |        NA|  1        |          9|CV
394|   SWIFT J0752.2+1937|118.0963| 19.6196|    8.39|       2MASX J07521780+1935423|                               |118.0743| 19.5951|   14.90|   11.68|   18.40|  |   2.04|   1.75|   2.37|      0.63|  0.1172|     44.74|  1        |          4|Sy1.5
395|   SWIFT J0753.1+4559|118.1960| 45.9569|    6.45|                  B3 0749+460A|                               |118.1842| 45.9493|   13.34|   10.16|   16.83|  |   1.64|   1.33|   1.97|      0.97|  0.0518|     43.94|  1        |          5|Sy1.9
396|   SWIFT J0755.4+8402|118.9127| 83.9721|    5.40|        2MASSJ07581638+8356362|                               |119.5718| 83.9436|    6.65|    4.40|    9.41|  |   2.41|   1.83|   3.18|      1.69|  0.1340|     44.51|  1        |          4|Sy1
397|   SWIFT J0756.3-4137|119.0595|-41.6416|    7.03|       2MASX J07561963-4137420|                               |119.0817|-41.6284|   11.15|    8.36|   14.24|  |   2.03|   1.67|   2.43|      0.54|  0.0210|     43.06|  1        |          5|Sy2
398|   SWIFT J0759.8-3844|119.9268|-38.7389|   31.84|       2MASS J07594181-3843560|                               |119.9242|-38.7322|   49.75|   46.84|   52.74|  |   2.02|   1.94|   2.11|      1.82|  0.0400|     44.28|  1        |          4|Sy1.2
399|   SWIFT J0800.5+2327|119.9925| 23.4115|   16.26|       2MASX J07595347+2323241|                               |119.9728| 23.3901|   33.55|   29.79|   37.44|  |   1.69|   1.53|   1.84|      0.87|  0.0292|     43.83|  1        |          5|Sy2
400|   SWIFT J0800.1+2638|120.1029| 26.6339|   16.38|                       IC 0486|                               |120.0874| 26.6135|   31.93|   28.44|   35.55|  |   1.84|   1.69|   1.99|      1.40|  0.0269|     43.74|  1        |          5|Sy1.9
401|   SWIFT J0800.7-4309|120.2059|-43.1430|    4.83|        SWIFT J080040.2-431107|                               |120.1674|-43.1854|    5.67|    4.07|    7.55|  |   3.30|   2.68|   4.17|      0.69|     NA |        NA|  1        |          9|CV
402|   SWIFT J0801.9-4946|120.4839|-49.7845|   14.20|                ESO 209- G 012|                               |120.4917|-49.7767|   23.47|   20.71|   26.35|  |   2.01|   1.85|   2.18|      1.97|  0.0405|     43.97|  1        |          4|Sy1.5
403|   SWIFT J0803.4+0842|120.8812|  8.6764|    9.13|       2MASX J08032736+0841523|                               |120.8641|  8.6978|   16.27|   13.10|   19.65|  |   2.01|   1.75|   2.30|      1.75|  0.0468|     43.94|  1        |          4|Sy1.5
404|   SWIFT J0804.2+0507|121.0354|  5.1050|   33.25|                      Mrk 1210|                               |121.0244|  5.1138|   61.58|   58.18|   65.04|  |   1.95|   1.88|   2.03|      5.95|  0.0135|     43.41|  1        |          5|Sy1.9
405|   SWIFT J0804.6+1045|121.1747| 10.7648|    6.65|                MCG +02-21-013|                               |121.1933| 10.7767|   12.17|    8.83|   15.93|  |   2.01|   1.61|   2.46|      1.06|  0.0344|     43.53|  1        |          5|Sy2
406|   SWIFT J0805.1-0110|121.2689| -1.0996|    5.69|       2MASX J08045299-0108476|                               |121.2208| -1.1466|   17.15|   12.61|   21.98|  |   1.08|   0.67|   1.47|      0.72|  0.0919|     44.57|  1        |          5|Sy2
407|   SWIFT J0805.2+6145|121.2701| 61.7594|    7.34|             CGRaBS J0805+6144|                               |121.3257| 61.7399|   15.98|   12.41|   19.77|  |   1.27|   0.94|   1.59|      0.22|  3.0330|     48.12|  1        |          7|BZQ
408|   SWIFT J0807.9+3859|121.9656| 39.0331|    5.56|                       Mrk 622|                               |121.9210| 39.0042|    9.76|    6.72|   13.21|  |   1.84|   1.39|   2.34|      0.45|  0.0232|     43.09|  1        |          5|Sy2
409|   SWIFT J0810.9+7602|122.7086| 76.0479|   11.86|                   PG 0804+761|                               |122.7440| 76.0450|   16.73|   14.26|   19.35|  |   2.13|   1.93|   2.36|      1.13|  0.1000|     44.64|  1        |          4|Sy1
410|   SWIFT J0812.3-4004|122.9829|-39.9652|    5.91|          1RXSJ081215.2-400336|                               |123.0584|-40.0567|    8.64|    6.06|   11.52|  |   2.13|   1.72|   2.63|      1.34|  0.0749|     44.09|  1        |          4|Sy1
411|   SWIFT J0814.3+0423|123.5951|  4.3649|   12.72|                  CGCG 031-072|                               |123.6055|  4.3424|   23.76|   20.38|   27.34|  |   1.94|   1.75|   2.14|      1.21|  0.0331|     43.79|  1        |          4|Sy1.2
412|   SWIFT J0817.8+0251|124.4390|  2.8662|    5.97|         1RXS J081749.0+025104|                               |124.4550|  2.8499|    9.81|    6.86|   13.17|  |   2.15|   1.72|   2.65|      0.52|  0.1060|     44.46|  1        |          4|Sy1
413|   SWIFT J0818.1+0120|124.5785|  1.3831|   10.60|       2MASX J08181469+0122266|                               |124.5610|  1.3740|   21.78|   17.94|   25.86|  |   1.66|   1.41|   1.91|      0.65|  0.0890|     44.65|  1        |          4|Sy1
414|   SWIFT J0819.2-2259|124.7650|-22.9047|    5.90|               RX J0818.9-2252|                               |124.7410|-22.8770|   10.19|    6.69|   14.15|  |   1.78|   1.27|   2.37|      2.36|  0.0346|     43.46|  1        |          4|Sy1
415|   SWIFT J0820.6-2805|125.1162|-27.9952|    4.36|         1RXS J082033.6-280457|                               |125.1404|-28.0825|    6.85|    4.29|    9.89|  |   2.33|   1.77|   3.08|      0.23|     NA |        NA|  1        |          9|CV
416|   SWIFT J0823.4-0457|125.7564| -4.9371|   22.22|                   Fairall 272|                               |125.7546| -4.9349|   43.20|   39.50|   47.00|  |   1.72|   1.60|   1.83|      0.46|  0.0218|     43.68|  1        |          5|Sy2
417|   SWIFT J0826.2-7033|126.5670|-70.5495|   11.36|         1RXS J082623.5-703142|                               |126.5979|-70.5283|   13.17|   11.34|   15.15|  |   2.91|   2.65|   3.21|      1.19|     NA |        NA|  1        |          9|CV
418|   SWIFT J0830.1+4154|127.4378| 41.9089|    9.11|       2MASX J08294266+4154366|                               |127.4277| 41.9102|   13.78|   11.04|   16.77|  |   2.04|   1.76|   2.34|      0.87|  0.1263|     44.77|  1        |          4|Sy1.5
419|   SWIFT J0830.4-6723|127.6351|-67.3570|    5.24|       2MASX J08301655-6725289|                               |127.5689|-67.4248|    6.88|    4.72|    9.34|  |   2.42|   1.94|   3.04|      0.57|  0.0348|     43.30|  1        |          4|Sy1
420|   SWIFT J0832.5+3703|128.1045| 37.1140|    9.57|         FBQS J083225.3+370736|                               |128.1060| 37.1270|   15.30|   12.41|   18.43|  |   1.99|   1.72|   2.29|      1.17|  0.0919|     44.52|  1        |          4|Sy1.2
421|   SWIFT J0835.2-4513|128.8433|-45.1833|  101.42|                   Vela Pulsar|                               |128.8361|-45.1764|  173.83|  170.74|  176.96|  |   1.94|   1.91|   1.96|      0.88|     NA |        NA|  1        |         10|Pulsar
422|   SWIFT J0838.0+4839|129.6179| 48.6425|   21.81|                        EI UMa|                               |129.5916| 48.6338|   26.56|   24.53|   28.67|  |   2.69|   2.56|   2.83|      2.97|     NA |        NA|  1        |          9|CV
423|   SWIFT J0838.4-3557|129.6142|-35.9909|   18.50|                  Fairall 1146|                               |129.6283|-35.9926|   27.67|   24.86|   30.62|  |   2.17|   2.02|   2.32|      1.08|  0.0316|     43.82|  1        |          5|Sy1.9
424|   SWIFT J0838.8-4832|129.6985|-48.5277|    9.25|       USNO-B1.0 0414-00125587|                               |129.7046|-48.5235|   13.83|   11.31|   16.55|  |   2.29|   2.02|   2.59|      0.82|     NA |        NA|  1        |          9|CV
425|   SWIFT J0839.6-1213|129.9363|-12.2556|   16.01|                        3C 206|                               |129.9609|-12.2428|   28.39|   25.09|   31.84|  |   1.97|   1.80|   2.14|      0.83|  0.1976|     45.51|  1        |          4|Sy1
426|   SWIFT J0840.2+2947|130.0352| 29.7821|   10.95|                     4C +29.30|                               |130.0099| 29.8174|   17.64|   14.67|   20.84|  |   1.96|   1.73|   2.22|      1.02|  0.0647|     44.26|  1        |          5|Sy2
427|   SWIFT J0841.0-4507|130.2998|-45.0694|    7.87|                        LM Vel|                               |130.1991|-45.0584|    9.73|    7.62|   12.13|  |   2.73|   2.34|   3.19|      1.58|     NA |        NA|  1        |         13|HMXB
428|   SWIFT J0841.4+7052|130.3444| 70.8935|   49.63|               [HB89] 0836+710|                               |130.3515| 70.8951|   85.54|   82.40|   88.75|  |   1.62|   1.57|   1.67|      0.47|  2.1720|     48.49|  1        |          7|BZQ
429|   SWIFT J0842.0+0759|130.4712|  8.0024|    6.96|       2MASX J08420557+0759253|                               |130.5232|  7.9904|   11.45|    8.36|   14.93|  |   2.12|   1.72|   2.59|      1.10|  0.1338|     44.75|  1        |          4|Sy1.5
430|   SWIFT J0843.5+3551|130.9354| 35.8138|    5.95|       2MASX J08434495+3549421|                               |130.9375| 35.8283|    8.53|    6.24|   11.14|  |   2.36|   1.96|   2.85|      1.72|  0.0540|     43.78|  1        |          5|Sy2
431|   SWIFT J0845.0-3531|131.3465|-35.4903|    8.30|         1RXS J084521.7-353048|                               |131.3404|-35.5133|   13.88|   10.83|   17.22|  |   1.94|   1.63|   2.28|      0.20|  0.1370|     44.85|  1        |          4|Sy1
432|   SWIFT J0845.3+1420|131.3250| 14.3278|   10.52|       2MASX J08451850+1420345|                               |131.3272| 14.3428|   18.41|   15.20|   21.87|  |   2.00|   1.76|   2.27|      0.33|  0.0606|     44.22|  1        |          4|Sy1
433|   SWIFT J0854.3-0827|133.5666| -8.4716|    3.79|      SWIFTJ085429.35-082428.6|                               |133.6220| -8.4076|    6.96|    3.55|   11.08|  |   1.77|   1.04|   2.69|      1.45|  0.1884|     44.86|  1        |          5|Sy2
434|   SWIFT J0855.6+6425|133.8599| 64.4006|   12.22|                MCG +11-11-032|                               |133.8023| 64.3959|   20.28|   17.35|   23.38|  |   1.77|   1.57|   1.98|      1.36|  0.0360|     43.80|  1        |          5|Sy2
435|   SWIFT J0855.7-2856|133.8544|-28.8832|    6.06|       2MASX J08551746-2854218|                               |133.8228|-28.9059|    8.38|    5.92|   11.27|  |   2.56|   2.06|   3.23|      1.26|  0.0728|     44.05|  1        |          4|Sy1
436|   SWIFT J0856.0+7812|133.8384| 78.2019|    8.81|                      NGC 2655|                               |133.9072| 78.2231|   14.46|   11.65|   17.46|  |   1.78|   1.53|   2.06|      1.66|  0.0047|     41.86|  1        |          5|Sy2
437|   SWIFT J0859.5+4457|134.8327| 44.9213|    6.86|                      NGC 2712|                               |134.8770| 44.9139|   10.36|    7.77|   13.27|  |   2.03|   1.68|   2.42|      0.73|  0.0061|     41.94|  1        |          5|Sy2
438|   SWIFT J0902.1-4034|135.5284|-40.5552| 3073.05|                      Vela X-1|                               |135.5286|-40.5547| 4031.16| 4029.21| 4033.31|  |   2.89|   2.89|   2.89| 150967.85|     NA |        NA|  1        |         13|HMXB
439|   SWIFT J0902.0+6007|135.6309| 60.1108|    9.34|                        Mrk 18|                               |135.4930| 60.1520|   16.38|   13.08|   19.91|  |   1.52|   1.23|   1.82|      1.26|  0.0111|     42.67|  1        |          5|Sy1.9
440|   SWIFT J0902.7-6816|135.5921|-68.2262|   11.73|                     NGC 2788A|                               |135.6640|-68.2270|   23.74|   20.52|   27.08|  |   1.52|   1.34|   1.70|      3.04|  0.0133|     42.99|  1        |          5|Sy2
441|   SWIFT J0902.7-4814|135.6721|-48.2164|   16.28|       2MASX J09023729-4813339|                               |135.6555|-48.2261|   28.52|   25.44|   31.72|  |   1.85|   1.70|   2.00|      0.80|  0.0391|     44.02|  1        |          5|Sy2
442|   SWIFT J0902.8-7414|135.7264|-74.2546|    5.62|       2MASX J09034285-7414170|                               |135.9287|-74.2381|   10.57|    7.63|   13.82|  |   1.62|   1.24|   2.01|      1.15|  0.0910|     44.35|  1        |          5|Sy2
443|   SWIFT J0904.3+5538|136.1780| 55.5971|    8.27|       2MASX J09043699+5536025|                               |136.1540| 55.6008|   11.67|    9.13|   14.47|  |   2.05|   1.74|   2.38|      1.38|  0.0370|     43.58|  1        |          4|Sy1.2
444|   SWIFT J0908.9-0933|137.2399| -9.6558|   15.63|                     ABELL 754|                               |137.2087| -9.6366|   19.48|   17.82|   21.23|  |   3.71|   3.48|   3.97|      3.27|     NA |        NA|  1        |          3|Galaxy Cluster
445|   SWIFT J0909.0+0358|137.2601|  3.9214|    6.80|         1RXS J090915.6+035453|                               |137.3164|  3.9119|   13.01|    9.85|   16.52|  |   1.86|   1.53|   2.22|      0.86|  3.2702|     48.11|  1        |          7|BZQ
446|   SWIFT J0911.2+4533|137.8578| 45.4829|   11.09|       2MASX J09112999+4528060|                               |137.8749| 45.4683|   15.61|   13.03|   18.38|  |   2.09|   1.85|   2.34|      1.17|  0.0268|     43.42|  1        |          5|Sy2
447|   SWIFT J0917.2-6221|139.0317|-62.3215|   21.01|               IRAS 09149-6206|                               |139.0392|-62.3249|   27.76|   25.46|   30.17|  |   2.43|   2.30|   2.57|      1.45|  0.0573|     44.35|  1        |          4|Sy1
448|   SWIFT J0917.2-6457|139.3013|-64.9165|    8.54|       2MASX J09172716-6456271|                               |139.3634|-64.9409|   13.45|   10.78|   16.34|  |   2.01|   1.73|   2.32|      0.42|  0.0900|     44.45|  1        |          4|Sy1
449|   SWIFT J0918.5+1618|139.6089| 16.3033|   20.83|                       Mrk 704|                               |139.6084| 16.3053|   34.24|   31.30|   37.33|  |   2.06|   1.94|   2.19|      1.27|  0.0292|     43.84|  1        |          4|Sy1.2
450|   SWIFT J0919.2+5528|139.8697| 55.4078|    6.65|                  SBS 0915+556|                               |139.8050| 55.4653|   11.95|    9.01|   15.08|  |   1.59|   1.27|   1.93|      1.47|  0.0494|     43.85|  1        |          5|Sy1.9
451|   SWIFT J0920.1+3712|140.0224| 37.1951|   12.53|                       IC 2461|                               |139.9920| 37.1910|   19.44|   16.60|   22.44|  |   1.88|   1.68|   2.09|      0.63|  0.0075|     42.40|  1        |          5|Sy2
452|   SWIFT J0920.5-5511|140.1210|-55.2063|   75.80|                    4U 0919-54|                               |140.1105|-55.2070|  101.70|   99.27|  104.18|  |   2.49|   2.45|   2.53|      2.90|     NA |        NA|  1        |         14|LMXB
453|   SWIFT J0920.8-0805|140.2043| -8.0656|   22.89|                MCG -01-24-012|                               |140.1927| -8.0561|   38.78|   35.77|   41.89|  |   2.20|   2.09|   2.32|      1.64|  0.0196|     43.54|  1        |          5|Sy2
454|   SWIFT J0923.6-2136|140.9046|-21.6159|   10.43|                  PKS 0921-213|                               |140.9120|-21.5964|   20.68|   17.16|   24.41|  |   1.77|   1.53|   2.01|      0.62|  0.0520|     44.14|  1        |          7|BZQ
455|   SWIFT J0923.7+2255|140.9392| 22.9220|   20.94|                MCG +04-22-042|                               |140.9292| 22.9090|   33.37|   30.45|   36.39|  |   2.04|   1.91|   2.17|      0.47|  0.0323|     43.92|  1        |          4|Sy1.2
456|   SWIFT J0924.2-3141|141.0111|-31.6910|   14.24|       2MASX J09235371-3141305|                               |140.9739|-31.6919|   19.13|   16.47|   21.97|  |   2.68|   2.42|   2.99|      3.57|  0.0422|     43.91|  1        |          5|Sy2
457|   SWIFT J0925.2-8423|141.5271|-84.3615|    7.15|       2MASX J09261742-8421330|                               |141.5735|-84.3593|    8.94|    6.57|   11.67|  |   2.39|   1.95|   2.93|      0.72|  0.0632|     43.95|  1        |          5|Sy1.9
458|   SWIFT J0925.0+5218|141.3037| 52.2795|   41.93|                       Mrk 110|                               |141.3036| 52.2863|   60.47|   57.85|   63.14|  |   2.03|   1.97|   2.09|      1.92|  0.0353|     44.25|  1        |          4|Sy1.5
459|   SWIFT J0926.1+6931|141.4195| 69.4896|    7.35|       2MASX J09254750+6927532|                               |141.4481| 69.4648|   10.93|    8.32|   13.82|  |   1.86|   1.53|   2.22|      1.26|  0.0390|     43.60|  1        |          4|Sy1
460|   SWIFT J0926.2+1244|141.5328| 12.7364|   12.15|                       Mrk 705|                               |141.5137| 12.7343|   20.61|   17.71|   23.69|  |   2.05|   1.86|   2.27|      1.56|  0.0291|     43.62|  1        |          4|Sy1.2
461|   SWIFT J0927.3+2301|141.8952| 23.0414|    3.68|                      NGC 2885|                               |141.8271| 23.0201|    7.18|    4.01|   10.81|  |   1.58|   0.93|   2.31|      0.66|  0.0263|     43.07|  1        |          4|Sy1.2
462|   SWIFT J0927.7-6945|141.8911|-69.7543|    8.34|     SWIFT J092752.58-694438.8|                               |141.9696|-69.7447|    9.87|    8.14|   11.81|  |   2.99|   2.64|   3.39|      1.28|     NA |        NA|  1        |          9|CV
463|   SWIFT J0929.7+6232|142.3773| 62.5348|    6.53|                  CGCG 312-012|                               |142.4077| 62.5440|    9.73|    7.39|   12.35|  |   2.05|   1.72|   2.41|      2.49|  0.0256|     43.18|  1        |          5|Sy2
464|   SWIFT J0931.5-5105|142.8494|-51.1351|    7.25|                            NA|                               |      NA|      NA|   10.10|    7.80|   12.70|  |   2.48|   2.11|   2.91|      0.46|     NA |        NA|  1        |          0|Unknown
465|   SWIFT J0934.7-2156|143.7061|-21.9323|    7.90|                ESO 565- G 019|                               |143.6815|-21.9278|   17.08|   13.29|   21.14|  |   1.54|   1.23|   1.87|      1.00|  0.0163|     43.02|  1        |          5|Sy2
466|   SWIFT J0935.5+2616|143.8780| 26.2676|    6.95|       2MASX J09352707+2617093|                               |143.8629| 26.2860|    9.84|    7.42|   12.55|  |   2.28|   1.91|   2.71|      1.16|  0.1222|     44.60|  1        |          4|Sy1.2
467|   SWIFT J0935.9+6120|143.9211| 61.3493|    5.97|                MCG +10-14-025|                               |143.9652| 61.3531|    9.02|    6.34|   12.03|  |   1.77|   1.36|   2.23|      0.73|  0.0394|     43.53|  1        |          5|Sy1.9
468|   SWIFT J0936.2-6553|144.0388|-65.8549|    5.86|       2MASX J09360622-6548336|                               |144.0260|-65.8093|   10.90|    8.00|   14.12|  |   1.70|   1.33|   2.08|      0.74|  0.0392|     43.60|  1        |          5|Sy2
469|   SWIFT J0939.7-3224|144.9443|-32.4391|    5.45|         1RXS J093949.2-322620|                               |144.9550|-32.4390|    6.10|    4.26|    8.47|  |   3.31|   2.56|   4.36|      1.62|     NA |        NA|  1        |          9|CV
470|   SWIFT J0942.2+2344|145.5620| 23.7083|    7.04|                  CGCG 122-055|                               |145.5200| 23.6853|   13.02|   10.10|   16.14|  |   1.74|   1.45|   2.06|      2.69|  0.0214|     43.14|  1        |          4|Sy1.5
471|   SWIFT J0945.6-1420|146.4288|-14.3217|   28.45|                      NGC 2992|                               |146.4252|-14.3264|   55.09|   51.63|   58.63|  |   1.92|   1.83|   2.00|      1.06|  0.0077|     42.87|  1        |          5|Sy1.9
472|   SWIFT J0947.6-3057|146.9190|-30.9482|  126.96|                MCG -05-23-016|                               |146.9173|-30.9489|  208.51|  205.45|  211.59|  |   2.18|   2.16|   2.20|     25.30|  0.0085|     43.54|  1        |          5|Sy1.9
473|   SWIFT J0947.7+0726|146.9500|  7.4313|   14.73|                        3C 227|                               |146.9380|  7.4224|   24.86|   21.70|   28.20|  |   1.97|   1.79|   2.16|      0.96|  0.0858|     44.67|  1        |          4|Sy1.2
474|   SWIFT J0950.5+7318|147.5118| 73.2749|   10.29|                    VII Zw 292|                               |147.4410| 73.2400|   14.96|   12.26|   17.86|  |   1.86|   1.62|   2.12|      0.28|  0.0581|     44.09|  1        |          5|Sy2
475|   SWIFT J0951.9-0649|148.0013| -6.8212|    7.78|                      NGC 3035|                               |147.9793| -6.8229|   16.04|   12.53|   19.84|  |   1.75|   1.44|   2.07|      1.00|  0.0145|     42.89|  1        |          5|Sy1.9
476|   SWIFT J0952.3-6234|148.1078|-62.5763|    9.28|               IGR J09523-6231|                               |148.0840|-62.5430|   15.39|   12.64|   18.34|  |   1.97|   1.71|   2.23|      1.18|  0.2520|     45.49|  1        |          5|Sy1.9
477|   SWIFT J0955.5+6907|148.9435| 69.0655|   16.64|                          M 81|                               |148.8880| 69.0650|   23.09|   20.43|   25.87|  |   1.96|   1.80|   2.13|      0.84|     NA |        NA|  1        |          5|Sy1.9
478|   SWIFT J0956.1+6942|148.9989| 69.6463|    6.22|                          M 82|                               |148.9700| 69.6790|    5.85|    4.54|    7.37|  |   3.58|   3.00|   4.36|      1.00|     NA |        NA|  1        |          2|Starburst galaxy
479|   SWIFT J0958.0-4208|149.4388|-42.1319|    5.68|         1RXS J095750.4-420801|                               |149.4611|-42.1430|    6.80|    4.79|    9.24|  |   2.95|   2.36|   3.79|      0.46|     NA |        NA|  1        |          9|CV
480|   SWIFT J0959.5-2248|149.8760|-22.8248|   44.92|                      NGC 3081|                               |149.8731|-22.8263|   89.12|   85.55|   92.77|  |   1.78|   1.73|   1.84|      4.27|  0.0080|     43.12|  1        |          5|Sy2
481|   SWIFT J0959.9+1303|149.8488| 12.9863|    7.47|                      NGC 3080|                               |149.9827| 13.0438|   10.70|    7.90|   13.85|  |   2.22|   1.82|   2.72|      1.11|  0.0354|     43.50|  1        |          4|Sy1
482|   SWIFT J0959.7-3112|149.9377|-31.2068|   11.25|       2MASX J09594263-3112581|                               |149.9277|-31.2162|   17.63|   14.78|   20.71|  |   2.33|   2.08|   2.60|      0.35|  0.0370|     43.76|  1        |          4|Sy1
483|   SWIFT J1001.8+2848|150.5188| 28.7898|    4.27|                      3C 234.0|                               |150.4563| 28.7858|    5.49|    3.55|    7.83|  |   2.59|   2.01|   3.37|      0.54|  0.1849|     44.74|  1        |          4|Sy1
484|   SWIFT J1001.7+5543|150.4734| 55.6825|   23.61|                      NGC 3079|                               |150.4908| 55.6798|   37.74|   35.01|   40.51|  |   1.71|   1.62|   1.80|      8.69|  0.0037|     42.07|  1        |          5|Sy2
485|   SWIFT J1003.4-3726|150.8722|-37.4100|    3.77|                ESO 374- G 025|                               |150.8484|-37.3959|    7.58|    4.49|   11.07|  |   1.80|   1.26|   2.44|      1.65|  0.0237|     43.00|  1        |          4|Sy1
486|   SWIFT J1005.9-2305|151.4608|-23.0646|    8.42|                ESO 499- G 041|                               |151.4807|-23.0569|   18.17|   14.44|   22.16|  |   1.63|   1.35|   1.92|      0.70|  0.0128|     42.84|  1        |          4|Sy1
487|   SWIFT J1007.4+6534|151.8450| 65.5649|    5.25|         1RXS J100712.6+653511|                               |151.8069| 65.5836|    7.97|    5.42|   10.87|  |   1.86|   1.40|   2.36|      1.12|  0.1266|     44.54|  1        |          4|Sy1
488|   SWIFT J1008.6-0955|152.1830| -9.8937|    9.11|       2MASX J10084862-0954510|                               |152.2025| -9.9142|   17.09|   13.89|   20.52|  |   1.94|   1.69|   2.21|      1.08|  0.0573|     44.14|  1        |          4|Sy1
489|   SWIFT J1009.3-4250|152.4545|-42.8094|   14.85|                ESO 263- G 013|                               |152.4509|-42.8112|   27.20|   23.93|   30.62|  |   1.84|   1.68|   2.02|      0.59|  0.0333|     43.86|  1        |          5|Sy2
490|   SWIFT J1010.0-5819|152.4430|-58.2929|  298.62|                  GRO J1008-57|                               |152.4462|-58.2931|  391.40|  389.25|  393.57|  |   2.70|   2.69|   2.71|    617.79|     NA |        NA|  1        |         13|HMXB
491|   SWIFT J1010.1-5747|152.7478|-57.8147|   19.08|                    CD-57 3057|                               |152.7623|-57.8039|   23.54|   21.57|   25.60|  |   2.95|   2.79|   3.13|      1.54|     NA |        NA|  1        |         12|Symbiotic star
492|   SWIFT J1013.5-3601|153.3302|-35.9918|    8.93|                ESO 374- G 044|                               |153.3330|-35.9827|   17.31|   13.91|   20.95|  |   1.73|   1.46|   2.00|      0.96|  0.0284|     43.52|  1        |          5|Sy2
493|   SWIFT J1017.0-0404|154.2706| -4.0605|    6.33|       2MASX J10171680-0404558|                               |154.3201| -4.0822|   14.19|   10.42|   18.25|  |   1.48|   1.11|   1.86|      1.46|  0.0408|     43.75|  1        |          5|Sy2
494|  SWIFT J1020.5-0237A|155.1338| -2.6128|    3.88|      SDSS J102103.08-023642.6|                               |155.2629| -2.6118|    3.98|    1.03|    7.24| Y |   1.70|   0.80|   3.12|      1.55|  0.2940|     45.05|  1        |          5|Sy2
495|  SWIFT J1020.5-0237B|155.1338| -2.6127|    3.88|       2MASX J10195855-0234363|                               |154.9941| -2.5767|    4.84|    0.00|    9.68| Y |   1.96|   0.62|   0.00|      1.58|  0.0602|     43.64|  1        |          4|Sy1
496|   SWIFT J1021.7-0327|155.4157| -3.4553|   10.94|                       ARK 241|                               |155.4177| -3.4539|   21.21|   17.75|   24.87|  |   1.76|   1.55|   1.99|      0.96|  0.0408|     43.93|  1        |          4|Sy1
497|   SWIFT J1023.5+1952|155.8719| 19.8586|   74.92|                      NGC 3227|                               |155.8774| 19.8651|  112.84|  110.02|  115.70|  |   2.00|   1.97|   2.04|      8.16|  0.0039|     42.59|  1        |          4|Sy1.5
498|   SWIFT J1029.8-3821|157.3987|-38.4372|    4.40|                ESO 317- G 038|                               |157.4400|-38.3486|    6.07|    3.27|    9.62|  |   2.32|   1.55|   3.54|      0.77|  0.0152|     42.51|  1        |          5|Sy2
499|   SWIFT J1031.5-4205|157.8958|-42.0641|   11.01|                ESO 317- G 041|                               |157.8463|-42.0606|   17.73|   14.93|   20.68|  |   2.18|   1.96|   2.42|      1.58|  0.0193|     43.19|  1        |          5|Sy2
500|   SWIFT J1031.5+5051|157.8827| 50.8762|    6.48|       2MASX J10311847+5053358|                               |157.8271| 50.8933|    6.43|    4.68|    8.51|  |   2.85|   2.34|   3.56|      0.81|  0.3604|     45.47|  1        |          7|BZB
501|   SWIFT J1031.9-1418|157.9708|-14.3025|   17.77|        2MASSi J1031543-141651|                               |157.9763|-14.2809|   31.98|   28.80|   35.29|  |   2.10|   1.96|   2.25|      1.76|  0.0860|     44.78|  1        |          4|Sy1
502|   SWIFT J1031.7-3451|157.9564|-34.8586|   48.95|                      NGC 3281|                               |157.9670|-34.8537|   88.04|   84.73|   91.34|  |   1.91|   1.86|   1.96|     17.72|  0.0107|     43.36|  1        |          5|Sy2
503|   SWIFT J1032.7-2835|158.2129|-28.5763|    7.46|                ESO 436- G 034|                               |158.1855|-28.6101|   12.95|    9.83|   16.40|  |   2.03|   1.69|   2.41|      0.82|  0.0121|     42.64|  1        |          5|Sy2
504|   SWIFT J1033.6+7303|158.4401| 73.0503|    8.90|                  CGCG 333-038|                               |158.5981| 73.0140|   12.74|   10.11|   15.59|  |   1.85|   1.58|   2.15|      1.12|  0.0220|     43.16|  1        |          5|Sy2
505|   SWIFT J1033.8+5257|158.3879| 52.9059|    5.24|      SDSS J103315.71+525217.8|                               |158.3155| 52.8716|    6.68|    4.55|    9.12|  |   2.16|   1.70|   2.71|      0.90|  0.1404|     44.56|  1        |          5|Sy2
506|   SWIFT J1037.6-5648|159.4002|-56.7923|   23.30|                    4U 1036-56|                               |159.3908|-56.7994|   33.65|   31.31|   36.04|  |   2.51|   2.40|   2.62|      7.71|     NA |        NA|  1        |         13|HMXB
507|   SWIFT J1038.8-4942|159.6813|-49.7454|   13.98|       2MASX J10384520-4946531|                               |159.6883|-49.7816|   26.07|   22.89|   29.38|  |   1.89|   1.72|   2.07|      0.71|  0.0600|     44.36|  1        |          4|Sy1.5
508|   SWIFT J1039.8-0509|159.9413| -5.1775|    5.33|               RX J1039.7-0507|                               |159.9475| -5.1162|    7.19|    4.94|    9.93|  |   2.79|   2.22|   3.58|      0.56|     NA |        NA|  1        |          9|CV
509|   SWIFT J1040.7-4619|160.1043|-46.4377|   12.72|       2MASX J10402231-4625264|                               |160.0939|-46.4238|   21.00|   18.18|   23.98|  |   2.19|   2.00|   2.40|      1.56|  0.0200|     43.29|  1        |          5|Sy2
510|   SWIFT J1041.4-1740|160.4187|-17.6471|    4.72|       2MASX J10410120-1734300|                               |160.2550|-17.5749|    9.45|    6.27|   12.97|  |   1.94|   1.50|   2.47|      0.69|  0.0808|     44.20|  1        |          5|Sy2
511|   SWIFT J1042.4+0046|160.5948|  0.7233|    5.58|      SDSS J104208.36+004206.1|                               |160.5349|  0.7017|    8.19|    5.46|   11.45|  |   2.30|   1.78|   2.97|      0.46|  0.0952|     44.28|  1        |          5|Sy2
512|   SWIFT J1043.4+1105|160.8293| 11.0823|    8.46|      SDSS J104326.47+110524.2|                               |160.8603| 11.0901|   14.48|   11.43|   17.81|  |   1.86|   1.57|   2.17|      0.71|  0.0476|     43.90|  1        |          4|Sy1.5
513|   SWIFT J1044.1+7024|160.9568| 70.4354|    9.64|                MCG +12-10-067|                               |161.0356| 70.4054|   13.73|   11.23|   16.45|  |   1.92|   1.68|   2.18|      1.57|  0.0336|     43.57|  1        |          5|Sy2
514|   SWIFT J1044.8-5941|161.2877|-59.7132|    8.01|                    Eta Carina|                               |161.2650|-59.6840|    7.30|    5.77|    9.08|  |   4.17|   3.37|   5.33|      1.69|     NA |        NA|  1        |         15|XRB
515|   SWIFT J1044.8+3812|161.1855| 38.1509|    9.12|                MCG +06-24-008|                               |161.2040| 38.1810|   13.79|   11.06|   16.71|  |   1.77|   1.51|   2.06|      1.38|  0.0259|     43.34|  1        |          5|Sy2
516|   SWIFT J1045.3-6024|161.3114|-60.4223|    8.23|       2MASS J10445192-6025115|                               |161.2163|-60.4199|   14.29|   11.50|   17.27|  |   1.98|   1.71|   2.27|      1.09|  0.0470|     43.88|  1        |          5|Sy2
517|   SWIFT J1046.8+2556|161.6763| 25.9297|   12.75|                     UGC 05881|                               |161.6770| 25.9313|   19.82|   16.94|   22.87|  |   1.81|   1.61|   2.02|      0.68|  0.0205|     43.29|  1        |          5|Sy2
518|   SWIFT J1048.4-2511|162.0966|-25.1543|   13.47|                      NGC 3393|                               |162.0977|-25.1621|   31.15|   27.15|   35.33|  |   1.47|   1.29|   1.64|      1.47|  0.0125|     43.05|  1        |          5|Sy2
519|   SWIFT J1049.4+2258|162.3881| 22.9793|   21.96|                       Mrk 417|                               |162.3789| 22.9644|   34.36|   31.45|   37.36|  |   1.81|   1.69|   1.93|      0.67|  0.0328|     43.94|  1        |          5|Sy2
520|  SWIFT J1051.2-1704A|162.7541|-17.0178|   10.05|                      NGC 3431|                               |162.8127|-17.0080|   12.14|    8.39|   16.39| Y |   1.45|   1.02|   1.86|      1.50|  0.0175|     42.94|  1        |          5|Sy2
521|  SWIFT J1051.2-1704B|162.8909|-17.0890|    9.69|       2MASX J10513744-1707292|                               |162.9061|-17.1248|   14.98|   10.73|   19.59| Y |   1.57|   1.12|   2.05|      1.70|  0.0183|     43.07|  1        |          5|Sy2
522|   SWIFT J1052.8+1043|163.1442| 10.6133|    9.55|       2MASX J10523297+1036205|                               |163.1370| 10.6060|   15.23|   12.36|   18.33|  |   2.04|   1.78|   2.33|      0.57|  0.0878|     44.48|  1        |          5|Sy1.9
523|   SWIFT J1059.8+6507|164.9590| 65.0938|    7.42|       2MASX J10594361+6504063|                               |164.9315| 65.0684|   10.77|    8.29|   13.49|  |   1.83|   1.52|   2.16|      1.12|  0.0836|     44.28|  1        |          5|Sy2
524|   SWIFT J1100.9+1104|165.1851| 11.0807|    4.86|                       Mrk 728|                               |165.2574| 11.0469|    8.07|    5.13|   11.50|  |   1.88|   1.35|   2.50|      0.36|  0.0356|     43.39|  1        |          4|Sy1.5
525|   SWIFT J1103.4+3731|165.8745| 37.4862|    6.39|         FBQS J110340.2+372925|                               |165.9178| 37.4904|    8.03|    5.85|   10.48|  |   2.17|   1.79|   2.62|      1.16|  0.0739|     44.04|  1        |          4|Sy1
526|   SWIFT J1103.5-2329|165.8763|-23.4880|    8.34|       2MASX J11033765-2329307|                               |165.9067|-23.4920|   12.15|    9.69|   14.88|  |   2.64|   2.30|   3.05|      0.76|  0.1860|     45.09|  1        |          7|BZB
527|   SWIFT J1104.4+3812|166.1068| 38.2136|  110.61|                       Mrk 421|                               |166.1138| 38.2088|  111.88|  110.03|  113.76|  |   2.84|   2.81|   2.88|      2.84|  0.0300|     44.38|  1        |          7|BZB
528|  SWIFT J1105.7+5854A|166.5039| 58.9040|   10.22|                  CGCG 291-028|                               |166.4959| 58.9460|   12.09|    9.83|   14.53| Y |   2.11|   1.84|   2.41|      1.46|  0.0477|     43.82|  1        |          5|Sy2
529|  SWIFT J1105.7+5854B|166.3447| 58.8188|    8.72|       2MASX J11053754+5851206|                               |166.4068| 58.8558|    4.62|    1.65|    8.14| Y |   1.15|  -0.04|   2.36|      0.83|  0.1916|     44.70|  1        |          4|Sy1.2
530|   SWIFT J1106.5+7234|166.6665| 72.5713|   72.02|                      NGC 3516|                               |166.6979| 72.5686|  101.89|   99.20|  104.61|  |   1.86|   1.83|   1.89|      9.41|  0.0088|     43.26|  1        |          4|Sy1.2
531|   SWIFT J1110.6-2832|167.7074|-28.5334|    6.02|                ESO 438- G 009|                               |167.7000|-28.5011|    8.89|    6.39|   11.77|  |   2.49|   2.03|   3.04|      0.50|  0.0240|     43.08|  1        |          4|Sy1
532|   SWIFT J1113.6+0936|168.4393|  9.5547|    7.16|                       IC 2637|                               |168.4570|  9.5860|   11.92|    8.88|   15.29|  |   1.88|   1.52|   2.27|      0.33|  0.0292|     43.38|  1        |          4|Sy1
533|   SWIFT J1114.3+2020|168.5283| 20.4036|    5.50|                NGC 3588 NED01|                               |168.5103| 20.3873|    9.21|    6.58|   12.09|  |   1.84|   1.47|   2.25|      1.22|  0.0262|     43.17|  1        |          5|Sy2
534|   SWIFT J1114.3+7944|168.5975| 79.7350|    7.18|                MCG +13-08-056|                               |168.6830| 79.7266|   13.61|   10.36|   17.12|  |   1.34|   0.98|   1.71|      0.19|  0.0371|     43.65|  1        |          5|Sy2
535|   SWIFT J1115.3+5423|168.8105| 54.3661|    8.30|          MCG +09-19-015 NED02|                               |168.8333| 54.3880|   10.33|    8.14|   12.73|  |   2.14|   1.83|   2.49|      0.41|  0.0703|     44.11|  1        |          5|Sy2
536|   SWIFT J1118.5-5440|169.6365|-54.6416|   11.00|       2MASS J11182121-5437286|                               |169.5884|-54.6246|   17.93|   14.59|   21.51|  |   1.93|   1.65|   2.23|      2.31|     NA |        NA|  1        |         14|LMXB
537|   SWIFT J1119.5+5132|169.8789| 51.6008|    4.09|                  SBS 1116+518|                               |169.9084| 51.5543|    5.35|    3.10|    8.02|  |   1.91|   1.30|   2.63|      2.26|  0.1070|     44.21|  1        |          4|Sy1
538|   SWIFT J1120.8-4316|170.2247|-43.2389|    9.43|                ESO 265- G 023|                               |170.2000|-43.2640|   14.95|   12.20|   17.96|  |   2.28|   2.00|   2.60|      0.76|  0.0560|     44.06|  1        |          4|Sy1
539|   SWIFT J1121.0-6154|170.1994|-61.9231|   47.24|                    1A 1118-61|                               |170.2384|-61.9167|   67.22|   64.89|   69.58|  |   2.57|   2.52|   2.63|     26.16|     NA |        NA|  1        |         13|HMXB
540|   SWIFT J1120.9-6037|170.3129|-60.6232| 1001.18|                       Cen X-3|                               |170.3158|-60.6230| 1099.99| 1098.53| 1101.47|  |   4.09|   4.08|   4.09|   3285.26|     NA |        NA|  1        |         13|HMXB
541|   SWIFT J1124.6-5917|171.1120|-59.2945|    6.43|                PSR J1124-5916|                               |171.1633|-59.2719|    9.46|    6.78|   12.51|  |   2.21|   1.78|   2.73|      1.42|     NA |        NA|  1        |         10|Pulsar
542|   SWIFT J1125.6+5423|171.3813| 54.3729|   14.26|                       ARP 151|                               |171.4007| 54.3825|   20.88|   18.36|   23.52|  |   1.81|   1.65|   1.98|      1.26|  0.0211|     43.34|  1        |          4|Sy1.2
543|   SWIFT J1126.7+3514|171.6970| 35.2419|    6.44|                       Mrk 423|                               |171.7021| 35.2509|    9.83|    7.13|   12.83|  |   1.69|   1.30|   2.11|      1.19|  0.0323|     43.39|  1        |          5|Sy2
544|   SWIFT J1127.5+1906|171.8047| 19.0691|    9.59|       2MASX J11271632+1909198|                               |171.8178| 19.1556|   14.36|   11.69|   17.26|  |   1.95|   1.70|   2.22|      1.56|  0.1055|     44.62|  1        |          5|Sy1.9
545|   SWIFT J1130.1-1447|172.5376|-14.7899|   11.90|                   PKS 1127-14|                               |172.5294|-14.8243|   23.23|   19.31|   27.38|  |   1.71|   1.47|   1.96|      0.86|  1.1840|     47.28|  1        |          7|BZQ
546|   SWIFT J1131.0-6256|172.7961|-62.9436|   11.32|                     HD 100199|                               |172.7788|-62.9469|   15.13|   12.99|   17.43|  |   2.79|   2.53|   3.08|      2.20|     NA |        NA|  1        |         13|HMXB
547|   SWIFT J1131.9-1233|173.0083|-12.5489|    4.77|       2MASX J11315154-1231587|                               |172.9647|-12.5329|    8.42|    4.94|   12.58|  |   1.90|   1.26|   2.72|      0.33|  0.6540|     46.20|  1        |          4|Sy1/Lense
548|   SWIFT J1132.7+5301|173.2386| 53.0052|    8.12|                      NGC 3718|                               |173.1452| 53.0679|   10.48|    8.27|   12.90|  |   2.05|   1.76|   2.38|      1.02|  0.0033|     41.41|  1        |          5|Sy2
549|  SWIFT J1132.9+1019A|173.1859| 10.3114|   10.45|                       IC 2921|                               |173.2053| 10.2965|   19.18|   15.90|   22.63| Y |   1.62|   1.40|   1.86|      1.02|  0.0437|     43.95|  1        |          4|Sy1.2
550|  SWIFT J1132.9+1019B|173.4087| 10.2739|    4.53|               [HB89] 1130+106|                               |173.2479| 10.3951|    3.68|    1.52|    6.29| Y |   2.50|   1.65|   3.80|      0.62|  0.5398|     45.64|  1        |          7|BZQ
551|   SWIFT J1136.7+6738|174.0880| 67.6259|   11.08|       2MASX J11363009+6737042|                               |174.1253| 67.6179|   12.80|   10.72|   15.04|  |   2.29|   2.05|   2.55|      1.66|  0.1342|     44.80|  1        |          7|BZG
552|   SWIFT J1136.0+2132|174.1280| 21.5696|    8.63|                      Mrk 739E|                               |174.1220| 21.5960|   10.85|    8.72|   13.17|  |   2.44|   2.14|   2.79|      1.21|  0.0299|     43.36|  1        |          4|Sy1
553|   SWIFT J1136.7-6007|174.1849|-60.1010|    9.84|       2MASX J11364205-6003070|                               |174.1752|-60.0519|   17.86|   14.81|   21.14|  |   1.85|   1.61|   2.09|      1.44|  0.0140|     42.91|  1        |          4|Sy1
554|  SWIFT J1138.9+2529A|174.7055| 25.4724|    7.55|       2MASX J11383367+2523532|                               |174.6405| 25.3981|    9.60|    7.25|   12.24| Y |   2.15|   1.78|   2.56|      1.10|  0.0254|     43.16|  1        |          5|Sy2
555|  SWIFT J1138.9+2529B|174.9069| 25.6333|    5.07|      SDSS J113915.13+253557.9|                               |174.8131| 25.5994|    7.53|    4.29|   11.13| Y |   1.14|   0.48|   1.80|      1.50|  0.2195|     45.04|  1        |          5|Sy2
556|   SWIFT J1139.1+5913|174.8050| 59.2050|   18.81|                  SBS 1136+594|                               |174.7870| 59.1990|   23.53|   21.11|   26.05|  |   2.00|   1.85|   2.15|      0.55|  0.0601|     44.32|  1        |          4|Sy1.5
557|   SWIFT J1139.0-2323|174.7134|-23.3474|   10.42|                  HE 1136-2304|                               |174.7129|-23.3600|   18.47|   15.33|   21.83|  |   2.12|   1.88|   2.37|      1.20|  0.0270|     43.50|  1        |          5|Sy1.9
558|   SWIFT J1139.0-3743|174.7539|-37.7488|   88.52|                      NGC 3783|                               |174.7572|-37.7386|  167.13|  163.80|  170.48|  |   1.98|   1.96|   2.01|     12.69|  0.0097|     43.56|  1        |          4|Sy1.2
559|   SWIFT J1139.5-6526|174.8207|-65.4036|    6.37|                        GT Mus|                               |174.8733|-65.3978|    5.74|    4.59|    7.00|  |   5.33|   4.33|   6.78|      1.84|     NA |        NA|  1        |         15|XRB
560|   SWIFT J1139.8+3157|174.9201| 31.9418|    6.50|                      NGC 3786|                               |174.9270| 31.9090|    9.90|    7.35|   12.71|  |   1.82|   1.47|   2.20|      0.71|  0.0089|     42.25|  1        |          5|Sy1.9
561|   SWIFT J1141.3+2156|175.3007| 21.9207|   13.35|                   PG 1138+222|                               |175.3173| 21.9394|   19.15|   16.45|   22.00|  |   1.93|   1.74|   2.14|      0.89|  0.0632|     44.28|  1        |          4|Sy1.5
562|   SWIFT J1142.2+1021|175.5670| 10.3348|   10.00|                      NGC 3822|                               |175.5463| 10.2778|   15.59|   12.44|   18.97|  |   1.83|   1.55|   2.15|      1.41|  0.0209|     43.20|  1        |          4|Sy1
563|   SWIFT J1142.7+7149|175.8637| 71.6977|   16.38|                        DO Dra|                               |175.9098| 71.6890|   15.34|   13.76|   17.03|  |   3.07|   2.86|   3.30|      1.29|     NA |        NA|  1        |          9|CV
564|   SWIFT J1144.0-6105|176.0337|-61.1079|   28.32|               IGR J11435-6109|                               |175.9667|-61.1500|   43.44|   40.90|   46.07|  |   2.37|   2.28|   2.46|      7.45|     NA |        NA|  1        |         13|HMXB
565|   SWIFT J1144.1+3652|176.1456| 36.8695|    9.34|                  KUG 1141+371|                               |176.1240| 36.8860|   15.39|   12.54|   18.41|  |   1.57|   1.32|   1.83|      0.41|  0.0381|     43.73|  1        |          4|Sy1.2
566|   SWIFT J1143.7+7942|176.1753| 79.6788|   18.39|                     UGC 06728|                               |176.3168| 79.6815|   24.46|   22.06|   26.95|  |   2.11|   1.97|   2.25|      1.84|  0.0065|     42.37|  1        |          4|Sy1.2
567|   SWIFT J1145.6-1819|176.4135|-18.4570|   26.52|       2MASX J11454045-1827149|                               |176.4186|-18.4543|   49.75|   46.33|   53.26|  |   2.02|   1.93|   2.12|      2.18|  0.0329|     44.11|  1        |          4|Sy1.2
568|   SWIFT J1145.2+5905|176.4132| 58.9717|   11.13|                MCG +10-17-061|                               |176.3881| 58.9781|   14.36|   12.06|   16.85|  |   1.98|   1.76|   2.22|      1.36|  0.0099|     42.51|  1        |          5|Sy2
569|   SWIFT J1145.6-6956|176.5177|-69.9013|    8.71|                  PKS 1143-696|                               |176.4734|-69.9005|   15.68|   12.55|   19.03|  |   1.75|   1.47|   2.05|      0.27|  0.2440|     45.46|  1        |          7|BZQ
570|  SWIFT J1147.2-6156A|176.8724|-61.9349|  248.42|                1E 1145.1-6141|                               |176.8692|-61.9539|  346.41|  344.06|  348.79|  |   2.65|   2.64|   2.66|    141.51|     NA |        NA|  1        |         13|HMXB
571|  SWIFT J1147.2-6156B|176.8920|-62.0521|  213.98|                    4U 1145-61|                               |177.0001|-62.2069|   83.71|   81.31|   86.15| Y |   2.57|   2.52|   2.62|     13.20|     NA |        NA|  1        |         13|HMXB
572|   SWIFT J1148.3+0901|177.0226|  8.9934|    5.58|       2MASX J11475508+0902284|                               |176.9795|  9.0413|    7.49|    5.43|    9.81|  |   2.60|   2.17|   3.16|      1.51|  0.0688|     43.95|  1        |          4|Sy1.5
573|   SWIFT J1148.7+2941|177.1965| 29.6479|   15.83|                MCG +05-28-032|                               |177.1915| 29.6412|   23.16|   20.53|   25.91|  |   1.87|   1.72|   2.03|      1.23|  0.0230|     43.46|  1        |          5|Sy2
574|   SWIFT J1149.3-0414|177.3179| -4.2233|    6.74|       2MASX J11491868-0416512|                               |177.3278| -4.2808|   10.81|    7.91|   14.09|  |   2.15|   1.76|   2.60|      0.49|  0.0845|     44.30|  1        |          4|Sy1
575|   SWIFT J1149.3+5307|177.3474| 53.2806|    5.92|      SDSS J114921.52+532013.4|                               |177.3397| 53.3371|    6.95|    4.96|    9.23|  |   2.24|   1.82|   2.75|      0.88|  0.0951|     44.21|  1        |          4|Sy1.5
576|   SWIFT J1152.1-1122|178.0452|-11.3402|    8.46|                   PG 1149-110|                               |178.0148|-11.3734|   14.69|   11.56|   18.11|  |   2.11|   1.81|   2.45|      0.97|  0.0490|     43.93|  1        |          4|Sy1.2
577|   SWIFT J1152.6-0512|178.1565| -5.2118|   11.49|                MCG -01-30-041|                               |178.1590| -5.2070|   21.43|   18.07|   25.02|  |   1.83|   1.62|   2.04|      1.32|  0.0188|     43.25|  1        |          4|Sy1.8
578|   SWIFT J1153.6+4931|178.3368| 49.4951|    8.24|                     4C +49.22|                               |178.3519| 49.5191|   11.56|    9.09|   14.22|  |   1.79|   1.49|   2.10|      0.34|  0.3340|     45.64|  1        |          7|BZQ
579|   SWIFT J1157.8+5529|179.4465| 55.4406|   10.94|                      NGC 3998|                               |179.4839| 55.4536|   14.32|   11.84|   16.98|  |   1.88|   1.64|   2.15|      0.35|  0.0035|     41.60|  1        |          5|Sy1.9
580|   SWIFT J1158.9+4234|179.7405| 42.6089|    7.20|                       IC 0751|                               |179.7191| 42.5703|   10.49|    8.06|   13.14|  |   1.82|   1.51|   2.16|      1.30|  0.0312|     43.38|  1        |          5|Sy2
581|   SWIFT J1159.7-2002|179.9373|-20.0392|    5.58|        2MASSi J1159410-195924|                               |179.9208|-19.9900|   12.19|    8.75|   16.07|  |   1.76|   1.38|   2.17|      0.74|  0.4500|     45.97|  1        |          4|Sy1
582|   SWIFT J1200.8+0650|180.2332|  6.8155|   12.38|       2MASX J12005792+0648226|                               |180.2413|  6.8064|   20.82|   17.79|   24.03|  |   1.87|   1.67|   2.07|      1.61|  0.0360|     43.81|  1        |          5|Sy2
583|   SWIFT J1201.2-0341|180.3080| -3.6971|    5.95|                      Mrk 1310|                               |180.3098| -3.6781|   10.69|    7.65|   14.04|  |   1.95|   1.58|   2.39|      1.55|  0.0194|     42.97|  1        |          4|Sy1.5
584|   SWIFT J1200.2-5350|180.6834|-53.8351|   29.32|                    LEDA 38038|                               |180.6985|-53.8355|   47.99|   45.00|   51.06|  |   2.11|   2.03|   2.21|      2.93|  0.0280|     43.95|  1        |          5|Sy2
585|   SWIFT J1203.0+4433|180.7850| 44.5322|   35.73|                      NGC 4051|                               |180.7901| 44.5313|   43.15|   41.03|   45.31|  |   2.23|   2.15|   2.30|      5.03|  0.0023|     41.71|  1        |          4|Sy1.5
586|   SWIFT J1204.5+2019|181.1127| 20.3082|   15.44|                       ARK 347|                               |181.1237| 20.3162|   25.42|   22.44|   28.54|  |   1.71|   1.55|   1.88|      1.72|  0.0224|     43.47|  1        |          5|Sy2
587|   SWIFT J1204.8+2758|181.1610| 27.9160|    6.70|                        GQ Com|                               |181.1754| 27.9033|    9.51|    7.12|   12.12|  |   1.98|   1.65|   2.35|      1.97|  0.1653|     44.87|  1        |          4|Sy1.5
588|   SWIFT J1204.9+3105|181.2129| 31.1388|    7.73|                     UGC 07064|                               |181.1806| 31.1773|   11.99|    9.23|   14.98|  |   1.72|   1.41|   2.05|      1.15|  0.0250|     43.25|  1        |          5|Sy2
589|   SWIFT J1205.8+4959|181.4014| 49.9378|    5.76|       2MASX J12055599+4959561|                               |181.4834| 49.9990|    8.19|    5.85|   10.79|  |   1.76|   1.36|   2.18|      1.66|  0.0631|     43.91|  1        |          4|Sy1.5
590|   SWIFT J1206.2+5243|181.6090| 52.7091|   22.60|                      NGC 4102|                               |181.5963| 52.7109|   32.74|   30.16|   35.40|  |   1.70|   1.59|   1.80|      1.38|  0.0028|     41.77|  1        |          5|Sy2
591|   SWIFT J1207.5+3355|181.8741| 33.8194|    7.85|                    B2 1204+34|                               |181.8870| 33.8780|   13.58|   10.76|   16.57|  |   1.56|   1.29|   1.85|      1.14|  0.0791|     44.33|  1        |          5|Sy2
592|   SWIFT J1209.5+4702|182.2950| 47.0417|   16.61|                       Mrk 198|                               |182.3088| 47.0583|   21.61|   19.35|   23.96|  |   1.98|   1.83|   2.13|      1.87|  0.0242|     43.47|  1        |          5|Sy2
593|   SWIFT J1209.4+4340|182.3881| 43.6800|   16.70|                      NGC 4138|                               |182.3741| 43.6853|   23.29|   20.87|   25.81|  |   1.90|   1.76|   2.05|      0.37|  0.0030|     41.68|  1        |          5|Sy2
594|   SWIFT J1210.1-4637|182.5522|-46.5973|    6.47|       2MASX J12100404-4636274|                               |182.5168|-46.6076|   12.72|    9.53|   16.25|  |   1.79|   1.45|   2.16|      1.28|  0.0315|     43.48|  1        |          4|Sy1
595|   SWIFT J1210.5+3924|182.6366| 39.4060|  439.94|                      NGC 4151|                               |182.6357| 39.4057|  625.47|  622.91|  628.03|  |   1.86|   1.85|   1.87|    157.13|  0.0033|     43.19|  1        |          4|Sy1.5
596|   SWIFT J1210.7+3819|182.6712| 38.3208|   15.66|                  KUG 1208+386|                               |182.6840| 38.3360|   21.78|   19.44|   24.22|  |   2.01|   1.86|   2.16|      2.54|  0.0228|     43.42|  1        |          4|Sy1.2
597|   SWIFT J1211.3-3935|182.8273|-39.5937|    8.07|       2MASX J12111425-3933268|                               |182.8095|-39.5574|   14.20|   11.06|   17.61|  |   2.09|   1.77|   2.45|      1.09|  0.0611|     44.12|  1        |          5|Sy2
598|   SWIFT J1212.3-5806|183.1101|-58.0404|    9.41|               IGR J12123-5802|                               |183.0950|-58.0217|   12.94|   10.63|   15.45|  |   2.63|   2.33|   2.97|      0.63|     NA |        NA|  1        |          9|CV
599|   SWIFT J1212.9+0702|183.2410|  7.0492|    8.55|                      NGC 4180|                               |183.2620|  7.0380|   15.05|   11.82|   18.52|  |   1.70|   1.40|   2.00|      0.34|  0.0070|     42.23|  1        |          5|Sy2
600|  SWIFT J1213.1+3239A|183.2862| 32.5669|    6.72|                  CGCG 187-022|                               |183.2888| 32.5964|    9.32|    6.91|   12.00| Y |   1.95|   1.60|   2.35|      0.47|  0.0249|     43.13|  1        |          5|Sy2
601|  SWIFT J1213.1+3239B|183.2346| 32.8305|    4.77|                    B2 1210+33|                               |183.2659| 32.7936|    6.56|    4.10|    9.40| Y |   1.91|   1.38|   2.57|      1.41|  2.5108|     47.53|  1        |          7|BZQ
602|   SWIFT J1213.2-6458|183.2899|-64.8741|   14.65|        SWIFT J121314.7-645231|                               |183.3208|-64.8800|   15.15|   13.67|   16.72|  |   4.27|   3.89|   4.70|      1.96|     NA |        NA|  1        |         13|HMXB
603|   SWIFT J1213.2-6020|183.2972|-60.2620|    7.35|         1RXS J121324.5-601458|                               |183.3479|-60.2547|    9.78|    7.68|   12.14|  |   2.81|   2.43|   3.28|      0.62|     NA |        NA|  1        |         12|Unknown Star
604|   SWIFT J1213.9-0531|183.4461| -5.5072|    4.75|       2MASX J12135456-0530193|                               |183.4774| -5.5054|    7.06|    4.44|   10.22|  |   2.34|   1.78|   3.09|      1.05|  0.0660|     43.88|  1        |          4|Sy1
605|   SWIFT J1214.3+2933|183.5678| 29.5405|   11.64|                       Was 49b|                               |183.5749| 29.5304|   16.76|   14.16|   19.53|  |   1.93|   1.72|   2.15|      0.62|  0.0632|     44.22|  1        |          4|Sy1
606|   SWIFT J1217.2-2611|184.2170|-26.1873|    7.77|                ESO 505-IG 030|                               |184.2380|-26.2093|   18.19|   14.40|   22.28|  |   1.61|   1.34|   1.90|      2.09|  0.0397|     43.84|  1        |          5|Sy2
607|   SWIFT J1217.3+0714|184.2889|  7.1885|   24.69|                      NGC 4235|                               |184.2912|  7.1916|   41.81|   38.62|   45.08|  |   1.82|   1.72|   1.93|      0.28|  0.0080|     42.79|  1        |          4|Sy1.2
608|   SWIFT J1218.5+2952|184.6084| 29.8310|   19.81|                       Mrk 766|                               |184.6105| 29.8129|   24.80|   22.62|   27.05|  |   2.35|   2.22|   2.49|      2.78|  0.0129|     42.98|  1        |          4|Sy1.5
609|   SWIFT J1219.4+4720|184.7398| 47.2849|   13.53|                         M 106|                               |184.7396| 47.3040|   18.26|   15.95|   20.68|  |   1.87|   1.70|   2.05|      2.14|  0.0015|     40.97|  1        |          5|Sy1.9
610|   SWIFT J1221.3+3012|185.3482| 30.1644|   10.39|               FBQS J1221+3010|                               |185.3414| 30.1770|   11.11|    9.32|   13.10|  |   2.85|   2.54|   3.22|      1.46|  0.1836|     45.04|  1        |          7|BZB
611|   SWIFT J1222.4+7520|185.4856| 75.3000|   13.71|                       Mrk 205|                               |185.4333| 75.3107|   16.47|   14.20|   18.88|  |   2.26|   2.06|   2.49|      0.76|  0.0708|     44.32|  1        |          4|Sy1
612|   SWIFT J1222.4+0414|185.5964|  4.2187|   13.91|                     4C +04.42|                               |185.5940|  4.2211|   31.13|   27.39|   35.01|  |   1.41|   1.24|   1.58|      0.47|  0.9650|     47.19|  1        |          7|BZQ
613|   SWIFT J1223.7+0238|185.8554|  2.6745|   13.38|                        Mrk 50|                               |185.8506|  2.6791|   24.46|   21.16|   27.92|  |   1.82|   1.63|   2.01|      1.06|  0.0234|     43.50|  1        |          4|Sy1
614|   SWIFT J1224.9+2122|186.2119| 21.4034|   14.35|                   PG 1222+216|                               |186.2269| 21.3796|   24.16|   21.20|   27.25|  |   1.69|   1.52|   1.86|      1.11|  0.4320|     46.23|  1        |          7|BZQ
615|   SWIFT J1225.8+1240|186.4449| 12.6705|  143.41|                      NGC 4388|                               |186.4448| 12.6621|  239.43|  236.32|  242.55|  |   1.78|   1.76|   1.79|     10.23|  0.0084|     43.59|  1        |          5|Sy2
616|   SWIFT J1202.5+3332|186.4484| 33.5276|   18.46|                      NGC 4395|                               |186.4538| 33.5468|   28.15|   25.61|   30.77|  |   1.93|   1.81|   2.06|      2.67|  0.0011|     40.89|  1        |          4|Sy1
617|   SWIFT J1226.6-6244|186.6569|-62.7702| 2330.17|                      GX 301-2|                               |186.6567|-62.7706| 2842.04| 2840.21| 2843.87|  |   3.24|   3.23|   3.24| 112445.95|     NA |        NA|  1        |         13|HMXB
618|   SWIFT J1227.8-4856|187.0069|-48.8936|   13.63|         1RXS J122758.8-485343|                               |186.9954|-48.8956|   26.54|   23.13|   30.11|  |   1.80|   1.62|   1.99|      0.54|     NA |        NA|  1        |          9|CV
619|   SWIFT J1229.1+0202|187.2766|  2.0474|  203.42|                        3C 273|                               |187.2779|  2.0524|  378.49|  375.04|  381.94|  |   1.75|   1.73|   1.76|      1.66|  0.1583|     46.43|  1        |          7|BZQ
620|   SWIFT J1231.0-4231|187.7225|-42.6320|    5.18|         1RXS J123113.2-423524|                               |187.7996|-42.5887|    7.52|    5.12|   10.37|  |   2.54|   2.02|   3.19|      1.61|     NA |        NA|  1        |         12|Unknown Star
621|   SWIFT J1231.4+5758|187.8169| 57.9955|    4.78|                      NGC 4500|                               |187.8423| 57.9646|    5.58|    3.68|    7.87|  |   2.36|   1.83|   3.04|      0.60|  0.0104|     42.14|  1        |          5|Sy2
622|   SWIFT J1232.0-4802|187.9833|-47.9723|    7.55|       2MASX J12313717-4758019|                               |187.9042|-47.9672|   13.24|   10.32|   16.41|  |   2.08|   1.77|   2.43|      0.61|  0.0278|     43.38|  1        |          4|Sy1
623|   SWIFT J1232.1+2009|188.0222| 20.1361|    7.33|                       Mrk 771|                               |188.0150| 20.1581|   10.33|    7.92|   12.99|  |   2.16|   1.82|   2.54|      0.40|  0.0630|     44.01|  1        |          4|Sy1.2
624|   SWIFT J1232.0-4219|187.9928|-42.2878|    7.55|         1RXS J123212.3-421745|                               |188.0503|-42.2980|   14.81|   11.58|   18.28|  |   1.89|   1.60|   2.21|      1.22|  0.0980|     44.57|  1        |          4|Sy1.5
625|   SWIFT J1234.7-6433|188.7112|-64.5584|   57.02|                        RT Cru|                               |188.7239|-64.5656|   85.83|   83.24|   88.47|  |   2.40|   2.35|   2.45|     12.32|     NA |        NA|  1        |         12|Symbiotic star
626|   SWIFT J1235.6-3954|188.8993|-39.9108|   99.44|                      NGC 4507|                               |188.9026|-39.9093|  196.42|  192.90|  199.95|  |   1.85|   1.83|   1.88|     26.61|  0.0118|     43.80|  1        |          5|Sy2
627|   SWIFT J1238.1-3842|189.5424|-38.6706|    5.86|                     V1025 Cen|                               |189.5685|-38.7128|    7.96|    5.79|   10.53|  |   2.93|   2.40|   3.62|      0.47|     NA |        NA|  1        |          9|CV
628|   SWIFT J1238.6+0928|189.6868|  9.4411|    6.90|        2MASXJ12384342+0927362|                               |189.6809|  9.4602|   10.85|    8.13|   13.90|  |   1.98|   1.63|   2.37|      0.56|  0.0829|     44.28|  1        |          5|Sy2
629|   SWIFT J1238.9-2720|189.7177|-27.3044|   37.64|                  ESO 506-G027|                               |189.7275|-27.3078|   83.69|   79.72|   87.72|  |   1.65|   1.59|   1.71|      9.40|  0.0250|     44.09|  1        |          5|Sy2
630|   SWIFT J1239.3-1611|189.7816|-16.1776|   12.46|                   LEDA 170194|                               |189.7762|-16.1797|   26.37|   22.69|   30.24|  |   1.79|   1.60|   1.99|      1.10|  0.0367|     43.93|  1        |          5|Sy2
631|   SWIFT J1239.6-0519|189.9109| -5.3397|   44.46|                      NGC 4593|                               |189.9143| -5.3443|   84.35|   80.88|   87.89|  |   1.83|   1.77|   1.89|      3.29|  0.0090|     43.19|  1        |          4|Sy1
632|  SWIFT J1240.2+3457A|189.9984| 34.9582|    5.77|                       Mrk 653|                               |189.9653| 34.9749|    8.30|    6.01|   10.88|  |   2.06|   1.67|   2.51|      0.76|  0.0431|     43.57|  1        |          5|Sy2
633|  SWIFT J1240.2+3457B|190.2692| 35.0273|    4.02|                      NGC 4619|                               |190.4356| 35.0628|    6.17|    3.43|    9.34| Y |   1.46|   0.81|   2.11|      0.49|  0.0231|     42.89|  1        |          5|Sy1.9
634|   SWIFT J1240.9-3331|190.1868|-33.5580|    8.34|                ESO 381- G 007|                               |190.1956|-33.5700|   15.99|   12.48|   19.81|  |   1.88|   1.56|   2.23|      0.42|  0.0550|     44.07|  1        |          4|Sy1
635|   SWIFT J1240.9+2735|190.2419| 27.6250|    5.60|                 KUG 1238+278A|                               |190.1934| 27.5650|    6.80|    4.63|    9.37|  |   2.38|   1.86|   3.07|      0.50|  0.0565|     43.73|  1        |          5|Sy1.9
636|   SWIFT J1241.6-5748|190.3622|-57.8393|   26.91|                      WKK 1263|                               |190.3570|-57.8340|   49.75|   46.49|   53.09|  |   1.88|   1.79|   1.97|      0.87|  0.0244|     43.84|  1        |          4|Sy1.5
637|   SWIFT J1243.3-6305|190.8674|-63.1015|    7.96|                   1H 1249-637|                               |190.7090|-63.0580|   10.62|    8.63|   12.83|  |   2.95|   2.60|   3.37|      1.75|     NA |        NA|  1        |         13|HMXB
638|   SWIFT J1246.6+5435|191.6716| 54.5380|   18.24|                      NGC 4686|                               |191.6661| 54.5342|   25.30|   22.83|   27.87|  |   1.78|   1.64|   1.91|      2.03|  0.0167|     43.21|  1        |          5|Sy2
639|   SWIFT J1248.2-5828|192.0279|-58.4622|    8.56|       2MASX J12475784-5829599|                               |191.9910|-58.5001|   17.84|   14.37|   21.52|  |   1.64|   1.36|   1.92|      1.14|  0.0280|     43.52|  1        |          5|Sy2
640|   SWIFT J1249.3-5907|192.4102|-59.0836|   49.05|                    4U 1246-58|                               |192.4140|-59.0874|   74.90|   72.12|   77.74|  |   2.33|   2.27|   2.39|      0.30|     NA |        NA|  1        |         14|LMXB
641|   SWIFT J1252.3-1323|193.0347|-13.3994|    6.98|                      NGC 4748|                               |193.0519|-13.4147|   12.89|    9.82|   16.30|  |   2.19|   1.84|   2.60|      0.71|  0.0146|     42.80|  1        |          4|Sy1.5
642|   SWIFT J1252.3-2916|193.0865|-29.2488|   21.19|                        EX Hya|                               |193.1017|-29.2491|   27.49|   25.58|   29.50|  |   3.53|   3.35|   3.72|      2.50|     NA |        NA|  1        |          9|CV
643|   SWIFT J1253.5-4137|193.3296|-41.6441|    5.00|                    ESO 323-32|                               |193.3350|-41.6370|   11.12|    7.49|   15.13|  |   1.61|   1.13|   2.11|      0.54|  0.0160|     42.82|  1        |          5|Sy2
644|   SWIFT J1255.0-2657|193.7593|-26.9436|    8.61|           6dF J1254564-265702|                               |193.7348|-26.9505|   16.30|   13.00|   19.88|  |   2.07|   1.77|   2.39|      1.02|  0.0591|     44.15|  1        |          4|Sy1.2
645|   SWIFT J1256.2-0551|194.0081| -5.7853|   20.36|                        3C 279|                               |194.0465| -5.7893|   45.97|   41.77|   50.30|  |   1.42|   1.28|   1.56|      2.84|  0.5362|     46.73|  1        |          7|BZQ
646|   SWIFT J1257.4-6915|194.4313|-69.2909|   62.60|                   4U 1254-690|                               |194.4048|-69.2886|   62.37|   61.17|   63.57|  |   5.26|   5.16|   5.37|      5.76|     NA |        NA|  1        |         14|LMXB
647|   SWIFT J1259.7+2755|194.9070| 27.9539|   42.98|                  Coma Cluster|                               |194.9531| 27.9807|   38.09|   36.86|   39.36|  |   3.95|   3.84|   4.06|      4.88|     NA |        NA|  1        |          3|Galaxy Cluster
648|   SWIFT J1300.1+1635|195.0177| 16.5803|    7.33|       2MASX J13000533+1632151|                               |195.0223| 16.5374|   12.64|    9.72|   15.84|  |   1.79|   1.46|   2.13|      0.56|  0.0800|     44.31|  1        |          5|Sy2
649|   SWIFT J1301.2-6139|195.3190|-61.6017|  278.97|                      GX 304-1|                               |195.3217|-61.6019|  382.44|  380.21|  384.71|  |   2.79|   2.78|   2.80|    807.87|     NA |        NA|  1        |         13|HMXB
650|   SWIFT J1302.0-6358|195.5351|-63.9917|   32.60|         2RXP J130159.6-635806|                               |195.4936|-63.9683|   45.77|   43.31|   48.29|  |   2.59|   2.50|   2.68|      2.19|     NA |        NA|  1        |         10|Pulsar
651|   SWIFT J1302.9+1620|195.7408| 16.3854|   13.11|                       Mrk 783|                               |195.7450| 16.4080|   20.27|   17.53|   23.17|  |   2.01|   1.82|   2.22|      0.53|  0.0672|     44.36|  1        |          4|Sy1.5
652|   SWIFT J1303.8+5345|196.0206| 53.7877|   19.45|                  SBS 1301+540|                               |195.9978| 53.7917|   26.51|   24.11|   28.99|  |   1.88|   1.76|   2.01|      1.26|  0.0299|     43.75|  1        |          4|Sy1.5
653|   SWIFT J1304.3-0532|196.0799| -5.5398|    9.57|                      NGC 4941|                               |196.0547| -5.5516|   19.00|   15.71|   22.55|  |   1.85|   1.61|   2.10|      0.88|  0.0037|     41.77|  1        |          5|Sy2
654|   SWIFT J1304.3-1022|196.0831|-10.3539|   16.74|                      NGC 4939|                               |196.0600|-10.3396|   34.81|   31.07|   38.70|  |   1.74|   1.59|   1.89|      0.18|  0.0104|     42.94|  1        |          5|Sy2
655|   SWIFT J1305.4-4928|196.3630|-49.4684|  119.74|                      NGC 4945|                               |196.3645|-49.4682|  278.08|  274.30|  281.86|  |   1.49|   1.48|   1.51|    129.73|  0.0019|     42.36|  1        |          5|Sy2
656|   SWIFT J1305.4-1034|196.2576|-10.7121|    3.10|                  PKS 1302-102|                               |196.3876|-10.5554|    5.24|    3.14|    7.90|  |   2.86|   2.11|   3.99|      0.65|  0.2784|     45.12|  1        |          7|BZQ
657|  SWIFT J1306.4-4025A|196.6427|-40.4109|   25.08|                   ESO 323-077|                               |196.6089|-40.4146|   44.17|   40.97|   47.49| Y |   2.01|   1.91|   2.11|      8.34|  0.0150|     43.36|  1        |          4|Sy1.5
658|  SWIFT J1306.4-4025B|196.8049|-40.5249|   11.63|                ESO 323- G 081|                               |196.8004|-40.4076|    7.59|    0.00|   16.45| Y |   1.47|  -1.07|   4.03|      2.82|  0.0162|     42.66|  1        |          4|Sy1
659|   SWIFT J1309.2+1139|197.2783| 11.6358|   31.53|                      NGC 4992|                               |197.2733| 11.6341|   56.44|   53.25|   59.72|  |   1.66|   1.59|   1.74|      4.85|  0.0251|     43.92|  1        |          5|Sy2
660|   SWIFT J1310.9-5553|197.6844|-55.8981|   13.63|               IGR J13109-5552|                               |197.6830|-55.8630|   29.60|   25.96|   33.37|  |   1.59|   1.41|   1.77|      0.88|  1.5591|     47.68|  1        |          7|BZQ
661|   SWIFT J1312.1-5631|197.7627|-56.4420|    6.92|       2MASX J13103701-5626551|                               |197.6543|-56.4485|   12.77|    9.59|   16.27|  |   1.98|   1.60|   2.40|      0.57|  0.1142|     44.65|  1        |          5|Sy2
662|   SWIFT J1310.7+0834|197.6611|  8.5406|    4.60|       2MASX J13105723+0837387|                               |197.7385|  8.6273|    6.52|    4.26|    9.23|  |   2.32|   1.80|   2.94|      0.83|  0.0527|     43.65|  1        |          5|Sy2
663|   SWIFT J1313.1-1108|198.2998|-11.1438|    9.00|                     II SZ 010|                               |198.2741|-11.1284|   15.86|   12.84|   19.17|  |   2.19|   1.91|   2.50|      1.90|  0.0340|     43.64|  1        |          4|Sy1.5
664|  SWIFT J1313.6+3650A|198.4396| 36.8469|    5.77|               RX J1313.8+3653|                               |198.4540| 36.8994|    7.06|    4.80|    9.67| Y |   2.11|   1.65|   2.69|      0.58|  0.0668|     43.90|  1        |          4|Sy1.5
665|  SWIFT J1313.6+3650B|198.3163| 36.5987|    3.76|                      NGC 5033|                               |198.3650| 36.5930|    4.26|    2.06|    7.11| Y |   2.16|   1.33|   3.43|      0.66|  0.0029|     40.91|  1        |          5|Sy1.9
666|   SWIFT J1315.8+4420|198.8164| 44.4012|   13.99|               UGC 08327 NED02|                               |198.8220| 44.4071|   16.63|   14.65|   18.74|  |   2.35|   2.17|   2.54|      2.71|  0.0366|     43.73|  1        |          5|Sy2
667|   SWIFT J1316.9-7155|199.2518|-71.9079|   11.41|       2MASX J13165424-7155270|                               |199.2262|-71.9242|   16.88|   14.37|   19.54|  |   2.29|   2.07|   2.54|      1.01|  0.0705|     44.32|  1        |          4|Sy1.5
668|   SWIFT J1318.6-6259|199.5378|-62.9925|   10.02|               IGR J13186-6257|                               |199.6067|-62.9708|   16.83|   14.08|   19.81|  |   2.21|   1.97|   2.47|      1.34|     NA |        NA|  1        |         13|HMXB
669|   SWIFT J1321.2+0859|200.2640|  9.0016|    8.60|                NGC 5100 NED02|                               |200.2483|  8.9783|   15.61|   12.39|   19.05|  |   1.68|   1.40|   1.98|      0.90|  0.0319|     43.58|  1        |          5|Sy1.9
670|   SWIFT J1322.2-1641|200.6024|-16.7477|   16.13|                MCG -03-34-064|                               |200.6019|-16.7286|   30.99|   27.81|   34.33|  |   2.14|   1.99|   2.29|      4.60|  0.0165|     43.29|  1        |          5|Sy1.9
671|   SWIFT J1325.4-4301|201.3655|-43.0194|  606.95|                         Cen A|                               |201.3651|-43.0191| 1181.84| 1178.24| 1185.45|  |   1.87|   1.86|   1.87|      4.34|  0.0018|     42.94|  1        |          5|Sy2
672|   SWIFT J1326.9-6207|201.6383|-62.1362|  154.84|                   4U 1323-619|                               |201.6504|-62.1361|  248.71|  245.93|  251.51|  |   2.30|   2.29|   2.32|     49.04|     NA |        NA|  1        |         14|LMXB
673|   SWIFT J1328.1-2722|202.0700|-27.3120|    6.00|                       IC 4253|                               |202.0836|-27.2986|   11.48|    8.53|   14.81|  |   2.17|   1.80|   2.58|      1.98|  0.033987 |    43.50|  1        |          5|Sy2
674|   SWIFT J1331.2-2524|202.8011|-25.3993|    7.80|                ESO 509- G 038|                               |202.8079|-25.4028|   12.57|    9.10|   16.48|  |   2.18|   1.73|   2.73|      3.71|  0.0260|     43.30|  1        |          4|Sy1
675|   SWIFT J1331.6-0504|202.9866| -5.1573|    5.49|                  PKS 1329-049|                               |203.0186| -5.1620|   13.16|    9.35|   17.34|  |   1.44|   1.01|   1.86|      0.54|  2.1500|     47.67|  1        |          7|BZQ
676|   SWIFT J1332.0-7754|203.0290|-77.8464|    7.81|                ESO 021- G 004|                               |203.1692|-77.8446|   12.66|    9.51|   16.11|  |   1.82|   1.43|   2.23|      1.26|  0.0098|     42.45|  1        |          5|Sy2
677|   SWIFT J1333.5-3401|203.3732|-34.0181|   13.27|                    ESO 383-18|                               |203.3600|-34.0160|   21.52|   18.77|   24.44|  |   2.51|   2.30|   2.74|      1.01|  0.0130|     42.92|  1        |          5|Sy2
678|   SWIFT J1334.8-2328|203.6656|-23.4096|   10.25|                ESO 509-IG 066|                               |203.6652|-23.4465|   20.02|   16.50|   23.80|  |   2.00|   1.75|   2.28|      1.10|  0.0343|     43.75|  1        |          5|Sy1.9
679|   SWIFT J1336.0+0304|203.9774|  3.0043|    9.67|                      NGC 5231|                               |203.9510|  2.9990|   16.86|   13.85|   20.10|  |   2.06|   1.80|   2.35|      0.33|  0.0218|     43.27|  1        |          5|Sy2
680|   SWIFT J1335.8-3416|203.9728|-34.2979|   37.30|                MCG -06-30-015|                               |203.9741|-34.2956|   62.84|   59.88|   65.83|  |   2.38|   2.31|   2.46|      5.28|  0.0077|     42.93|  1        |          4|Sy1
681|   SWIFT J1337.7-1253|204.3813|-12.9789|    4.68|               [HB89] 1334-127|                               |204.4158|-12.9569|    7.64|    4.92|   10.91|  |   2.52|   1.93|   3.35|      0.56|  0.5390|     45.96|  1        |          7|BZQ
682|   SWIFT J1338.2+0433|204.5693|  4.5423|   45.71|                      NGC 5252|                               |204.5665|  4.5426|   87.68|   84.30|   91.12|  |   1.79|   1.74|   1.84|      0.29|  0.0230|     44.04|  1        |          5|Sy2
683|   SWIFT J1341.2-1439|205.2831|-14.6288|   11.61|       2MASX J13411287-1438407|                               |205.3038|-14.6446|   23.60|   20.18|   27.20|  |   1.99|   1.80|   2.21|      2.48|  0.0418|     44.00|  1        |          4|Sy1.2
684|   SWIFT J1341.5+6742|205.3523| 67.6757|    5.35|                      NGC 5283|                               |205.2740| 67.6723|    8.40|    5.82|   11.24|  |   1.71|   1.29|   2.17|      0.21|  0.0104|     42.32|  1        |          5|Sy2
685|   SWIFT J1341.2+3023|205.2991| 30.3808|   13.77|                       Mrk 268|                               |205.2964| 30.3781|   19.23|   16.85|   21.72|  |   2.09|   1.92|   2.27|      2.35|  0.0399|     43.87|  1        |          5|Sy1.9
686|   SWIFT J1341.9+3537|205.5069| 35.6610|   12.55|                      NGC 5273|                               |205.5347| 35.6542|   20.25|   17.61|   23.02|  |   1.75|   1.58|   1.94|      0.88|  0.0035|     41.75|  1        |          4|Sy1.5
687|   SWIFT J1344.7+1934|206.0856| 19.5692|    6.82|                  CGCG 102-048|                               |206.0653| 19.5667|   13.30|    9.79|   17.16|  |   1.43|   1.02|   1.84|      1.31|  0.0269|     43.36|  1        |          5|Sy2
688|   SWIFT J1345.5+4139|206.3320| 41.6925|   12.44|                      NGC 5290|                               |206.3299| 41.7126|   19.12|   16.49|   21.90|  |   1.81|   1.62|   2.01|      0.54|  0.0086|     42.51|  1        |          5|Sy2
689|   SWIFT J1346.4+1924|206.6046| 19.3927|    8.08|       2MASX J13462846+1922432|                               |206.6184| 19.3787|   11.20|    8.86|   13.77|  |   2.32|   2.01|   2.68|      1.64|  0.0840|     44.31|  1        |          4|Sy1
690|   SWIFT J1347.1+7325|206.6124| 73.3831|    7.24|        2MASSi J1346085+732053|                               |206.5351| 73.3480|   10.76|    8.13|   13.63|  |   1.82|   1.48|   2.20|      0.82|  0.2900|     45.47|  1        |          7|BZQ
691|   SWIFT J1347.5-3254|206.8427|-32.8860|   10.86|                    ABELL 3571|                               |206.8706|-32.8658|   13.18|   11.64|   14.81|  |   4.59|   4.11|   5.16|      1.62|     NA |        NA|  1        |          3|Galaxy Cluster
692|   SWIFT J1347.4-6033|206.8878|-60.6013|   59.30|                    4U 1344-60|                               |206.9000|-60.6178|  111.39|  108.24|  114.57|  |   1.99|   1.95|   2.03|      7.76|  0.0129|     43.63|  1        |          5|Sy1.9
693|   SWIFT J1347.7+0212|206.9502|  2.2158|    3.61|                LBQS 1344+0233|                               |206.8516|  2.3119|    4.90|    2.64|    7.90|  |   2.67|   1.81|   4.18|      1.97|  0.1085|     44.18|  1        |          5|Sy1.9
694|   SWIFT J1349.3-3018|207.3291|-30.3069|  136.79|                      IC 4329A|                               |207.3303|-30.3094|  273.85|  270.40|  277.30|  |   2.01|   1.99|   2.03|     43.93|  0.0160|     44.21|  1        |          4|Sy1.5
695|   SWIFT J1349.7+0209|207.4444|  2.0763|    8.26|                        UM 614|                               |207.4701|  2.0791|   15.83|   12.49|   19.45|  |   1.86|   1.55|   2.18|      0.53|  0.0327|     43.60|  1        |          4|Sy1.5
696|   SWIFT J1351.5-1814|207.8878|-18.2298|    9.22|       2MASX J13512953-1813468|                               |207.8729|-18.2297|   17.23|   14.08|   20.59|  |   2.21|   1.94|   2.51|      1.17|  0.0122|     42.77|  1        |          4|Sy1
697|   SWIFT J1352.8+6917|208.2403| 69.3048|   25.33|                       Mrk 279|                               |208.2644| 69.3082|   35.33|   32.87|   37.84|  |   1.97|   1.88|   2.07|      3.09|  0.0304|     43.89|  1        |          4|Sy1.5
698|   SWIFT J1353.7-1122|208.3335|-11.3947|    5.00|       2MASX J13532820-1123055|                               |208.3675|-11.3850|   10.43|    7.21|   14.02|  |   2.00|   1.57|   2.50|      1.86|  0.0688|     44.09|  1        |          5|Sy1.9
699|   SWIFT J1354.1-3748|208.5261|-37.8097|   11.00|                  TOLOLO 00113|                               |208.5640|-37.7760|   19.89|   16.90|   23.07|  |   2.28|   2.05|   2.53|      1.38|  0.0520|     44.12|  1        |          4|Sy1
700|   SWIFT J1354.5+1326|208.6185| 13.4731|    7.08|       2MASX J13542913+1328068|                               |208.6216| 13.4687|   11.51|    8.45|   14.87|  |   1.81|   1.43|   2.24|      0.66|  0.0633|     44.06|  1        |          5|Sy2
701|   SWIFT J1355.6+3524|208.9316| 35.3463|    6.75|       2MASX J13553383+3520573|                               |208.8909| 35.3494|    9.61|    7.24|   12.23|  |   1.98|   1.63|   2.36|      0.66|  0.1016|     44.41|  1        |          5|Sy2
702|   SWIFT J1356.1+3832|208.9523| 38.5544|   11.19|                       Mrk 464|                               |208.9730| 38.5746|   15.94|   13.52|   18.51|  |   2.01|   1.79|   2.24|      0.62|  0.0501|     43.99|  1        |          4|Sy1.5
703|   SWIFT J1355.9+1822|209.0119| 18.3816|    3.05|                       Mrk 463|                               |209.0120| 18.3721|    5.77|    3.17|    8.63|  |   1.77|   1.24|   2.46|      1.67|  0.0504|     43.55|  1        |          5|Sy1.9
704|   SWIFT J1356.6-1932|209.1080|-19.5233|    7.55|                ESO 578- G 009|                               |209.1529|-19.5292|   14.33|   11.15|   17.83|  |   2.20|   1.87|   2.59|      1.51|  0.0350|     43.62|  1        |          4|Sy1
705|   SWIFT J1400.9-6324|210.1457|-63.4263|   10.39|               IGR J14003-6326|                               |210.1904|-63.4285|   16.09|   13.50|   18.88|  |   2.37|   2.12|   2.65|      2.21|     NA |        NA|  1        |         10|Pulsar
706|   SWIFT J1403.6-6146|210.9527|-61.7466|    9.06|                            NA|                               |      NA|      NA|   16.69|   13.41|   20.21|  |   1.84|   1.55|   2.15|      1.33|     NA |        NA|  1        |          0|Unknown
707|   SWIFT J1408.1-3024|212.0862|-30.3829|    7.87|       2MASX J14080674-3023537|                               |212.0282|-30.3983|   14.90|   11.78|   18.28|  |   2.17|   1.86|   2.51|      0.76|  0.0235|     43.28|  1        |          4|Sy1
708|   SWIFT J1408.2-6113|212.1521|-61.1939|    6.41|            SWIFT J1408.2-6113|                               |212.1917|-61.1320|    8.75|    6.71|   11.08|  |   2.86|   2.42|   3.38|      1.00|     NA |        NA|  1        |          9|CV
709|   SWIFT J1409.2-4515|212.3336|-45.2743|    4.26|                      V834 Cen|                               |212.2810|-45.2880|    5.70|    4.09|    7.56|  |   3.86|   3.04|   5.03|      1.26|     NA |        NA|  1        |          9|CV
710|   SWIFT J1410.9-4229|212.7193|-42.4860|    6.04|       2MASX J14104482-4228325|                               |212.6868|-42.4758|   12.39|    9.34|   15.77|  |   2.11|   1.74|   2.53|      1.47|  0.0339|     43.53|  1        |          5|Sy2
711|   SWIFT J1412.9-6522|213.2908|-65.3394|  166.64|               Circinus Galaxy|                               |213.2913|-65.3390|  290.02|  287.14|  292.87|  |   2.06|   2.04|   2.07|    440.77|  0.0014|     42.11|  1        |          5|Sy2
712|   SWIFT J1413.2-0312|213.3085| -3.2092|  124.43|                      NGC 5506|                               |213.3119| -3.2075|  233.70|  230.49|  236.92|  |   2.11|   2.09|   2.13|     64.33|  0.0062|     43.31|  1        |          5|Sy1.9
713|   SWIFT J1416.9-1158|214.2407|-11.9918|    9.56|       2MASX J14165001-1158577|                               |214.2084|-11.9829|   17.84|   14.87|   21.08|  |   2.26|   2.01|   2.53|      1.82|  0.0986|     44.66|  1        |          4|Sy1.5
714|   SWIFT J1416.9-4640|214.2198|-46.6906|   10.26|               IGR J14175-4641|                               |214.2652|-46.6948|   21.89|   18.57|   25.40|  |   1.80|   1.58|   2.03|      0.95|  0.0760|     44.50|  1        |          5|Sy2
715|   SWIFT J1417.7+6143|214.4436| 61.7602|    4.07|       2MASX J14174289+6141523|                               |214.4289| 61.6979|    5.78|    3.56|    8.37|  |   1.98|   1.41|   2.64|      1.15|  0.1188|     44.34|  1        |          5|Sy1.9
716|   SWIFT J1417.7+2539|214.4223| 25.5225|    6.07|               [HB89] 1415+259|                               |214.4860| 25.7240|    5.89|    3.92|    8.37|  |   3.08|   2.33|   4.42|      1.84|  0.2370|     45.01|  1        |          7|BZB
717|   SWIFT J1417.9+2507|214.4885| 25.1330|   64.73|                      NGC 5548|                               |214.4981| 25.1368|   99.21|   96.35|  102.10|  |   1.89|   1.85|   1.93|      2.89|  0.0172|     43.83|  1        |          4|Sy1.5
718|   SWIFT J1418.8-6055|214.8562|-60.9161|    5.82|                        Rabbit|                               |214.6785|-60.9675|   10.11|    7.43|   13.12|  |   2.21|   1.80|   2.67|      0.67|     NA |        NA|  1        |         10|Pulsar
719|   SWIFT J1419.0-2639|214.8441|-26.6375|   17.85|                  ESO 511-G030|                               |214.8434|-26.6447|   36.53|   33.03|   40.16|  |   2.02|   1.88|   2.17|      0.71|  0.0224|     43.63|  1        |          4|Sy1
720|   SWIFT J1419.8-6047|215.3245|-60.5610|    5.25|                PSR J1420-6048|                               |215.0343|-60.8046|   12.38|    8.60|   16.63|  |   1.45|   0.91|   1.97|      1.91|     NA |        NA|  1        |         10|Pulsar
721|   SWIFT J1421.2-6242|215.2987|-62.7105|   29.25|                    4U 1416-62|                               |215.3030|-62.6980|   44.25|   41.85|   46.74|  |   2.54|   2.45|   2.63|      7.19|     NA |        NA|  1        |         13|HMXB
722|   SWIFT J1421.4+4747|215.3925| 47.7851|   13.33|                  SBS 1419+480|                               |215.3742| 47.7902|   16.22|   14.02|   18.54|  |   2.24|   2.04|   2.45|      0.50|  0.0723|     44.33|  1        |          4|Sy1.2
723|   SWIFT J1424.2+2435|216.1057| 24.6094|    9.99|                      NGC 5610|                               |216.0954| 24.6144|   14.41|   11.98|   17.02|  |   2.15|   1.91|   2.41|      1.04|  0.0169|     42.98|  1        |          5|Sy2
724|   SWIFT J1424.8-6122|216.3258|-61.3259|    7.38|     SWIFT J142507.92-611858.2|                               |216.2811|-61.3159|   11.19|    8.84|   13.77|  |   2.53|   2.19|   2.93|      0.97|     NA |        NA|  1        |          9|CV
725|   SWIFT J1426.1+3747|216.5175| 37.8113|    6.11|                    ABELL 1914|                               |216.5124| 37.8256|    5.67|    4.60|    6.86|  |   4.15|   3.54|   4.94|      1.41|     NA |        NA|  1        |          3|Galaxy Cluster
726|   SWIFT J1427.5+1949|216.8301| 19.8066|    7.79|                       Mrk 813|                               |216.8540| 19.8310|   11.51|    9.05|   14.20|  |   2.16|   1.86|   2.51|      1.75|  0.1105|     44.57|  1        |          4|Sy1.2
727|   SWIFT J1428.7+4234|217.1445| 42.6557|   16.69|                  1ES 1426+428|                               |217.1361| 42.6724|   18.43|   16.40|   20.59|  |   2.51|   2.33|   2.71|      0.27|  0.1290|     44.92|  1        |          7|BZB
728|   SWIFT J1429.2+0118|217.2953|  1.2840|   11.13|                      Mrk 1383|                               |217.2775|  1.2851|   17.91|   14.82|   21.25|  |   2.20|   1.93|   2.50|      0.41|  0.0865|     44.54|  1        |          4|Sy1
729|   SWIFT J1430.2-6712|217.5250|-67.2523|   10.39|         1RXS J142959.9-671447|                               |217.4996|-67.2465|   16.44|   13.75|   19.31|  |   2.21|   1.96|   2.48|      0.69|     NA |        NA|  1        |         14|LMXB
730|   SWIFT J1431.2+2816|217.7848| 28.2323|    5.24|                       Mrk 684|                               |217.7700| 28.2873|   10.51|    7.36|   14.00|  |   1.44|   1.01|   1.89|      0.45|  0.0461|     43.73|  1        |          4|Sy1
731|   SWIFT J1432.8-4412|218.1705|-44.1692|    6.95|                      NGC 5643|                               |218.1699|-44.1746|   14.74|   11.34|   18.42|  |   1.77|   1.43|   2.12|      0.87|  0.0040|     41.73|  1        |          5|Sy2
732|   SWIFT J1433.3-6116|218.3171|-61.2803|    7.93|               IGR J14331-6112|                               |218.2847|-61.2611|   10.95|    8.75|   13.37|  |   2.73|   2.38|   3.16|      0.90|     NA |        NA|  1        |         13|HMXB
733|   SWIFT J1433.9+0528|218.4749|  5.4737|   10.92|                      NGC 5674|                               |218.4677|  5.4582|   20.10|   16.79|   23.64|  |   1.95|   1.70|   2.21|      1.09|  0.0249|     43.47|  1        |          5|Sy1.9
734|   SWIFT J1434.9+4837|218.7718| 48.6521|    5.71|                      NGC 5683|                               |218.7185| 48.6619|    8.02|    5.77|   10.48|  |   1.96|   1.60|   2.39|      1.19|  0.0362|     43.40|  1        |          4|Sy1.2
735|   SWIFT J1436.4+5846|219.0999| 58.7885|   19.81|                       Mrk 817|                               |219.0920| 58.7943|   26.28|   23.93|   28.69|  |   1.98|   1.86|   2.11|      2.63|  0.0314|     43.79|  1        |          4|Sy1.2
736|   SWIFT J1436.8-1615|219.1696|-16.1948|    7.73|       2MASX J14364961-1613410|                               |219.2067|-16.2281|   18.25|   14.60|   22.18|  |   1.85|   1.55|   2.16|      0.98|  0.1445|     45.02|  1        |          4|Sy1.5
737|   SWIFT J1439.2+1417|219.8459| 14.2879|    6.96|       2MASX J14391186+1415215|                               |219.7995| 14.2561|   10.84|    7.81|   14.26|  |   2.06|   1.60|   2.59|      1.09|  0.0714|     44.14|  1        |          5|Sy2
738|   SWIFT J1441.4+5341|220.2011| 53.5345|   11.05|                       Mrk 477|                               |220.1587| 53.5044|   15.63|   13.22|   18.19|  |   1.91|   1.70|   2.13|      0.93|  0.0377|     43.73|  1        |          5|Sy1.9
739|   SWIFT J1442.5-1715|220.5890|-17.2484|   40.24|                      NGC 5728|                               |220.5997|-17.2532|   92.53|   88.72|   96.41|  |   1.86|   1.80|   1.93|      2.81|  0.0093|     43.26|  1        |          5|Sy1.9
740|   SWIFT J1445.6+2702|221.4864| 27.0276|    4.95|                  CGCG 164-019|                               |221.4035| 27.0348|    9.66|    6.63|   13.01|  |   1.53|   1.09|   1.99|      0.33|  0.0299|     43.31|  1        |          5|Sy1.9
741|   SWIFT J1446.7-6416|221.6699|-64.2782|    5.66|               IGR J14471-6414|                               |221.6167|-64.2333|   11.67|    8.65|   14.98|  |   1.77|   1.39|   2.16|      1.25|  0.0530|     43.90|  1        |          5|Sy1.9
742|   SWIFT J1447.0-5814|221.8059|-58.2379|    5.16|                            NA|                               |      NA|      NA|    6.67|    4.56|    9.22|  |   2.86|   2.23|   3.68|      1.24|     NA |        NA|  1        |          0|Unknown
743|   SWIFT J1448.4-5945|222.1567|-59.7225|   11.00|            SWIFT J1448.4-5945|                               |222.1786|-59.7041|   14.37|   12.49|   16.35|  |   3.20|   2.93|   3.52|      2.29|     NA |        NA|  1        |         13|HMXB
744|   SWIFT J1448.7-4009|222.2010|-40.1766|    5.89|                IGR 14488-4008|                               |222.2124|-40.1464|   11.30|    8.38|   14.54|  |   2.26|   1.85|   2.73|      0.27|  0.1232|     44.66|  1        |          4|Sy1.2
745|   SWIFT J1449.5+8602|222.4671| 85.9996|    4.74|       2MASX J14545815+8554589|                               |223.7408| 85.9164|    6.82|    4.43|    9.59|  |   2.08|   1.57|   2.72|      1.14|  0.1120|     44.36|  1        |          5|Sy2
746|  SWIFT J1451.0-5540A|222.8611|-55.6890|   14.75|                      WKK 4374|                               |222.8881|-55.6773|   21.90|   19.08|   24.88| Y |   2.20|   2.01|   2.41|      1.22|  0.0180|     43.22|  1        |          5|Sy1.9
747|  SWIFT J1451.0-5540B|222.3317|-55.6011|   15.85|                   2MFGC 12018|                               |222.3032|-55.6058|   26.58|   23.33|   29.98| Y |   1.91|   1.73|   2.09|      0.67|  0.0187|     43.33|  1        |          5|Sy2
748|   SWIFT J1453.3+2558|223.2569| 25.9099|   13.52|       2MASX J14530794+2554327|                               |223.2833| 25.9091|   21.89|   19.06|   24.87|  |   1.85|   1.67|   2.03|      1.20|  0.0490|     44.11|  1        |          4|Sy1
749|   SWIFT J1453.4-5524|223.4016|-55.3713|   11.90|         1RXS J145341.1-552146|                               |223.4558|-55.3622|   16.78|   14.79|   18.92|  |   3.01|   2.77|   3.27|      2.84|     NA |        NA|  1        |          9|CV
750|   SWIFT J1454.9-5133|223.8276|-51.5626|   12.56|                      WKK 4438|                               |223.8230|-51.5710|   21.50|   18.69|   24.48|  |   2.21|   2.01|   2.43|      1.05|  0.0160|     43.11|  1        |          4|Sy1.5
751|   SWIFT J1457.8-4308|224.4550|-43.1081|   14.62|                      IC 4518A|                               |224.4216|-43.1321|   26.55|   23.80|   29.44|  |   2.34|   2.18|   2.51|      2.49|  0.0163|     43.21|  1        |          5|Sy2
752|   SWIFT J1458.9+7143|224.6212| 71.6809|    4.82|                      3C 309.1|                               |224.7816| 71.6722|    7.87|    5.09|   11.02|  |   1.54|   1.01|   2.08|      0.26|  0.9050|     46.52|  1        |          7|BZQ
753|   SWIFT J1504.2+1025|226.0179| 10.4357|   19.53|                       Mrk 841|                               |226.0050| 10.4378|   36.83|   33.62|   40.15|  |   2.00|   1.87|   2.13|      0.78|  0.0364|     44.07|  1        |          4|Sy1.2
754|  SWIFT J1506.7+0353A|226.4532|  3.6781|    7.47|                      Mrk 1392|                               |226.4860|  3.7070|   14.78|   11.45|   18.36| Y |   1.89|   1.59|   2.23|      1.22|  0.0361|     43.66|  1        |          4|Sy1.5
755|  SWIFT J1506.7+0353B|226.6725|  3.8140|    6.63|       2MASX J15064412+0351444|                               |226.6840|  3.8620|   14.70|   10.95|   18.77| Y |   1.67|   1.31|   2.07|      1.37|  0.0377|     43.70|  1        |          5|Sy2
756|   SWIFT J1508.6-4953|227.1635|-49.8659|    9.65|                PMN J1508-4953|                               |227.1617|-49.8842|   24.24|   20.31|   28.37|  |   1.34|   1.08|   1.59|      0.51|     NA |        NA|  1        |          7|BZQ
757|   SWIFT J1508.8-0013|227.1739| -0.1954|    7.85|                      Mrk 1393|                               |227.2248| -0.1970|   16.60|   13.26|   20.26|  |   1.94|   1.64|   2.25|      1.71|  0.0543|     44.08|  1        |          5|Sy1.9
758|   SWIFT J1509.4-6649|227.3582|-66.8276|   18.98|               IGR J15094-6649|                               |227.3580|-66.8230|   26.83|   24.67|   29.11|  |   2.73|   2.59|   2.88|      5.04|     NA |        NA|  1        |          9|CV
759|   SWIFT J1510.9+0547|227.7539|  5.7397|   10.24|                    ABELL 2029|                               |227.7333|  5.7447|   13.71|   12.07|   15.48|  |   3.87|   3.51|   4.28|      1.23|     NA |        NA|  1        |          3|Galaxy Cluster
760|   SWIFT J1512.0-2119|227.9885|-21.3154|   13.52|       2MASX J15115979-2119015|                               |227.9992|-21.3171|   28.29|   24.95|   31.81|  |   2.08|   1.89|   2.27|      1.67|  0.0446|     44.13|  1        |          4|Sy1.5
761|  SWIFT J1512.2-1053A|227.9136|-10.8633|    3.72|           NVSS J151148-105023|                               |227.9530|-10.8399|    7.95|    4.15|   12.55| Y |   1.81|   0.93|   2.93|      0.69|     NA |        NA|  1        |          7|BZQ
762|  SWIFT J1512.2-1053B|227.7518|-10.7453|    2.87|       2MASX J15120505-1046356|                               |228.0211|-10.7766|    3.92|    2.36|    5.71| Y |   4.88|   3.25|   7.90|      1.08|  0.1658|     44.49|  1        |          5|Sy2
763|   SWIFT J1512.8-0906|228.2203| -9.0957|   24.21|                   PKS 1510-08|                               |228.2106| -9.1000|   71.27|   66.69|   75.98|  |   1.34|   1.24|   1.44|      0.37|  0.3600|     46.51|  1        |          7|BZQ
764|   SWIFT J1513.8-5910|228.4844|-59.1443|  127.05|                  PSR B1509-58|                               |228.4813|-59.1358|  253.42|  250.11|  256.76|  |   1.79|   1.77|   1.81|      0.91|     NA |        NA|  1        |         10|Pulsar
765|   SWIFT J1513.8-8125|228.6314|-81.3943|   17.92|       2MASX J15144217-8123377|                               |228.6751|-81.3939|   29.81|   26.88|   32.85|  |   1.91|   1.77|   2.05|      0.59|  0.0684|     44.54|  1        |          4|Sy1.2
766|   SWIFT J1515.0+4205|228.7808| 42.0503|   15.53|                      NGC 5899|                               |228.7635| 42.0499|   21.80|   19.31|   24.41|  |   2.01|   1.85|   2.17|      1.80|  0.0086|     42.57|  1        |          5|Sy2
767|   SWIFT J1519.6+6538|229.9090| 65.6084|   10.97|                  CGCG 319-007|                               |229.8904| 65.5996|   16.92|   14.42|   19.59|  |   1.85|   1.65|   2.05|      1.27|  0.0440|     43.90|  1        |          5|Sy2
768|   SWIFT J1521.0-5711|230.1628|-57.1729|   60.76|                       Cir X-1|                               |230.1703|-57.1667|   66.83|   65.43|   68.26|  |   4.89|   4.78|   4.99|      4.04|     NA |        NA|  1        |         13|HMXB
769|   SWIFT J1521.8+0334|230.4923|  3.5560|    5.48|       2MASS J15213967+0337292|                               |230.4153|  3.6248|   10.44|    7.29|   14.03|  |   2.04|   1.58|   2.55|      0.83|  0.1264|     44.65|  1        |          4|Sy1.2
770|   SWIFT J1523.5+6340|230.8787| 63.6448|    5.46|                     4C +63.22|                               |230.9411| 63.6567|    6.48|    4.62|    8.59|  |   2.43|   2.01|   2.95|      1.20|  0.2040|     44.90|  1        |          4|Sy1
771|   SWIFT J1530.0-1300|232.4867|-12.9765|    5.81|       2MASX J15295830-1300397|                               |232.4930|-13.0110|   14.96|   11.31|   18.93|  |   1.80|   1.42|   2.19|      0.47|  0.1039|     44.63|  1        |          4|Sy1
772|   SWIFT J1533.2-0836|233.3316| -8.7143|   13.27|                MCG -01-40-001|                               |233.3363| -8.7005|   32.12|   28.50|   35.89|  |   1.89|   1.71|   2.07|      0.65|  0.0227|     43.59|  1        |          5|Sy1.9
773|   SWIFT J1535.8-5749|233.9988|-57.8143|   12.26|         1RXS J153552.8-575055|                               |233.9700|-57.8490|   26.37|   23.23|   29.61|  |   1.85|   1.68|   2.02|      2.33|     NA |        NA|  1        |         12|Unknown Star
774|   SWIFT J1535.9+5751|233.9658| 57.9020|   17.85|                       Mrk 290|                               |233.9682| 57.9026|   23.50|   21.13|   25.99|  |   2.11|   1.96|   2.26|      0.76|  0.0296|     43.69|  1        |          4|Sy1.5
775|   SWIFT J1539.2-6227|234.8040|-62.4455|    9.50|            SWIFT J1539.2-6227|                               |234.7999|-62.4673|   17.29|   14.35|   20.44|  |   2.05|   1.78|   2.34|      0.41|     NA |        NA|  1        |         14|LMXB
776|   SWIFT J1542.0-1410|235.5362|-14.2479|    3.90|       2MASX J15422399-1411055|                               |235.5999|-14.1849|    9.23|    6.01|   12.90|  |   2.02|   1.46|   2.68|      0.56|  0.0967|     44.35|  1        |          4|Sy1.2
777|   SWIFT J1542.6-5222|235.5979|-52.3852|  247.98|                    H 1538-522|                               |235.5971|-52.3861|  323.99|  322.08|  325.91|  |   3.33|   3.31|   3.34|    402.39|     NA |        NA|  1        |         13|HMXB
778|   SWIFT J1546.3+6928|236.5955| 69.5005|    9.79|       2MASX J15462424+6929102|                               |236.6014| 69.4861|   13.88|   11.33|   16.60|  |   1.86|   1.61|   2.13|      0.46|  0.0380|     43.68|  1        |          5|Sy2
779|   SWIFT J1547.5+2050|236.8427| 20.8405|    5.03|                      3C 323.1|                               |236.9314| 20.8713|    7.37|    5.39|    9.63|  |   2.87|   2.38|   3.52|      1.55|  0.2640|     45.21|  1        |          4|Sy1.2
780|   SWIFT J1548.1-6406|236.9685|-64.1889|    5.43|             SWIFTJ1548.1-6406|                               |237.1266|-64.0263|   10.52|    7.43|   13.95|  |   1.77|   1.32|   2.25|      0.65|  1.6931|     47.32|  1        |          7|BZQ
781|   SWIFT J1547.9-6232|236.9785|-62.5596|   58.16|                    4U 1543-62|                               |236.9762|-62.5698|   66.18|   64.67|   67.74|  |   4.17|   4.08|   4.26|      1.25|     NA |        NA|  1        |         14|LMXB
782|   SWIFT J1548.0-4529|237.0647|-45.4780|   52.56|                        NY Lup|                               |237.0608|-45.4778|   94.03|   91.38|   96.73|  |   2.39|   2.35|   2.44|     15.42|     NA |        NA|  1        |          9|CV
783|   SWIFT J1548.5-1344|237.1005|-13.7555|   17.55|                      NGC 5995|                               |237.1040|-13.7578|   39.82|   36.55|   43.15|  |   2.12|   1.99|   2.26|      2.76|  0.0252|     43.77|  1        |          4|Sy1
784|   SWIFT J1550.8-5419|237.7163|-54.3039|   22.87|                PSR J1550-5418|                               |237.7255|-54.3066|   57.93|   53.72|   62.25|  |   1.21|   1.08|   1.33|      3.86|     NA |        NA|  1        |         10|Pulsar
785|   SWIFT J1553.6+2347|238.4311| 23.7730|    6.00|                     4C +23.42|                               |238.4316| 23.8071|   10.87|    7.94|   14.12|  |   1.91|   1.52|   2.35|      0.71|  0.1150|     44.58|  1        |          5|Sy1.9
786|   SWIFT J1553.6+2606|238.4000| 26.0826|    2.93|      SDSS J155334.73+261441.4|                               |238.3947| 26.2448|    5.39|    2.80|    8.46|  |   1.99|   1.29|   2.88|      0.40|  0.1664|     44.63|  1        |          5|Sy1.9
787|   SWIFT J1557.8-7913|239.4455|-79.2074|   12.10|                   PKS 1549-79|                               |239.2453|-79.2345|   17.83|   15.18|   20.65|  |   2.21|   1.98|   2.45|      1.00|  0.1501|     45.05|  1        |          5|Sy2
788|   SWIFT J1557.8-5425|239.4972|-54.4063|   17.95|                    H 1553-542|                               |239.4512|-54.4150|   22.14|   20.56|   23.77|  |   4.00|   3.77|   4.25|      3.24|     NA |        NA|  1        |         13|HMXB
789|   SWIFT J1558.4+2718|239.6058| 27.2381|   15.55|                    ABELL 2142|                               |239.5672| 27.2246|   16.67|   15.09|   18.34|  |   3.67|   3.40|   3.98|      1.22|     NA |        NA|  1        |          3|Galaxy Cluster
790|   SWIFT J1559.6+2554|239.8744| 25.9210|   41.02|                         T CrB|                               |239.8757| 25.9202|   58.23|   55.88|   60.63|  |   2.51|   2.45|   2.58|      9.64|     NA |        NA|  1        |         12|Symbiotic star
791|   SWIFT J1600.9-6044|240.2469|-60.7468|   16.23|                   1H 1556-605|                               |240.2596|-60.7383|   19.27|   18.04|   20.52|  |   6.01|   5.61|   6.46|      2.14|     NA |        NA|  1        |         14|LMXB
792|   SWIFT J1605.9-7250|241.4686|-72.8594|   17.07|       2MASX J16052330-7253565|                               |241.3470|-72.8990|   27.21|   24.49|   30.05|  |   2.15|   2.00|   2.30|      1.32|  0.0693|     44.51|  1        |          5|Sy2
793|   SWIFT J1607.2+4834|241.8456| 48.5538|    6.18|       2MASX J16071388+4833266|                               |241.8080| 48.5573|    8.85|    6.27|   11.75|  |   1.89|   1.47|   2.35|      1.72|  0.1250|     44.57|  1        |          4|Sy1.2
794|   SWIFT J1607.4+8502|242.1924| 84.9821|    6.60|                   LEDA 100168|                               |241.8490| 85.0300|    9.55|    7.09|   12.30|  |   2.05|   1.68|   2.48|      0.89|  0.1830|     44.97|  1        |          4|Sy1
795|   SWIFT J1613.2-6043|243.0082|-60.6644|   16.97|                      WKK 6092|                               |242.9642|-60.6319|   30.43|   27.57|   33.40|  |   2.07|   1.92|   2.22|      0.52|  0.0156|     43.23|  1        |          4|Sy1.5
796|   SWIFT J1612.9-5227|243.1813|-52.4228|  310.41|                   4U 1608-522|                               |243.1792|-52.4231|  505.00|  502.36|  507.66|  |   2.48|   2.47|   2.49|     52.07|     NA |        NA|  1        |         14|LMXB
797|   SWIFT J1614.0+6544|243.5154| 65.7295|    9.95|                       Mrk 876|                               |243.4883| 65.7193|   12.52|   10.13|   15.12|  |   2.16|   1.88|   2.48|      1.17|  0.1290|     44.75|  1        |          4|Sy1
798|   SWIFT J1617.5-4958|244.1603|-49.9956|   13.33|         1RXS J161637.2-495847|                               |244.1573|-49.9791|   21.01|   18.93|   23.21|  |   2.95|   2.75|   3.16|      3.74|     NA |        NA|  1        |          9|CV
799|   SWIFT J1617.4-5056|244.3446|-50.9327|    8.83|                PSR J1617-5055|                               |244.3721|-50.9203|   18.34|   15.07|   21.82|  |   1.85|   1.56|   2.15|      0.93|     NA |        NA|  1        |         10|Pulsar
800|   SWIFT J1617.8+3223|244.4360| 32.4057|   14.11|                        3C 332|                               |244.4272| 32.3763|   24.12|   21.19|   27.19|  |   1.93|   1.75|   2.11|      0.84|  0.1510|     45.19|  1        |          4|Sy1
801|   SWIFT J1618.7-5930|244.6583|-59.4716|    9.28|                      WKK 6471|                               |244.6518|-59.4548|   18.04|   14.94|   21.32|  |   1.86|   1.60|   2.14|      1.33|  0.0350|     43.72|  1        |          4|Sy1
802|   SWIFT J1619.2-4945|244.8830|-49.7578|   19.36|       2MASS J16193220-4944305|                               |244.8842|-49.7418|   30.51|   28.28|   32.80|  |   2.82|   2.68|   2.96|      4.28|     NA |        NA|  1        |         13|HMXB
803|   SWIFT J1619.4-2808|244.8823|-28.1199|   19.39|       2MASS J16193334-2807397|                               |244.8890|-28.1277|   31.13|   28.74|   33.60|  |   2.72|   2.57|   2.88|      2.44|     NA |        NA|  1        |         14|LMXB
804|   SWIFT J1621.2+8104|244.9043| 81.0604|   10.69|                  CGCG 367-009|                               |244.8302| 81.0465|   17.61|   15.02|   20.37|  |   1.92|   1.72|   2.13|      1.07|  0.0274|     43.49|  1        |          5|Sy2
805|   SWIFT J1620.1-1539|244.9792|-15.6403| 4896.12|                       Sco X-1|                               |244.9795|-15.6402|21504.90|21499.70|21509.90|  |   5.95|   5.95|   5.95| 129165.50|     NA |        NA|  1        |         14|LMXB
806|   SWIFT J1620.9-5129|245.2009|-51.5087|   27.23|         CXOU J162046.2-513006|                               |245.1542|-51.5100|   46.11|   43.60|   48.68|  |   2.50|   2.41|   2.60|      5.39|     NA |        NA|  1        |         13|HMXB
807|   SWIFT J1625.9+4349|246.5051| 43.8000|    7.30|          87GB 162418.8+435342|                               |246.4721| 43.7872|   10.48|    7.81|   13.43|  |   2.06|   1.68|   2.50|      0.64|  1.0480|     46.80|  1        |          7|BZQ
808|   SWIFT J1626.5-2951|246.5793|-29.8327|    6.45|                   PKS 1622-29|                               |246.5251|-29.8575|   13.45|   10.39|   16.78|  |   1.97|   1.61|   2.36|      0.43|  0.8150|     46.64|  1        |          7|BZQ
809|   SWIFT J1626.9-5156|246.5856|-51.9361|   11.53|            SWIFT J1626.6-5156|                               |246.6510|-51.9428|   15.69|   13.87|   17.60|  |   3.48|   3.19|   3.82|      2.27|     NA |        NA|  1        |         13|HMXB
810|   SWIFT J1626.7+8530|246.6906| 85.5002|    6.52|                    VII Zw 653|                               |246.3580| 85.4949|    9.33|    6.98|   11.95|  |   2.13|   1.77|   2.55|      0.31|  0.0631|     43.96|  1        |          4|Sy1.2
811|   SWIFT J1628.1+5145|247.0324| 51.7510|   27.10|                      Mrk 1498|                               |247.0169| 51.7754|   42.78|   40.09|   45.52|  |   1.93|   1.84|   2.01|      3.20|  0.0547|     44.50|  1        |          4|Sy1
812|   SWIFT J1627.8-4913|247.0127|-49.2011|   74.18|                    Big Dipper|                               |247.0118|-49.1985|   92.23|   90.89|   93.58|  |   6.08|   5.99|   6.18|     17.54|     NA |        NA|  1        |         14|LMXB
813|   SWIFT J1628.4-4838|246.9543|-48.5320|    1.97|               IGR J16283-4838|                               |247.0451|-48.6489|      NA|    0.55|    2.28|  |     NA|  -3.00|   0.00|        NA|     NA |        NA|  1        |         13|HMXB
814|   SWIFT J1628.9-5023|247.1196|-50.3881|    6.94|               IGR J16287-5021|                               |247.1118|-50.3777|   11.21|    8.92|   13.71|  |   2.74|   2.35|   3.20|      0.90|     NA |        NA|  1        |         14|LMXB
815|   SWIFT J1629.9+6722|247.4091| 67.4093|    5.56|                       Mrk 885|                               |247.4510| 67.3783|   10.69|    7.69|   13.97|  |   1.47|   1.07|   1.87|      1.32|  0.0253|     43.21|  1        |          4|Sy1
816|   SWIFT J1630.5+3925|247.5565| 39.4184|    7.53|       2MASX J16303265+3923031|                               |247.6361| 39.3842|   13.51|   10.68|   16.57|  |   1.81|   1.52|   2.13|      0.92|  0.0306|     43.48|  1        |          5|Sy2
817|   SWIFT J1631.7+2353|247.8649| 23.9044|    5.55|       2MASX J16311554+2352577|                               |247.8147| 23.8826|    9.57|    6.68|   12.86|  |   1.95|   1.50|   2.44|      0.98|  0.0590|     43.91|  1        |          5|Sy1.9
818|   SWIFT J1632.1-4849|247.9517|-48.8164|  233.82|               IGR J16318-4848|                               |247.9500|-48.8175|  437.75|  435.21|  440.26|  |   2.43|   2.42|   2.44|   2056.07|     NA |        NA|  1        |         13|HMXB
819|   SWIFT J1632.1-4753|248.0131|-47.8703|  184.77|               AX J1631.9-4752|                               |248.0079|-47.8742|  297.72|  295.54|  299.93|  |   2.86|   2.84|   2.87|    673.20|     NA |        NA|  1        |         10|Pulsar
820|   SWIFT J1632.4-6729|248.0710|-67.4625|  512.83|                    4U 1626-67|                               |248.0700|-67.4619|  631.55|  629.76|  633.31|  |   3.26|   3.25|   3.27|   6470.76|     NA |        NA|  1        |         14|LMXB
821|  SWIFT J1633.8-4724A|248.5408|-47.4054|  141.75|                    4U 1630-47|                               |248.5073|-47.3930|  180.22|  177.75|  182.72| Y |   2.62|   2.60|   2.65|      5.93|     NA |        NA|  1        |         14|LMXB
822|  SWIFT J1633.8-4724B|248.3630|-47.3698|  131.05|               IGR J16328-4726|                               |248.1579|-47.3951|   77.80|   75.28|   80.40| Y |   2.61|   2.55|   2.68|     21.36|     NA |        NA|  1        |         13|HMXB
823|   SWIFT J1635.0-5804|248.8046|-58.0877|   12.86|                ESO 137- G 034|                               |248.8070|-58.0800|   31.64|   28.21|   35.17|  |   1.55|   1.39|   1.71|      2.07|  0.0090|     42.77|  1        |          5|Sy2
824|   SWIFT J1638.7-6420|249.5622|-64.3653|   22.64|                   TrA Cluster|                               |249.5671|-64.3472|   25.31|   23.75|   26.91|  |   3.85|   3.66|   4.06|      0.89|     NA |        NA|  1        |          3|Galaxy Cluster
825|   SWIFT J1639.2-4641|249.7744|-46.6929|   55.25|               AX J1639.0-4642|                               |249.7730|-46.7031|   80.72|   78.87|   82.60|  |   3.43|   3.37|   3.49|     65.70|     NA |        NA|  1        |         13|HMXB
826|   SWIFT J1640.8-5343|250.2332|-53.7532|  380.84|                   4U 1636-536|                               |250.2313|-53.7514|  575.79|  573.40|  578.18|  |   2.77|   2.76|   2.78|     28.42|     NA |        NA|  1        |         14|LMXB
827|   SWIFT J1641.9-4531|250.4415|-45.5663|   33.64|               IGR J16418-4532|                               |250.4616|-45.5404|   62.51|   60.09|   64.90|  |   2.56|   2.50|   2.63|     86.52|     NA |        NA|  1        |         13|HMXB
828|   SWIFT J1643.2+7036|250.9401| 70.6533|    5.67|                      NGC 6232|                               |250.8343| 70.6325|    8.97|    6.39|   11.90|  |   1.78|   1.38|   2.20|      2.87|  0.0148|     42.66|  1        |          5|Sy2
829|   SWIFT J1643.1+3951|250.7613| 39.7992|    9.27|                        3C 345|                               |250.7450| 39.8103|   19.76|   16.26|   23.47|  |   1.39|   1.11|   1.66|      0.50|  0.5928|     46.47|  1        |          7|BZQ
830|   SWIFT J1645.7-4538|251.4497|-45.6132|  652.29|                      GX 340+0|                               |251.4456|-45.6111|  847.38|  845.95|  848.82|  |   5.56|   5.55|   5.57|    480.49|     NA |        NA|  1        |         14|LMXB
831|  SWIFT J1647.9-4511A|252.0102|-45.2172|   32.31|       2MASS J16480656-4512068|                               |252.0273|-45.2019|   76.43|   73.54|   79.30| Y |   2.06|   2.01|   2.12|     90.12|     NA |        NA|  1        |         13|HMXB
832|  SWIFT J1647.9-4511B|251.4774|-45.2814|   45.85|               IGR J16465-4507|                               |251.6480|-45.1170|   60.83|   59.36|   62.29| Y |   5.35|   5.22|   5.48|      2.01|     NA |        NA|  1        |         13|HMXB
833|   SWIFT J1648.0-3037|252.0437|-30.6017|   11.77|       2MASX J16481523-3035037|                               |252.0635|-30.5845|   24.79|   21.69|   28.03|  |   1.99|   1.79|   2.19|      0.66|  0.0310|     43.75|  1        |          4|Sy1
834|   SWIFT J1649.3-4351|252.3821|-43.8266|   24.80|       2MASS J16492695-4349090|                               |252.3623|-43.8192|   48.35|   45.83|   50.92|  |   2.55|   2.46|   2.65|      3.66|     NA |        NA|  1        |         13|HMXB
835|   SWIFT J1649.9-3307|252.4692|-33.1484|   11.20|               IGR J16500-3307|                               |252.4818|-33.1172|   19.30|   17.00|   21.71|  |   2.76|   2.53|   3.01|      1.91|     NA |        NA|  1        |          9|CV
836|   SWIFT J1650.5+0434|252.6648|  4.6247|   10.12|                   LEDA 214543|                               |252.6781|  4.6050|   22.56|   19.31|   25.96|  |   1.90|   1.69|   2.12|      1.93|  0.0321|     43.74|  1        |          5|Sy1.9
837|  SWIFT J1652.0-5915A|252.7777|-59.2155|   14.97|                ESO 138- G 001|                               |252.8456|-59.2345|   15.39|   12.96|   17.97| Y |   2.42|   2.16|   2.71|      2.32|  0.0091|     42.47|  1        |          5|Sy2
838|  SWIFT J1652.0-5915B|253.1852|-59.2295|   17.08|                      NGC 6221|                               |253.1925|-59.2173|   30.06|   26.92|   33.30| Y |   1.83|   1.67|   2.00|      2.01|  0.0050|     42.23|  1        |          5|Sy2
839|   SWIFT J1652.3+5554|253.0605| 55.9069|    9.72|                     UGC 10593|                               |253.0780| 55.9055|   14.61|   12.08|   17.34|  |   2.06|   1.81|   2.33|      0.59|  0.0291|     43.47|  1        |          5|Sy2
840|   SWIFT J1652.3-4520|253.1038|-45.3791|    7.91|                 XTE J1652-453|                               |253.0854|-45.3442|   19.17|   16.34|   22.16|  |   2.07|   1.84|   2.31|      3.11|     NA |        NA|  1        |         14|LMXB
841|   SWIFT J1652.9+0223|253.2591|  2.3972|   32.20|                      NGC 6240|                               |253.2454|  2.4009|   71.89|   68.50|   75.33|  |   1.82|   1.75|   1.89|      4.19|  0.0245|     44.01|  1        |          5|Sy2
842|   SWIFT J1653.2+2352|253.2642| 23.8320|    7.83|       2MASX J16531506+2349431|                               |253.3127| 23.8286|   13.87|   10.95|   17.07|  |   1.95|   1.65|   2.28|      0.85|  0.1034|     44.59|  1        |          5|Sy2
843|   SWIFT J1654.0+3946|253.4686| 39.7624|   60.77|                       Mrk 501|                               |253.4676| 39.7602|   85.60|   83.08|   88.18|  |   2.33|   2.28|   2.38|      4.25|  0.0337|     44.36|  1        |          7|BZB
844|   SWIFT J1653.8-3952|253.4384|-39.8837|   16.04|                  GRO J1655-40|                               |253.5006|-39.8458|   35.66|   32.53|   38.87|  |   2.00|   1.85|   2.15|      1.54|     NA |        NA|  1        |         14|LMXB
845|   SWIFT J1654.7-1917|253.6580|-19.2742|   13.47|         1RXS J165443.5-191620|                               |253.6820|-19.2720|   22.16|   20.00|   24.35|  |   2.98|   2.78|   3.20|      2.46|     NA |        NA|  1        |          9|CV
846|   SWIFT J1656.1-5200|254.0372|-52.0508|   21.29|         1RXS J165605.6-520345|                               |254.0238|-52.0614|   42.25|   39.24|   45.35|  |   2.01|   1.90|   2.12|      0.99|  0.0540|     44.48|  1        |          4|Sy1.2
847|   SWIFT J1656.3-3302|254.0796|-33.0383|   17.77|       2MASS J16561677-3302127|                               |254.0699|-33.0369|   48.84|   45.33|   52.41|  |   1.60|   1.48|   1.71|      0.93|  2.4000|     48.36|  1        |          7|BZQ
848|   SWIFT J1657.7+3518|254.4577| 35.3419|  793.81|                       Her X-1|                               |254.4576| 35.3424|  958.91|  957.13|  960.62|  |   3.26|   3.26|   3.27|  10838.45|     NA |        NA|  1        |         14|LMXB
849|   SWIFT J1659.2-1515|254.8328|-15.2746|   18.37|                MAXI J1659-152|                               |254.7565|-15.2585|   38.69|   35.80|   41.67|  |   2.18|   2.05|   2.31|      1.92|     NA |        NA|  1        |         14|LMXB
850|   SWIFT J1700.6-4222|255.0962|-42.3513|   14.61|               AX J1700.2-4220|                               |255.0808|-42.3385|   30.35|   27.78|   32.98|  |   2.51|   2.35|   2.68|      1.38|     NA |        NA|  1        |         14|LMXB
851|   SWIFT J1700.8-4139|255.2027|-41.6577|  523.21|       2MASS J17004888-4139214|                               |255.2030|-41.6562| 1097.99| 1095.49| 1100.46|  |   2.62|   2.62|   2.63|   4218.99|     NA |        NA|  1        |         13|HMXB
852|   SWIFT J1700.9-4610|255.2385|-46.1969|   46.12|                 XTE J1701-462|                               |255.2436|-46.1857|   65.02|   63.52|   66.54|  |   5.61|   5.48|   5.74|      3.54|     NA |        NA|  1        |         14|LMXB
853|   SWIFT J1701.3-4304|255.3630|-43.1224|    5.52|       2MASS J17012815-4306123|                               |255.3673|-43.1037|   11.00|    8.70|   13.50|  |   2.69|   2.29|   3.14|      0.80|     NA |        NA|  1        |          9|CV
854|   SWIFT J1701.7-4050|255.4387|-40.8494|   44.50|                 XTE J1701-407|                               |255.4349|-40.8588|  100.50|   97.69|  103.34|  |   2.31|   2.26|   2.36|      2.59|     NA |        NA|  1        |         14|LMXB
855|   SWIFT J1702.8-4849|255.7031|-48.7874|  296.16|                      GX 339-4|                               |255.7063|-48.7897|  648.33|  645.15|  651.51|  |   1.87|   1.86|   1.87|     94.66|     NA |        NA|  1        |         14|LMXB
856|   SWIFT J1703.9-3753|255.9863|-37.8441| 1684.96|                   4U 1700-377|                               |255.9866|-37.8441| 3552.30| 3549.75| 3554.77|  |   2.66|   2.65|   2.66|  16548.44|     NA |        NA|  1        |         13|HMXB
857|   SWIFT J1704.3+7838|256.1373| 78.6006|    7.84|                    ABELL 2256|                               |255.9312| 78.7175|    8.48|    7.18|    9.91|  |   3.71|   3.29|   4.22|      0.84|     NA |        NA|  1        |          3|Galaxy Cluster
858|   SWIFT J1705.9-3624|256.4370|-36.4235|  788.83|                      GX 349+2|                               |256.4354|-36.4231| 1303.33| 1301.58| 1305.10|  |   5.91|   5.90|   5.92|   1566.41|     NA |        NA|  1        |         14|LMXB
859|   SWIFT J1706.2-4303|256.5567|-43.0359|  239.50|                   4U 1702-429|                               |256.5638|-43.0358|  447.63|  445.16|  450.12|  |   2.68|   2.67|   2.69|     17.26|     NA |        NA|  1        |         14|LMXB
860|   SWIFT J1706.6-6146|256.5770|-61.7178|   34.98|        SWIFT J179616.4-614240|                               |256.5000|-61.7167|   60.48|   57.63|   63.38|  |   2.07|   2.00|   2.14|      1.57|     NA |        NA|  1        |         14|LMXB
861|   SWIFT J1706.7+2401|256.6446| 23.9664|   33.78|                    4U 1700+24|                               |256.6438| 23.9718|   47.47|   45.00|   50.01|  |   2.50|   2.41|   2.59|      2.29|     NA |        NA|  1        |         14|LMXB
862|   SWIFT J1708.6+2155|257.2360| 21.8868|    2.92|       2MASX J17085915+2153082|                               |257.2464| 21.8856|    5.87|    2.76|    9.60|  |   1.69|   0.83|   2.75|      0.45|  0.0723|     43.89|  1        |          4|Sy1.2
863|   SWIFT J1708.5-4008|257.1723|-40.1603|   12.68|           RX J170849.0-400910|                               |257.1953|-40.1480|   45.18|   41.41|   49.04|  |   1.38|   1.23|   1.52|      0.50|     NA |        NA|  1        |         10|Pulsar
864|   SWIFT J1708.9-4404|257.2296|-44.1007|  320.19|                   4U 1705-440|                               |257.2270|-44.1020|  441.71|  440.14|  443.28|  |   5.26|   5.24|   5.28|     58.44|     NA |        NA|  1        |         14|LMXB
865|   SWIFT J1708.7-3216|257.2433|-32.3406|    6.29|                    4U 1705-32|                               |257.2267|-32.3160|   15.53|   12.60|   18.66|  |   2.18|   1.82|   2.57|      0.58|     NA |        NA|  1        |         14|LMXB
866|   SWIFT J1709.4-2639|257.3766|-26.7102|   18.75|                 XTE J1709-267|                               |257.3766|-26.6556|   26.55|   24.55|   28.65|  |   3.60|   3.34|   3.87|      3.67|     NA |        NA|  1        |         14|LMXB
867|  SWIFT J1709.8-3627A|257.3348|-36.3971|   41.87|               IGR J17091-3624|                               |257.2817|-36.4070|  142.88|  139.54|  146.23|  |   1.79|   1.75|   1.83|     10.93|     NA |        NA|  1        |         14|LMXB
868|  SWIFT J1709.8-3627B|257.4667|-36.4633|   22.10|               IGR J17098-3628|                               |257.4414|-36.4663|   87.70|   84.15|   91.30|  |   1.57|   1.50|   1.63|      6.80|     NA |        NA|  1        |         14|LMXB
869|   SWIFT J1710.3-2806|257.5961|-28.1801|   24.00|                 XTE J1710-281|                               |257.5523|-28.1308|   46.27|   43.51|   49.09|  |   2.41|   2.30|   2.53|      2.21|     NA |        NA|  1        |         14|LMXB
870|   SWIFT J1711.8-3935|257.9448|-39.5010|    8.40|                SNR G347.3-0.5|                               |257.9830|-39.7020|   16.14|   13.73|   18.66|  |   2.91|   2.54|   3.33|      0.97|     NA |        NA|  1        |         11|SNR
871|   SWIFT J1712.5-2322|258.0982|-23.3501|   63.80|                   Oph Cluster|                               |258.1082|-23.3759|   93.17|   91.40|   94.95|  |   4.04|   3.98|   4.11|     17.27|     NA |        NA|  1        |          3|Galaxy Cluster
872|   SWIFT J1712.2-4051|258.1302|-40.8552|   22.72|                    4U 1708-40|                               |258.0990|-40.8427|   34.84|   33.11|   36.57|  |   6.41|   6.08|   6.77|      1.42|     NA |        NA|  1        |         14|LMXB
873|   SWIFT J1712.7-2412|258.1642|-24.2644|   33.35|                     V2400 Oph|                               |258.1519|-24.2457|   54.05|   51.98|   56.15|  |   3.26|   3.17|   3.36|      5.11|     NA |        NA|  1        |          9|CV
874|   SWIFT J1712.8-3737|258.1460|-37.6286|   54.47|              SAX J1712.6-3739|                               |258.1531|-37.6447|  122.53|  119.93|  125.16|  |   2.69|   2.64|   2.74|      4.04|     NA |        NA|  1        |         14|LMXB
875|   SWIFT J1717.1-6249|259.2522|-62.8238|   58.77|                      NGC 6300|                               |259.2478|-62.8206|  102.66|   99.75|  105.57|  |   2.01|   1.97|   2.05|     16.34|  0.0037|     42.50|  1        |          5|Sy2
876|   SWIFT J1719.7+4900|259.8608| 48.9685|   10.60|                      ARP 102B|                               |259.8104| 48.9804|   17.27|   14.60|   20.09|  |   2.02|   1.81|   2.25|      0.87|  0.0242|     43.37|  1        |          5|Sy1.9
877|   SWIFT J1719.6-4102|259.8971|-41.0044|   17.49|         CXOU J171935.8-410053|                               |259.8994|-41.0149|   36.94|   34.63|   39.29|  |   2.94|   2.80|   3.08|      2.35|     NA |        NA|  1        |          9|CV
878|   SWIFT J1720.3-3115|260.0188|-31.2874|   16.78|       2MASS J17200591-3116596|                               |260.0254|-31.2839|   37.93|   35.69|   40.17|  |   3.42|   3.28|   3.58|      7.80|     NA |        NA|  1        |         13|HMXB
879|   SWIFT J1720.5-5141|260.0695|-51.6853|    4.33|         1RXS J172032.0-514414|                               |260.1358|-51.7369|    5.91|    3.78|    8.64|  |   2.90|   2.03|   4.22|      0.90|     NA |        NA|  1        |         12|Unknown Star
880|   SWIFT J1721.7+4316|260.5375| 43.3005|    7.60|                      RBS 1640|                               |260.5083| 43.2567|   12.19|    9.41|   15.22|  |   1.94|   1.62|   2.30|      0.13|  0.1370|     44.80|  1        |          4|Sy1.5
881|   SWIFT J1723.1-2839|260.7366|-28.7203|    3.64|                PSR J1723-2837|                               |260.8462|-28.6318|   12.62|    9.03|   16.47|  |   1.41|   0.92|   1.90|      1.29|     NA |        NA|  1        |         14|LMXB/Pulsar
882|   SWIFT J1723.2+3418|260.8267| 34.3011|   10.85|                     4C +34.47|                               |260.8367| 34.2994|   16.88|   14.34|   19.59|  |   2.23|   2.01|   2.48|      0.67|  0.2060|     45.33|  1        |          4|Sy1.2
883|   SWIFT J1723.5+3630|260.8491| 36.4883|   12.22|       2MASX J17232321+3630097|                               |260.8467| 36.5028|   21.07|   18.20|   24.10|  |   1.94|   1.75|   2.15|      1.13|  0.0400|     43.91|  1        |          4|Sy1.5
884|   SWIFT J1725.1-3616|261.2994|-36.2873|   53.13|                  EXO 1722-363|                               |261.2975|-36.2831|  136.68|  134.28|  139.08|  |   3.15|   3.10|   3.19|     71.09|     NA |        NA|  1        |         13|HMXB
885|   SWIFT J1725.2-3258|261.3396|-32.9461|   13.64|               IGR J17254-3257|                               |261.3535|-32.9527|   35.90|   32.94|   38.91|  |   2.38|   2.21|   2.57|      2.89|     NA |        NA|  1        |         14|LMXB
886|   SWIFT J1727.4-3046|261.8881|-30.8022|  134.13|                    4U 1722-30|                               |261.8883|-30.8019|  344.69|  341.91|  347.47|  |   2.63|   2.61|   2.65|      6.01|     NA |        NA|  1        |         14|LMXB
887|   SWIFT J1730.4-0558|262.5944| -5.9880|   39.87|         1RXS J173021.5-055933|                               |262.5912| -5.9921|   70.73|   68.14|   73.39|  |   2.44|   2.37|   2.50|     14.43|     NA |        NA|  1        |          9|CV
888|   SWIFT J1731.3+1442|262.8464| 14.6772|    4.08|       2MASX J17311341+1442561|                               |262.8058| 14.7155|    8.13|    5.30|   11.27|  |   1.94|   1.44|   2.51|      0.84|  0.0823|     44.15|  1        |          4|Sy1
889|   SWIFT J1731.6-1657|262.9350|-16.9627|  277.19|                        GX 9+9|                               |262.9342|-16.9617|  349.51|  348.10|  350.92|  |   5.99|   5.96|   6.01|     77.77|     NA |        NA|  1        |         14|LMXB
890|   SWIFT J1731.9-1915|262.9868|-19.2395|    8.09|                     V2487 Oph|                               |262.9990|-19.2320|   16.41|   13.86|   19.08|  |   2.38|   2.12|   2.66|      1.98|     NA |        NA|  1        |          9|CV/Nova
891|   SWIFT J1732.1-3349|262.9907|-33.8350|  390.78|                    4U 1728-34|                               |262.9892|-33.8347|  926.42|  923.95|  928.89|  |   3.16|   3.15|   3.17|     11.10|     NA |        NA|  1        |         14|LMXB
892|   SWIFT J1731.9-2444|263.0074|-24.7440|  466.36|                        GX 1+4|                               |263.0090|-24.7456| 1198.82| 1195.95| 1201.69|  |   2.30|   2.30|   2.30|   2538.86|     NA |        NA|  1        |         14|LMXB
893|   SWIFT J1733.5-3325|263.3294|-33.4507|   11.90|                  MXB 1730-335|                               |263.3504|-33.3878|   25.08|   22.97|   27.21|  |   4.86|   4.49|   5.26|      0.80|     NA |        NA|  1        |         14|LMXB
894|   SWIFT J1733.3+3635|263.4393| 36.5400|    8.67|       2MASX J17333689+3631319|                               |263.4037| 36.5255|   16.49|   12.99|   20.21|  |   1.51|   1.18|   1.85|      1.60|  0.0437|     43.88|  1        |          5|Sy1.9
895|   SWIFT J1735.5-3255|263.8578|-32.9007|    9.63|       2MASS J17352760-3255544|                               |263.8650|-32.9318|   26.04|   23.30|   28.84|  |   2.63|   2.42|   2.87|      0.20|     NA |        NA|  1        |         13|HMXB
896|   SWIFT J1737.5-2908|264.3688|-29.1434|   35.08|               AX J1737.4-2907|                               |264.3681|-29.1340|  107.36|  104.27|  110.45|  |   2.21|   2.16|   2.26|      7.36|  0.0214|     44.06|  1        |          5|Sy1.9
897|  SWIFT J1737.7-5956A|264.5324|-60.0942|    5.89|          1RXSJ173751.2-600408|                               |264.4669|-60.0666|   10.63|    7.84|   13.70|  |   2.02|   1.62|   2.46|      0.29|  3.6560|     48.13|  1        |          7|BZQ
898|  SWIFT J1737.7-5956B|264.4110|-59.9584|   11.58|                ESO 139- G 012|                               |264.4128|-59.9407|   21.01|   18.10|   24.07|  |   1.99|   1.78|   2.21|      0.55|  0.0170|     43.15|  1        |          4|Sy1
899|   SWIFT J1738.3-2657|264.5688|-26.9937|   72.32|                  SLX 1735-269|                               |264.5667|-27.0044|  240.66|  237.52|  243.81|  |   2.29|   2.26|   2.31|      9.86|     NA |        NA|  1        |         14|LMXB
900|   SWIFT J1738.9-3024|264.6799|-30.4422|    5.89|               IGR J17391-3021|                               |264.7980|-30.3440|   12.52|   10.40|   14.67|  |   4.61|   3.98|   5.40|      0.43|     NA |        NA|  1        |         13|HMXB
901|   SWIFT J1739.2-4428|264.7431|-44.4509|  382.49|                    4U 1735-44|                               |264.7429|-44.4500|  491.48|  490.06|  492.90|  |   5.22|   5.20|   5.23|    318.64|     NA |        NA|  1        |         14|LMXB
902|   SWIFT J1740.0-3651|265.1202|-36.9411|    7.13|               IGR J17404-3655|                               |265.1125|-36.9273|   17.22|   14.69|   19.89|  |   2.65|   2.35|   2.98|      1.67|     NA |        NA|  1        |         14|LMXB
903|  SWIFT J1740.6-2821A|265.1776|-28.3205|   21.48|                  SLX 1737-282|                               |265.1788|-28.3022|   64.05|   60.96|   67.17| Y |   2.33|   2.24|   2.43|      3.29|     NA |        NA|  1        |         14|LMXB
904|  SWIFT J1740.6-2821B|264.8526|-28.3035|   -2.72|                 XTE J1739-285|                               |264.9748|-28.4963|    0.00|    0.00|    5.43| Y |   1.50|   0.00|   0.00|      0.00|     NA |        NA|  1        |         14|LMXB
905|   SWIFT J1741.9-1211|265.4720|-12.1852|   17.86|                2E 1739.1-1210|                               |265.4760|-12.1970|   38.93|   35.85|   42.09|  |   1.94|   1.82|   2.07|      1.39|  0.0370|     44.10|  1        |          4|Sy1
906|   SWIFT J1742.1-6054|265.4809|-60.8962|    6.07|                   PKS 1737-60|                               |265.5093|-60.9222|   10.63|    7.96|   13.53|  |   2.08|   1.72|   2.50|      1.15|  0.1520|     44.84|  1        |          4|Sy1
907|   SWIFT J1742.2+1833|265.5782| 18.5057|    6.27|                     4C +18.51|                               |265.5291| 18.4557|    8.12|    5.57|   11.10|  |   2.50|   1.93|   3.26|      0.80|  0.1860|     44.91|  1        |          4|Sy1
908|   SWIFT J1743.1-3620|265.8845|-36.3301|    5.56|                 XTE J1743-363|                               |265.7555|-36.3728|   11.62|    9.34|   14.03|  |   3.10|   2.61|   3.71|      1.44|     NA |        NA|  1        |         14|LMXB
909|   SWIFT J1743.4+6253|265.9100| 62.8357|    6.39|                  CGCG 300-062|                               |265.8225| 62.8392|    8.07|    5.90|   10.60|  |   2.44|   2.00|   2.98|      0.75|  0.0330|     43.32|  1        |          5|Sy2
910|   SWIFT J1743.7-2946|265.9593|-29.7428|  250.64|                1E 1740.7-2942|                               |265.9785|-29.7452|  936.21|  932.72|  939.71|  |   1.83|   1.82|   1.83|     99.89|     NA |        NA|  1        |         13|HMXB
911|   SWIFT J1744.6-3232|266.2722|-32.4781|    9.62|        SWIFT J174437.5-323220|                               |266.1561|-32.5389|   18.73|   16.41|   21.09| Y |   3.44|   3.11|   3.82|      0.61|     NA |        NA|  1        |         15|XRB
912|   SWIFT J1745.4+2906|266.4306| 29.1138|   12.30|         1RXS J174538.1+290823|                               |266.4090| 29.1400|   19.83|   17.11|   22.70|  |   2.11|   1.91|   2.33|      0.97|  0.1106|     44.81|  1        |          4|Sy1.5
913|  SWIFT J1746.3-2850A|266.3677|-29.1034|   50.21|                        SGR A*|                               |266.4168|-29.0078|  105.34|  102.34|  108.37| Y |   2.55|   2.49|   2.61|      9.12|     NA |        NA|  1        |         NA|Galactic Center
914|  SWIFT J1746.3-2850B|266.6342|-28.7257|   41.15|                2E 1743.1-2842|                               |266.5875|-28.7289|   76.67|   74.08|   79.27| Y |   3.52|   3.42|   3.62|      2.87|     NA |        NA|  1        |         14|LMXB
915|  SWIFT J1746.3-2850C|266.5981|-28.9165|   47.52|              SAX J1747.0-2853|                               |266.7608|-28.8830|   91.51|   88.30|   94.75| Y |   2.30|   2.23|   2.37|      3.32|     NA |        NA|  1        |         14|LMXB
916|  SWIFT J1746.3-2850D|266.3185|-28.8507|   71.76|               IGR J17461-2853|                               |266.5211|-28.8836|  105.77|  103.05|  108.49| Y |   3.07|   3.01|   3.14|      5.58|     NA |        NA|  1        |          1|molecular cloud
917|  SWIFT J1746.3-2931A|266.5050|-29.5035|   83.00|                2E 1742.9-2929|                               |266.5217|-29.5149|  170.08|  167.91|  172.25| Y |   5.06|   5.00|   5.12|      4.18|     NA |        NA|  1        |         14|LMXB
918|  SWIFT J1746.3-2931B|266.2133|-29.3762|   53.79|                   KS 1741-293|                               |266.2417|-29.3367|  123.42|  120.33|  126.53| Y |   2.33|   2.28|   2.37|     10.94|     NA |        NA|  1        |         14|LMXB
919|   SWIFT J1746.2-3214|266.5729|-32.2379|  108.03|               XTE J17464-3213|                               |266.5650|-32.2335|  360.45|  357.12|  363.78|  |   1.97|   1.95|   1.98|     11.57|     NA |        NA|  1        |         14|LMXB
920|   SWIFT J1747.6-2817|266.8244|-28.2779|   11.57|               IGR J17475-2822|                               |266.7992|-28.4388|   42.29|   39.11|   45.53|  |   2.39|   2.24|   2.54|      0.44|     NA |        NA|  1        |          1|molecular cloud
921|   SWIFT J1747.4-2719|266.8384|-27.3505|   37.92|               IGR J17473-2721|                               |266.8253|-27.3441|  148.84|  145.60|  152.09|  |   2.31|   2.27|   2.36|     12.07|     NA |        NA|  1        |         14|LMXB
922|   SWIFT J1747.4-3003|266.8579|-30.0205|   60.55|                  SLX 1744-299|                               |266.8578|-30.0004|  143.77|  141.22|  146.35|  |   3.13|   3.08|   3.17|      4.15|     NA |        NA|  1        |         14|LMXB
923|   SWIFT J1747.7-2253|266.9100|-22.8972|    4.93|               IGR J17476-2253|                               |266.8740|-22.8790|   24.61|   20.68|   28.73|  |   1.44|   1.13|   1.74|      0.32|  0.0467|     44.11|  1        |          4|Sy1.5
924|  SWIFT J1747.8+6837A|267.0552| 68.8973|    3.11|                       Mrk 507|                               |267.1599| 68.7044|    5.05|    2.56|    8.09| Y |   1.79|   1.10|   2.59|      0.90|  0.0559|     43.59|  1        |          4|Sy1.2
925|  SWIFT J1747.8+6837B|267.0217| 68.6142|    5.56|                    VII Zw 742|                               |266.7493| 68.6102|    7.09|    5.23|    9.22| Y |   2.64|   2.20|   3.17|      0.85|  0.0630|     43.84|  1        |          4|Sy1.2
926|  SWIFT J1747.9-2631A|266.9730|-26.5635|  177.99|                        GX 3+1|                               |266.9833|-26.5636|  427.51|  425.10|  429.93| Y |   6.50|   6.47|   6.54|     67.01|     NA |        NA|  1        |         14|LMXB
927|  SWIFT J1747.9-2631B|267.2294|-26.6363|   83.11|               AX J1749.1-2639|                               |267.3000|-26.6472|  140.45|  137.94|  142.95| Y |   4.33|   4.27|   4.40|     53.39|     NA |        NA|  1        |         13|HMXB
928|   SWIFT J1748.1-3605|267.0654|-36.0920|   10.60|                   1A 1744-361|                               |267.0800|-36.1210|   16.65|   14.81|   18.52|  |   4.38|   3.93|   4.87|      1.14|     NA |        NA|  1        |         14|LMXB
929|   SWIFT J1748.8-3257|267.1562|-32.8842|   10.26|       2MASS J17485512-3254521|                               |267.2297|-32.9145|   29.44|   26.43|   32.55|  |   2.18|   2.00|   2.37|      0.92|  0.0200|     43.44|  1        |          5|Sy1.9
930|   SWIFT J1749.4-2735|267.1820|-27.5094|    0.39|               AX J1749.1-2733|                               |267.2880|-27.5530|    7.69|    0.00|   13.76|  |  -1.80|  -2.77|   0.57|      1.45|     NA |        NA|  1        |         13|HMXB
931|   SWIFT J1749.4-2822|267.3151|-28.3967|   -0.40|        SWIFT J174938.1-282117|                               |267.4088|-28.3547|   17.24|   12.63|   22.05|  |   0.68|   0.16|   1.16|      5.36|     NA |        NA|  1        |         14|LMXB
932|   SWIFT J1750.2-3701|267.5547|-37.0542|   50.68|                    4U 1746-37|                               |267.5529|-37.0522|   76.22|   74.65|   77.79|  |   5.57|   5.46|   5.69|      4.21|     NA |        NA|  1        |         14|LMXB
933|   SWIFT J1750.6-2903|267.6384|-29.0143|   10.44|               IGR J17507-2856|                               |267.6024|-29.0370|   34.77|   31.61|   38.02|  |   2.41|   2.22|   2.61|      0.75|     NA |        NA|  1        |         14|LMXB
934|   SWIFT J1750.7-3117|267.7294|-31.3408|   10.08|               Granat 1747-312|                               |267.6900|-31.2920|   19.53|   17.01|   22.15|  |   3.07|   2.72|   3.48|      2.65|     NA |        NA|  1        |         14|LMXB
935|   SWIFT J1751.8-6019|268.0161|-60.3336|    8.95|       2MASX J17515581-6019430|                               |267.9825|-60.3286|   15.63|   12.77|   18.69|  |   2.07|   1.78|   2.37|      0.55|  0.1120|     44.72|  1        |          5|Sy2
936|   SWIFT J1752.1-2220|268.0476|-22.3433|   41.57|                 XTE J1752-223|                               |268.0628|-22.3423|  160.96|  157.55|  164.40|  |   1.93|   1.89|   1.97|      0.60|     NA |        NA|  1        |         14|LMXB
937|   SWIFT J1753.5-0130|268.3661| -1.4490|  620.16|            SWIFT J1753.5-0127|                               |268.3679| -1.4525| 1404.93| 1401.55| 1408.32|  |   1.80|   1.79|   1.80|     49.14|     NA |        NA|  1        |         14|LMXB
938|   SWIFT J1754.6-2619|268.7126|-26.2300|    3.65|               IGR J17544-2619|                               |268.6070|-26.3330|   15.22|   11.57|   19.11|  |   1.93|   1.36|   2.50|      3.12|     NA |        NA|  1        |         13|HMXB
939|   SWIFT J1758.3-3053|269.4788|-30.8623|    4.62|               IGR J17585-3057|                               |269.5200|-30.8630|   12.10|    9.41|   14.98|  |   2.43|   2.04|   2.87|      0.92|     NA |        NA|  1        |         14|LMXB
940|   SWIFT J1758.5-2123|269.6138|-21.3754|   10.61|               IGR J17586-2129|                               |269.6438|-21.3892|   38.55|   35.97|   41.19|  |   2.75|   2.61|   2.88|     18.14|     NA |        NA|  1        |          9|CV
941|   SWIFT J1759.9-2201|269.9519|-22.0282|    4.99|                 XTE J1759-220|                               |269.9396|-22.0275|   12.98|   10.54|   15.49|  |   3.25|   2.75|   3.87|      0.42|     NA |        NA|  1        |         14|LMXB
942|   SWIFT J1800.3+6637|270.0470| 66.6121|   12.51|                      NGC 6552|                               |270.0304| 66.6151|   23.19|   20.05|   26.47|  |   1.55|   1.37|   1.74|      0.26|  0.0265|     43.58|  1        |          5|Sy2
943|   SWIFT J1800.5+0808|270.1826|  8.1796|   12.45|                     V2301 Oph|                               |270.1458|  8.1703|   17.01|   14.93|   19.24|  |   2.95|   2.69|   3.23|      0.67|     NA |        NA|  1        |          9|CV
944|   SWIFT J1801.1-2504|270.2843|-25.0784|  623.93|                        GX 5-1|                               |270.2842|-25.0792| 1458.25| 1455.99| 1460.51|  |   5.88|   5.87|   5.89|    642.51|     NA |        NA|  1        |         14|LMXB
945|   SWIFT J1801.1-2544|270.3023|-25.7435|  314.53|                  GRS 1758-258|                               |270.3012|-25.7433| 1502.05| 1498.29| 1505.82|  |   1.70|   1.70|   1.71|    286.41|     NA |        NA|  1        |         13|HMXB
946|   SWIFT J1801.5-2031|270.3784|-20.5336|  378.63|                        GX 9+1|                               |270.3846|-20.5289|  693.73|  691.85|  695.62|  |   6.64|   6.62|   6.65|    173.12|     NA |        NA|  1        |         14|LMXB
947|   SWIFT J1802.7-2017|270.5945|-20.3730|  132.02|              SAX J1802.7-2017|                               |270.6748|-20.2881|   70.52|   68.30|   72.76| Y |   3.28|   3.19|   3.38|    294.81|     NA |        NA|  1        |         13|HMXB
948|   SWIFT J1802.8-1455|270.6894|-14.9151|   14.11|        2MASXi J1802473-145454|                               |270.6970|-14.9150|   39.74|   36.72|   42.84|  |   2.07|   1.93|   2.21|      0.72|  0.0360|     44.09|  1        |          4|Sy1.2
949|   SWIFT J1806.9-5003|271.7185|-50.0270|    7.52|                       tet Ara|                               |271.6578|-50.0915|   16.32|   13.28|   19.58|  |   1.76|   1.48|   2.05|      2.10|     NA |        NA|  1        |         12|star
950|   SWIFT J1807.9+1124|271.9331| 11.3476|    7.46|       2MASX J18074992+1120494|                               |271.9580| 11.3470|   13.96|   10.67|   17.56|  |   1.79|   1.42|   2.19|      0.63|  0.0800|     44.36|  1        |          4|Sy1.2
951|   SWIFT J1807.9+0549|271.9694|  5.8474|   10.77|                      V426 Oph|                               |271.9655|  5.8635|   14.33|   12.39|   16.41|  |   3.14|   2.84|   3.49|      0.68|     NA |        NA|  1        |          9|CV
952|   SWIFT J1808.5-3655|272.0897|-36.9754|   14.25|              SAX J1808.4-3658|                               |272.1150|-36.9790|   30.49|   27.47|   33.63|  |   1.99|   1.83|   2.15|      0.85|     NA |        NA|  1        |         14|LMXB
953|   SWIFT J1808.7-2024|272.1463|-20.3993|   10.04|                   SGR 1806-20|                               |272.1638|-20.4110|   40.90|   37.24|   44.65|  |   1.47|   1.32|   1.62|      0.94|     NA |        NA|  1        |         10|Pulsar
954|   SWIFT J1810.2-1903|272.5833|-19.0975|   20.66|                 XTE J1810-189|                               |272.5863|-19.0697|   58.37|   55.64|   61.13|  |   2.40|   2.30|   2.49|      2.81|     NA |        NA|  1        |         14|LMXB
955|   SWIFT J1810.8-2610|272.6595|-26.0968|    5.36|              SAX J1810.8-2609|                               |272.6850|-26.1500|   16.84|   13.97|   19.80|  |   2.68|   2.34|   3.06|      0.83|     NA |        NA|  1        |         14|LMXB
956|   SWIFT J1811.5-1925|272.8814|-19.4420|    9.36|                PSR J1811-1925|                               |272.8720|-19.4240|   30.08|   26.88|   33.39|  |   1.92|   1.73|   2.12|      1.11|     NA |        NA|  1        |         10|Pulsar
957|   SWIFT J1813.6-1753|273.3983|-17.8627|   13.15|               IGR J18135-1751|                               |273.3629|-17.8489|   42.74|   39.43|   46.13|  |   1.85|   1.71|   1.99|      0.67|     NA |        NA|  1        |         11|SNR
958|   SWIFT J1814.6-1709|273.6278|-17.1582|  197.75|                       GX 13+1|                               |273.6315|-17.1574|  362.17|  360.13|  364.21|  |   5.74|   5.71|   5.77|     37.03|     NA |        NA|  1        |         14|LMXB
959|   SWIFT J1815.1-1208|273.7734|-12.0961|  225.33|                    4U 1812-12|                               |273.7758|-12.0964|  627.92|  624.89|  630.95|  |   2.12|   2.11|   2.13|    118.58|     NA |        NA|  1        |         14|LMXB
960|   SWIFT J1816.0+4236|274.0494| 42.6337|   14.94|               UGC 11185 NED02|                               |274.0487| 42.6608|   26.00|   23.01|   29.11|  |   1.74|   1.59|   1.91|      2.27|  0.0412|     44.03|  1        |          5|Sy2
961|   SWIFT J1815.8-1403|274.0048|-14.0360|  812.93|                       GX 17+2|                               |274.0058|-14.0364| 1524.39| 1522.37| 1526.41|  |   5.38|   5.37|   5.38|   1760.40|     NA |        NA|  1        |         14|LMXB
962|   SWIFT J1816.1+4951|274.0592| 49.8633|   41.72|                        AM Her|                               |274.0555| 49.8678|   48.46|   46.59|   50.36|  |   2.94|   2.86|   3.02|      8.21|     NA |        NA|  1        |          9|CV
963|   SWIFT J1817.4-2510|274.3650|-25.1555|    6.49|               IGR J18173-2509|                               |274.3424|-25.1452|   14.02|   11.76|   16.34|  |   3.61|   3.16|   4.14|      1.45|     NA |        NA|  1        |          9|CV
964|   SWIFT J1817.8-3301|274.2433|-32.9369|    4.83|                 XTE J1817-330|                               |274.4314|-33.0188|    6.50|    4.89|    8.24|  |   4.25|   3.34|   5.52|      1.07|     NA |        NA|  1        |         14|LMXB
965|   SWIFT J1820.4-1433|275.3280|-14.6241|    0.23|               AX J1820.5-1434|                               |275.1255|-14.5731|    6.41|    3.17|    9.75|  |   1.63|   1.00|   2.45|      3.45|     NA |        NA|  1        |         13|HMXB
966|   SWIFT J1821.4-1320|275.3331|-13.3114|   10.44|         CXOU J182119.7-131838|                               |275.3320|-13.3108|   28.36|   25.48|   31.35|  |   2.26|   2.07|   2.47|      0.34|     NA |        NA|  1        |         13|HMXB
967|   SWIFT J1822.0+6421|275.4593| 64.3267|   16.36|                    H 1821+643|                               |275.4888| 64.3434|   20.40|   18.20|   22.71|  |   2.48|   2.31|   2.67|      1.08|  0.2970|     45.77|  1        |          4|Sy1.2
968|   SWIFT J1821.6+5953|275.3774| 59.9407|    7.49|       2MASX J18212680+5955209|                               |275.3619| 59.9225|   11.53|    8.71|   14.61|  |   1.84|   1.50|   2.22|      0.52|  0.0990|     44.47|  1        |          5|Sy2
969|   SWIFT J1823.7-3023|275.9185|-30.3607|  701.39|                    4U 1820-30|                               |275.9186|-30.3611|  916.40|  914.90|  917.91|  |   5.21|   5.20|   5.22|    655.58|     NA |        NA|  1        |         14|LMXB
970|   SWIFT J1824.3-5624|276.0732|-56.3779|   19.44|                       IC 4709|                               |276.0808|-56.3692|   36.64|   33.60|   39.73|  |   1.92|   1.80|   2.05|      2.30|  0.0169|     43.38|  1        |          5|Sy2
971|   SWIFT J1824.2+1845|276.0122| 18.7615|    7.07|       2MASX J18241083+1846088|                               |276.0451| 18.7691|   13.42|   10.48|   16.61|  |   1.89|   1.56|   2.23|      0.92|  0.0670|     44.18|  1        |          5|Sy1.9
972|   SWIFT J1824.4-1425|276.1069|-14.4204|    7.53|               IGR J18246-1425|                               |276.0990|-14.4154|   17.84|   15.57|   20.15|  |   3.12|   2.80|   3.46|      1.05|     NA |        NA|  1        |         13|HMXB/Pulsar
973|   SWIFT J1825.4+0000|276.3374| -0.0140|   36.38|                   4U 1822-000|                               |276.3421| -0.0122|   44.41|   43.03|   45.80|  |   5.46|   5.28|   5.64|      0.39|     NA |        NA|  1        |         14|LMXB
974|   SWIFT J1825.7+7215|276.4761| 72.1704|    4.93|                     LEDA61865|                               |276.3737| 72.1511|    6.46|    4.09|    9.24|  |   2.09|   1.55|   2.73|      1.27|  0.1108|     44.32|  1        |          5|Sy2
975|   SWIFT J1825.7-3705|276.4454|-37.1045|  379.88|                   4U 1822-371|                               |276.4450|-37.1053|  523.69|  521.93|  525.42|  |   3.62|   3.61|   3.63|   1475.85|     NA |        NA|  1        |         14|LMXB
976|   SWIFT J1826.1-0710|276.5107| -7.1605|    7.61|         1RXS J182557.5-071021|                               |276.4899| -7.1730|   15.14|   12.36|   18.11|  |   2.25|   1.96|   2.57|      0.26|  0.0370|     43.69|  1        |          5|Sy2
977|   SWIFT J1826.2-1452|276.5628|-14.8422|    7.99|               RX J1826.2-1450|                               |276.5630|-14.8480|   30.76|   26.92|   34.75|  |   1.45|   1.23|   1.67|      0.26|     NA |        NA|  1        |         13|HMXB
978|   SWIFT J1826.8+3254|276.6299| 32.8748|   12.63|       2MASX J18263239+3251300|                               |276.6350| 32.8583|   20.41|   17.61|   23.36|  |   2.06|   1.86|   2.27|      0.48|  0.0220|     43.36|  1        |          5|Sy2
979|   SWIFT J1829.4-2346|277.3672|-23.7967|  642.86|                 Ginga 1826-24|                               |277.3675|-23.7913| 1391.47| 1388.61| 1394.34|  |   2.39|   2.39|   2.39|    789.44|     NA |        NA|  1        |         14|LMXB
980|   SWIFT J1829.4+4846|277.4183| 48.7880|    9.99|                        3C 380|                               |277.3820| 48.7460|   18.14|   14.96|   21.51|  |   1.60|   1.35|   1.87|      0.85|  0.6920|     46.60|  1        |          7|BZQ
981|   SWIFT J1830.8+0928|277.7097|  9.4754|    6.75|       2MASX J18305065+0928414|                               |277.7110|  9.4783|   12.01|    9.03|   15.31|  |   2.04|   1.65|   2.47|      0.63|  0.0190|     43.00|  1        |          4|Sy1.8
982|   SWIFT J1833.7-1032|278.3876|-10.5669|   40.01|                SNR G21.5-00.9|                               |278.3833|-10.5600|   75.89|   72.92|   78.93|  |   2.18|   2.12|   2.25|      0.08|     NA |        NA|  1        |         11|SNR
983|   SWIFT J1833.7-2105|278.4246|-21.0591|   25.93|                   PKS 1830-21|                               |278.4162|-21.0611|   82.06|   78.23|   85.96|  |   1.46|   1.39|   1.54|      0.88|  2.5000|     48.62|  1        |          7|BZQ/Lense
984|   SWIFT J1835.0+3240|278.7605| 32.6953|   54.26|                        3C 382|                               |278.7641| 32.6963|   88.89|   86.00|   91.82|  |   2.02|   1.97|   2.07|      2.75|  0.0579|     44.87|  1        |          4|Sy1.2
985|   SWIFT J1835.6-3259|278.9302|-32.9874|   70.20|                   XB 1832-330|                               |278.9320|-32.9906|  126.86|  124.05|  129.72|  |   2.25|   2.21|   2.28|      1.12|     NA |        NA|  1        |         14|LMXB
986|   SWIFT J1836.9-5924|279.2129|-59.4341|   11.03|                    Fairall 49|                               |279.2429|-59.4024|   16.21|   13.85|   18.74|  |   2.53|   2.29|   2.81|      0.67|  0.0202|     43.19|  1        |          5|Sy1.9
987|   SWIFT J1837.9-0657|279.4884| -6.9047|   26.70|                PSR J1838-0655|                               |279.5130| -6.9259|   63.93|   60.33|   67.63|  |   1.69|   1.61|   1.78|      0.18|     NA |        NA|  1        |         10|Pulsar
988|   SWIFT J1838.4-6524|279.5936|-65.4323|   64.60|                   ESO 103-035|                               |279.5848|-65.4276|  108.28|  105.55|  111.06|  |   2.18|   2.14|   2.22|     23.51|  0.0133|     43.65|  1        |          5|Sy1.9
989|   SWIFT J1839.1-5717|279.7755|-57.2674|   10.59|     SWIFT J183905.82-571507.6|                               |279.7765|-57.2516|   15.16|   12.85|   17.65|  |   2.67|   2.39|   2.99|      0.82|     NA |        NA|  1        |         12|Unknown Star
990|   SWIFT J1840.0+0501|279.9888|  5.0354|  268.54|                       Ser X-1|                               |279.9896|  5.0358|  310.96|  309.65|  312.27|  |   5.81|   5.78|   5.83|     39.02|     NA |        NA|  1        |         14|LMXB
991|   SWIFT J1840.9-0536|280.2249| -5.6304|   11.74|               AX J1841.0-0535|                               |280.2518| -5.5963|   20.00|   17.17|   23.01|  |   2.43|   2.17|   2.71|      1.77|     NA |        NA|  1        |         13|HMXB
992|   SWIFT J1841.2-0458|280.3269| -4.9351|   33.24|                   1E 1841-045|                               |280.3306| -4.9364|   98.71|   94.68|  102.77|  |   1.32|   1.26|   1.38|      5.24|     NA |        NA|  1        |         10|Pulsar
993|   SWIFT J1842.5-1124|280.5239|-11.4673|   16.45|            SWIFT J1842.2-1124|                               |280.5729|-11.4172|   28.33|   25.55|   31.22|  |   2.33|   2.16|   2.50|      1.32|     NA |        NA|  1        |         15|XRB
994|   SWIFT J1842.0+7945|280.5450| 79.7739|   66.44|                      3C 390.3|                               |280.5375| 79.7714|  101.38|   98.72|  104.08|  |   1.96|   1.92|   2.00|      1.79|  0.0561|     44.89|  1        |          4|Sy1.5
995|   SWIFT J1844.5-6221|281.1998|-62.3789|   23.77|                    Fairall 51|                               |281.2249|-62.3648|   39.03|   36.27|   41.85|  |   2.18|   2.08|   2.29|      4.93|  0.0142|     43.26|  1        |          4|Sy1.5
996|   SWIFT J1844.9-0435|281.2482| -4.5442|   20.72|               AX J1845.0-0433|                               |281.2588| -4.5653|   34.23|   31.58|   36.98|  |   2.54|   2.40|   2.69|      2.65|     NA |        NA|  1        |         13|HMXB
997|   SWIFT J1845.7+0052|281.4134|  0.9001|   22.76|                Ginga 1843+009|                               |281.4039|  0.8637|   36.86|   34.26|   39.53|  |   2.50|   2.38|   2.63|      2.41|     NA |        NA|  1        |         13|HMXB
998|   SWIFT J1845.4+7211|281.4110| 72.2368|    7.17|                  CGCG 341-006|                               |281.3593| 72.1838|    8.69|    6.74|   10.85|  |   2.58|   2.23|   3.02|      1.14|  0.0463|     43.65|  1        |          5|Sy2
999|   SWIFT J1846.5-0257|281.5964| -2.9793|   21.42|               AX J1846.4-0258|                               |281.6020| -2.9740|   45.67|   42.26|   49.18|  |   1.89|   1.78|   2.01|      1.47|     NA |        NA|  1        |         10|Pulsar
1000|  SWIFT J1852.2+8424A|282.2205| 84.4611|    5.54|        SWIFT J185024.2+842240|                               |282.6010| 84.3778|    6.02|    4.06|    8.39| Y |   2.67|   2.07|   3.55|      1.99|  0.1831|     44.77|  1        |          4|Sy1
1001|  SWIFT J1852.2+8424B|281.0722| 84.4731|    4.86|         1RXS J184642.2+842506|                               |281.7184| 84.4184|    6.80|    4.49|    9.53| Y |   2.15|   1.63|   2.78|      0.80|  0.2254|     45.02|  1        |          4|Sy1
1002|   SWIFT J1848.0-7832|281.9624|-78.5426|    9.83|       2MASX J18470283-7831494|                               |281.7618|-78.5304|   15.83|   13.12|   18.75|  |   2.04|   1.79|   2.30|      0.85|  0.0741|     44.34|  1        |          4|Sy1
1003|   SWIFT J1848.2-0310|282.0710| -3.1725|   49.24|               IGR J18483-0311|                               |282.0750| -3.1617|   79.35|   76.84|   81.88|  |   2.67|   2.61|   2.73|      5.08|     NA |        NA|  1        |         13|HMXB
1004|   SWIFT J1848.4+0040|282.1523|  0.6218|    4.79|                 NOVA Aql 1918|                               |282.2275|  0.5841|    5.95|    4.39|    7.73|  |   3.91|   3.13|   4.96|      0.96|     NA |        NA|  1        |         12|Nova
1005|   SWIFT J1848.5-0046|282.1034| -0.7581|   11.26|               IGR J18485-0047|                               |282.1056| -0.7764|   20.84|   17.78|   24.10|  |   2.12|   1.88|   2.37|      0.32|     NA |        NA|  1        |          6|Other AGN
1006|   SWIFT J1849.1-0005|282.2554| -0.0110|   13.44|               IGR J18490-0000|                               |282.2570| -0.0219|   29.78|   26.31|   33.39|  |   1.76|   1.58|   1.93|      0.40|     NA |        NA|  1        |         10|Pulsar
1007|   SWIFT J1852.8+3002|283.2296| 30.0723|    7.46|   GALEXASCJ185249.68+300425.8|                               |283.2063| 30.0742|   12.12|    9.40|   15.09|  |   2.09|   1.77|   2.46|      1.07|  0.0573|     43.99|  1        |          5|Sy1.9
1008|   SWIFT J1853.0-0843|283.2761| -8.7047|   80.51|                   4U 1850-086|                               |283.2703| -8.7057|  135.78|  132.92|  138.68|  |   2.34|   2.30|   2.37|      1.39|     NA |        NA|  1        |         14|LMXB
1009|   SWIFT J1856.5-7851|283.5098|-78.8696|    5.99|                ESO 025- G 002|                               |283.6679|-78.8984|   11.58|    8.58|   14.85|  |   1.72|   1.36|   2.11|      0.88|  0.0289|     43.36|  1        |          4|Sy1
1010|   SWIFT J1855.0-3110|283.7627|-31.1571|   91.37|                     V1223 Sgr|                               |283.7593|-31.1635|  136.63|  134.43|  138.83|  |   2.92|   2.89|   2.95|     49.94|     NA |        NA|  1        |          9|CV
1011|   SWIFT J1855.5+0516|283.8532|  5.1815|    3.68|                            NA|                               |      NA|      NA|    6.51|    3.72|    9.86|  |   2.35|   1.58|   3.55|      0.98|     NA |        NA|  1        |          0|Unknown
1012|   SWIFT J1855.5-0237|283.8761| -2.6033|  125.82|                 XTE J1855-026|                               |283.8767| -2.6046|  207.89|  205.31|  210.48|  |   2.56|   2.54|   2.58|     81.25|     NA |        NA|  1        |         13|HMXB
1013|   SWIFT J1856.1+1539|284.0007| 15.6383|   16.74|       2MASX J18560128+1538059|                               |284.0021| 15.6320|   30.19|   27.29|   33.18|  |   2.11|   1.97|   2.26|      1.66|  0.0840|     44.74|  1        |          4|Sy1.2
1014|   SWIFT J1856.8+0519|284.2135|  5.3681|    8.85|                 XTE J1856+053|                               |284.1786|  5.3094|   18.49|   15.33|   21.85|  |   2.02|   1.75|   2.30|      2.55|     NA |        NA|  1        |         14|LMXB
1015|   SWIFT J1856.6-5443|284.1859|-54.7109|    8.95|       2MASX J18564935-5442298|                               |284.2058|-54.7083|   16.86|   13.99|   19.94|  |   2.02|   1.76|   2.28|      0.99|  0.0563|     44.12|  1        |          4|Sy1
1016|   SWIFT J1856.2-7829|284.3914|-78.4950|   15.87|       2MASX J18570768-7828212|                               |284.2823|-78.4725|   25.72|   22.86|   28.70|  |   2.01|   1.84|   2.17|      0.81|  0.0420|     44.04|  1        |          4|Sy1
1017|   SWIFT J1858.9+0329|284.6930|  3.4616|    7.70|                 XTE J1858+034|                               |284.6790|  3.4340|   10.25|    8.31|   12.39|  |   3.25|   2.81|   3.78|      1.21|     NA |        NA|  1        |         13|HMXB
1018|   SWIFT J1900.2-2455|285.0387|-24.9190|  258.50|             HETE J1900.1-2455|                               |285.0360|-24.9205|  451.08|  448.25|  453.91|  |   2.27|   2.26|   2.28|     60.04|     NA |        NA|  1        |         14|LMXB
1019|   SWIFT J1901.6+0129|285.4163|  1.4391|   36.19|                 XTE J1901+014|                               |285.4208|  1.4385|   62.66|   59.75|   65.61|  |   2.24|   2.17|   2.31|      2.09|     NA |        NA|  1        |         14|LMXB
1020|   SWIFT J1903.9+3349|285.9657| 33.8186|   13.57|                     UGC 11397|                               |285.9548| 33.8447|   22.47|   19.50|   25.58|  |   1.92|   1.74|   2.12|      0.61|  0.0151|     43.07|  1        |          5|Sy2
1021|   SWIFT J1905.4+4231|286.3579| 42.5012|    7.89|                  CGCG 229-015|                               |286.3581| 42.4610|   11.53|    9.13|   14.16|  |   2.27|   1.96|   2.62|      0.32|  0.0279|     43.33|  1        |          4|Sy1
1022|   SWIFT J1907.3-2050|286.8275|-20.7871|   10.75|                     V1082 Sgr|                               |286.8411|-20.7808|   14.58|   12.64|   16.65|  |   3.29|   2.97|   3.65|      1.25|     NA |        NA|  1        |          9|CV
1023|   SWIFT J1909.6+0948|287.4047|  9.8375|  111.18|                    4U 1907+09|                               |287.4079|  9.8303|  189.12|  187.13|  191.10|  |   3.56|   3.53|   3.58|    314.50|     NA |        NA|  1        |         13|HMXB
1024|   SWIFT J1910.8+0739|287.6985|  7.5971|  133.83|                   4U 1908+075|                               |287.7000|  7.5961|  262.23|  259.60|  264.88|  |   2.65|   2.63|   2.67|     57.32|     NA |        NA|  1        |         13|HMXB
1025|   SWIFT J1911.2+0036|287.8058|  0.5867|  103.90|                       Aql X-1|                               |287.8167|  0.5850|  143.91|  141.33|  146.53|  |   2.67|   2.64|   2.71|     15.92|     NA |        NA|  1        |         14|LMXB
1026|   SWIFT J1912.0+0500|287.9583|  4.9819|   84.29|                        SS 433|                               |287.9565|  4.9827|  141.32|  138.90|  143.76|  |   2.79|   2.76|   2.82|     29.88|     NA |        NA|  1        |         13|HMXB
1027|   SWIFT J1913.3-5010|288.3173|-50.1787|    9.46|                ESO 231- G 026|                               |288.3115|-50.1829|   19.66|   16.52|   23.01|  |   1.80|   1.57|   2.03|      1.12|  0.0625|     44.28|  1        |          5|Sy2
1028|   SWIFT J1914.0+0951|288.5017|  9.8406|   47.14|               IGR J19140+0951|                               |288.5176|  9.8829|  104.35|  101.50|  107.20|  |   2.42|   2.38|   2.47|     33.83|     NA |        NA|  1        |         13|HMXB
1029|   SWIFT J1915.3+1057|288.7974| 10.9454| 2573.06|                  GRS 1915+105|                               |288.7983| 10.9456| 4488.70| 4486.33| 4491.08|  |   3.11|   3.11|   3.11|     31.78|     NA |        NA|  1        |         14|LMXB
1030|   SWIFT J1918.6-0516|289.7018| -5.2378|  128.06|                   4U 1916-053|                               |289.6995| -5.2381|  192.70|  190.06|  195.36|  |   2.62|   2.60|   2.65|      1.72|     NA |        NA|  1        |         14|LMXB
1031|   SWIFT J1919.4-2958|289.8479|-29.9455|    7.89|                  PKS 1916-300|                               |289.8667|-29.9694|   14.16|   11.44|   17.09|  |   2.29|   1.99|   2.63|      0.30|  0.1668|     45.05|  1        |          4|Sy1
1032|   SWIFT J1921.1-5842|290.3364|-58.6911|   32.42|                ESO 141- G 055|                               |290.3090|-58.6703|   56.02|   53.10|   58.97|  |   2.08|   2.01|   2.16|      4.72|  0.0360|     44.24|  1        |          4|Sy1.2
1033|   SWIFT J1921.1+4356|290.2723| 43.9655|   28.60|                    ABELL 2319|                               |290.1889| 43.9619|   29.52|   28.00|   31.08|  |   3.68|   3.53|   3.84|      1.44|     NA |        NA|  1        |          3|Galaxy Cluster
1034|   SWIFT J1922.7-1716|290.6541|-17.2793|   19.66|            SWIFT J1922.7-1716|                               |290.6542|-17.2842|   36.17|   33.20|   39.22|  |   2.21|   2.08|   2.34|      2.48|     NA |        NA|  1        |         14|LMXB
1035|   SWIFT J1924.5+5014|291.1527| 50.2353|   16.05|                        CH Cyg|                               |291.1378| 50.2414|   17.11|   15.66|   18.61|  |   3.63|   3.41|   3.88|      4.47|     NA |        NA|  1        |         12|Symbiotic star
1036|   SWIFT J1925.0+5041|291.2792| 50.7215|    8.69|       2MASX J19250215+5043134|                               |291.2591| 50.7204|   14.40|   11.68|   17.33|  |   1.94|   1.67|   2.22|      1.28|  0.0676|     44.22|  1        |          4|Sy1
1037|   SWIFT J1926.9+4140|291.6574| 41.5423|    6.88|       2MASX J19263018+4133053|                               |291.6258| 41.5514|    8.50|    6.33|   11.00|  |   2.61|   2.17|   3.17|      1.63|  0.0710|     44.03|  1        |          5|Sy2
1038|   SWIFT J1928.0+7356|292.1459| 73.9420|    7.90|                     4C +73.18|                               |291.9520| 73.9670|   11.93|    9.37|   14.73|  |   2.04|   1.72|   2.38|      0.36|  0.3021|     45.56|  1        |          7|BZQ
1039|   SWIFT J1929.8+1821|292.4969| 18.3136|   16.06|        SWIFT J192955.7+181839|                               |292.4821| 18.3107|   21.39|   19.44|   23.38|  |   3.13|   2.95|   3.34|      5.11|     NA |        NA|  1        |         13|HMXB
1040|   SWIFT J1930.5+3414|292.5483| 34.1964|   15.06|       2MASX J19301380+3410495|                               |292.5575| 34.1805|   25.03|   22.12|   28.10|  |   1.97|   1.81|   2.14|      1.05|  0.0629|     44.39|  1        |          4|Sy1.5
1041|   SWIFT J1933.9+3258|293.4654| 32.9043|   14.29|       2MASS J19334715+3254259|                               |293.4483| 32.9061|   22.89|   20.03|   25.88|  |   2.09|   1.91|   2.28|      1.19|  0.0578|     44.27|  1        |          4|Sy1.2
1042|   SWIFT J1937.5-0613|294.3810| -6.2289|   16.01|       2MASX J19373299-0613046|                               |294.3880| -6.2180|   25.31|   22.64|   28.11|  |   2.55|   2.37|   2.74|      0.47|  0.0103|     42.79|  1        |          4|Sy1.5
1043|   SWIFT J1938.1-5108|294.5498|-51.1584|    9.81|       2MASX J19380437-5109497|                               |294.5183|-51.1638|   15.96|   13.25|   18.90|  |   2.21|   1.94|   2.49|      0.37|  0.0400|     43.79|  1        |          4|Sy1.2
1044|   SWIFT J1940.3-1028|295.0620|-10.4125|   31.02|                     V1432 Aql|                               |295.0478|-10.4236|   44.79|   42.58|   47.08|  |   2.98|   2.87|   3.08|      7.08|     NA |        NA|  1        |          9|CV
1045|   SWIFT J1940.4-3015|295.0518|-30.2568|   12.20|               IGR J19405-3016|                               |295.0629|-30.2644|   24.60|   21.28|   28.08|  |   1.85|   1.66|   2.06|      1.19|  0.0520|     44.21|  1        |          4|Sy1.2
1046|   SWIFT J1942.6-1024|295.6663|-10.3216|   39.05|                      NGC 6814|                               |295.6694|-10.3235|   77.59|   74.20|   81.04|  |   1.95|   1.88|   2.01|      1.98|  0.0052|     42.68|  1        |          4|Sy1.5
1047|   SWIFT J1943.5+2120|295.9924| 21.3153|   14.71|    SWIFT J1943536.21+211822.9|                               |295.9842| 21.3064|   23.71|   20.75|   26.83|  |   2.14|   1.95|   2.35|      0.54|     NA |        NA|  1        |          7|BZB
1048|   SWIFT J1945.6+2722|296.4333| 27.3827|   29.08|                 XTE J1946+275|                               |296.4140| 27.3654|   35.99|   34.17|   37.88|  |   3.26|   3.15|   3.38|      8.54|     NA |        NA|  1        |         13|HMXB
1049|   SWIFT J1947.3+4447|296.8032| 44.8262|   14.05|       2MASX J19471938+4449425|                               |296.8307| 44.8284|   22.79|   20.07|   25.64|  |   2.09|   1.92|   2.26|      1.73|  0.0539|     44.21|  1        |          5|Sy2
1050|   SWIFT J1949.5+3012|297.3967| 30.2067|  120.12|                   KS 1947+300|                               |297.3771| 30.2067|  182.59|  180.09|  185.09|  |   2.50|   2.48|   2.53|     84.85|     NA |        NA|  1        |         13|HMXB
1051|   SWIFT J1952.4+0237|298.0704|  2.4948|   13.47|                        3C 403|                               |298.0660|  2.5070|   27.46|   23.97|   31.09|  |   1.85|   1.67|   2.03|      0.69|  0.0590|     44.37|  1        |          5|Sy2
1052|   SWIFT J1953.0+3256|298.2326| 32.8855|    5.49|               SNR G068.8+02.6|                               |298.2310| 32.9296|    9.39|    6.63|   12.50|  |   2.14|   1.70|   2.67|      0.61|     NA |        NA|  1        |         11|SNR
1053|   SWIFT J1955.8+3203|298.9279| 32.0878|  180.68|                    4U 1954+31|                               |298.9264| 32.0970|  259.29|  257.04|  261.55|  |   2.79|   2.78|   2.81|    180.74|     NA |        NA|  1        |         13|HMXB
1054|   SWIFT J1958.4+3510|299.5904| 35.2011| 8681.27|                       Cyg X-1|                               |299.5903| 35.2016|16420.10|16416.90|16423.20|  |   1.90|   1.90|   1.90|  29219.27|     NA |        NA|  1        |         13|HMXB
1055|   SWIFT J1958.3+3233|299.5608| 32.5613|   11.11|                     V2306 Cyg|                               |299.5604| 32.5450|   15.44|   13.43|   17.64|  |   2.94|   2.68|   3.22|      1.72|     NA |        NA|  1        |          9|CV
1056|   SWIFT J1959.3+1143|299.8299| 11.6917|   22.40|                   4U 1957+115|                               |299.8509| 11.7090|   28.22|   25.93|   30.62|  |   3.05|   2.87|   3.25|      1.85|     NA |        NA|  1        |         14|LMXB
1057|   SWIFT J1959.4+4044|299.8787| 40.7344|   83.04|                      Cygnus A|                               |299.8682| 40.7339|  146.26|  143.16|  149.39|  |   1.95|   1.92|   1.98|      6.22|  0.0561|     45.05|  1        |          5|Sy2
1058|   SWIFT J1959.6+6507|299.9617| 65.1541|   31.48|                 QSO B1959+650|                               |299.9994| 65.1485|   37.35|   35.25|   39.51|  |   2.70|   2.60|   2.81|      0.85|  0.0470|     44.30|  1        |          7|BZB
1059|   SWIFT J2000.6+3210|300.1035| 32.1825|   21.89|       SWIFT J2000522.0+320731|                               |300.0913| 32.1894|   36.07|   33.36|   38.86|  |   2.34|   2.23|   2.47|      0.80|     NA |        NA|  1        |         13|HMXB
1060|   SWIFT J2001.0-1811|300.2264|-18.1668|   10.43|       2MASX J20005575-1810274|                               |300.2321|-18.1743|   21.76|   18.37|   25.40|  |   1.86|   1.64|   2.09|      3.02|  0.0373|     43.86|  1        |          5|Sy1.9
1061|   SWIFT J2006.4+3645|301.5696| 36.7317|    8.30|     SWIFT J200622.36+364140.9|                               |301.5946| 36.6944|   13.94|   11.28|   16.83|  |   2.21|   1.92|   2.52|      1.23|     NA |        NA|  1        |          9|CV
1062|   SWIFT J2006.5+5619|301.6143| 56.3395|    7.15|       2MASX J20063331+5620364|                               |301.6389| 56.3435|   11.32|    8.77|   14.15|  |   2.03|   1.71|   2.38|      0.67|  0.0430|     43.70|  1        |          5|Sy2
1063|   SWIFT J2007.0-3433|301.7419|-34.5311|   11.72|                    ESO 399-20|                               |301.7380|-34.5480|   22.73|   19.59|   26.07|  |   2.05|   1.84|   2.26|      2.58|  0.0249|     43.52|  1        |          4|Sy1.2
1064|   SWIFT J2009.0-6103|302.2558|-61.0963|   29.79|                      NGC 6860|                               |302.1954|-61.1002|   51.83|   48.76|   54.97|  |   2.01|   1.92|   2.10|      0.28|  0.0149|     43.42|  1        |          5|Sy1.9
1065|   SWIFT J2009.6-4851|302.4216|-48.8503|    4.70|                  PKS 2005-489|                               |302.3558|-48.8316|    8.17|    5.58|   11.19|  |   2.22|   1.75|   2.77|      1.03|  0.0710|     44.01|  1        |          7|BZB
1066|   SWIFT J2010.6-2521|302.6369|-25.3341|    8.54|         1RXS J201020.0-252356|                               |302.5825|-25.3997|   12.29|    9.77|   15.09|  |   2.74|   2.36|   3.20|      1.05|     NA |        NA|  1        |          7|BZQ
1067|   SWIFT J2010.7+4801|302.6496| 47.9548|    4.67|       2MASX J20101740+4800214|                               |302.5725| 48.0059|    7.83|    5.22|   10.70|  |   2.03|   1.60|   2.57|      2.22|  0.0255|     43.08|  1        |          5|Sy2
1068|   SWIFT J2011.5-1544|302.8228|-15.7588|    8.12|                  PKS 2008-159|                               |302.8155|-15.7778|   13.38|   10.39|   16.71|  |   2.28|   1.93|   2.69|      0.79|  1.1800|     47.03|  1        |          7|BZQ
1069|   SWIFT J2012.0-5648|303.0086|-56.8117|    5.96|                    ABELL 3667|                               |303.1254|-56.8165|    7.29|    5.95|    8.76|  |   4.41|   3.74|   5.31|      0.86|     NA |        NA|  1        |          3|Galaxy Cluster
1070|   SWIFT J2015.2+2526|303.7650| 25.4556|    5.49|       2MASX J20145928+2523010|                               |303.7470| 25.3836|   10.81|    6.94|   15.07|  |   1.57|   0.98|   2.23|      1.69|  0.0453|     43.73|  1        |          5|Sy2
1071|   SWIFT J2015.9+3715|303.8853| 37.2013|   12.01|                 QSO B2013+370|                               |303.8700| 37.1830|   20.67|   17.76|   23.74|  |   2.05|   1.84|   2.27|      1.39|     NA |        NA|  1        |          7|BZQ
1072|   SWIFT J2018.4-5539|304.5569|-55.6524|   14.25|                   PKS 2014-55|                               |304.5050|-55.6590|   27.33|   23.99|   30.82|  |   1.79|   1.62|   1.97|      2.42|  0.0600|     44.39|  1        |          5|Sy2
1073|   SWIFT J2018.8+4041|304.6738| 40.6809|   15.49|       2MASX J20183871+4041003|                               |304.6613| 40.6834|   28.34|   25.44|   31.35|  |   2.01|   1.86|   2.16|      1.42|  0.0144|     43.13|  1        |          5|Sy2
1074|   SWIFT J2021.9+4400|305.4554| 44.0119|    8.44|       2MASX J20214907+4400399|                               |305.4544| 44.0110|   17.64|   14.58|   20.93|  |   1.75|   1.51|   1.99|      1.74|  0.0170|     43.07|  1        |          5|Sy2
1075|   SWIFT J2024.0-0246|305.9996| -2.6980|    3.01|          1RXSJ202400.8-024527|                               |306.0089| -2.7591|    5.66|    2.34|    9.70|  |   2.01|   1.07|   3.79|      0.81|  0.1375|     44.47|  1        |          5|Sy1.9
1076|   SWIFT J2027.1-0220|306.7350| -2.2762|    9.13|                     II Zw 083|                               |306.7328| -2.2775|   16.42|   13.22|   19.89|  |   2.14|   1.84|   2.46|      0.31|  0.0291|     43.52|  1        |          5|Sy2
1077|   SWIFT J2028.5+2543|307.1373| 25.7327|   35.48|                MCG +04-48-002|                               |307.1461| 25.7333|   74.33|   70.89|   77.83|  |   1.71|   1.64|   1.77|      5.18|  0.0139|     43.52|  1        |          5|Sy2
1078|   SWIFT J2029.4-6149|307.4125|-61.7912|    8.70|       2MASX J20293125-6149087|                               |307.3802|-61.8191|   16.37|   13.32|   19.65|  |   1.94|   1.67|   2.23|      2.11|  0.1243|     44.83|  1        |          5|Sy2
1079|   SWIFT J2030.2-7532|307.6558|-75.5126|    8.95|               IRAS 20247-7542|                               |307.6736|-75.5452|   14.76|   12.10|   17.56|  |   2.05|   1.81|   2.33|      1.37|  0.1143|     44.71|  1        |          4|Sy1
1080|   SWIFT J2032.2+3738|308.0620| 37.6383|  479.12|                  EXO 2030+375|                               |308.0633| 37.6375|  668.44|  666.19|  670.69|  |   2.69|   2.68|   2.69|    897.09|     NA |        NA|  1        |         13|HMXB
1081|   SWIFT J2032.5+4055|308.1074| 40.9576| 2064.65|                       Cyg X-3|                               |308.1074| 40.9578| 2652.21| 2650.16| 2654.24|  |   2.97|   2.97|   2.97|  10825.85|     NA |        NA|  1        |         13|HMXB
1082|   SWIFT J2033.4+2147|308.3854| 21.7606|   15.79|                     4C +21.55|                               |308.3835| 21.7729|   29.78|   26.58|   33.10|  |   1.94|   1.79|   2.10|      1.66|  0.1735|     45.41|  1        |          7|BZQ
1083|   SWIFT J2034.0-0943|308.6838| -9.5324|    2.30|        2MASXJ20341926-0945586|                               |308.5803| -9.7665|    3.32|    1.57|    5.72|  |   3.44|   2.21|   6.27|      0.88|  0.0816|     43.75|  1        |          5|Sy2
1084|   SWIFT J2035.2+2604|308.7989| 26.0235|    6.45|       2MASX J20350566+2603301|                               |308.7735| 26.0583|   12.87|    9.64|   16.40|  |   1.83|   1.48|   2.22|      0.92|  0.0480|     43.86|  1        |          4|Sy1.5
1085|   SWIFT J2035.6-5013|308.9459|-50.2093|    6.02|                ESO 234- G 050|                               |308.9912|-50.1923|   12.44|    9.20|   15.96|  |   1.82|   1.47|   2.21|      1.18|  0.0088|     42.34|  1        |          5|Sy2
1086|   SWIFT J2037.2+4151|309.2592| 41.8512|   12.60|    SSTSL2 J203705.58+415005.3|                               |309.2733| 41.8348|   13.75|   12.52|   15.02|  |   4.97|   4.54|   5.47|      1.89|     NA |        NA|  1        |          7|Beamed AGN
1087|   SWIFT J2040.2-5126|310.0721|-51.4470|    5.61|                ESO 234-IG 063|                               |310.0656|-51.4297|   11.78|    8.12|   15.86|  |   1.67|   1.19|   2.19|      0.99|  0.0537|     43.92|  1        |          5|Sy2
1088|   SWIFT J2042.3+7507|310.6455| 75.1358|   35.87|                     4C +74.26|                               |310.6554| 75.1340|   53.06|   50.55|   55.62|  |   2.15|   2.08|   2.22|      3.44|  0.1040|     45.18|  1        |          4|Sy1
1089|   SWIFT J2044.0+2832|311.0228| 28.5506|    9.28|               RX J2044.0+2833|                               |311.0188| 28.5534|   15.24|   12.47|   18.24|  |   2.15|   1.89|   2.45|      0.38|  0.0500|     43.97|  1        |          4|Sy1.2
1090|   SWIFT J2044.2-1045|311.0457|-10.7341|   54.03|                       Mrk 509|                               |311.0406|-10.7235|  102.15|   98.70|  105.64|  |   2.08|   2.04|   2.13|      3.05|  0.0344|     44.46|  1        |          4|Sy1.2
1091|   SWIFT J2048.4+3815|312.1295| 38.2444|    3.79|          1RXSJ204826.8+381120|                               |312.1125| 38.1904|    4.96|    2.67|    7.83|  |   2.66|   1.82|   4.35|      1.24|  0.1054|     44.16|  1        |          4|Sy1
1092|   SWIFT J2052.0-5704|313.0023|-57.0693|   38.30|                       IC 5063|                               |313.0098|-57.0688|   71.59|   68.25|   74.99|  |   1.87|   1.81|   1.94|      0.81|  0.0114|     43.33|  1        |          5|Sy2
1093|   SWIFT J2056.0-4713|313.8947|-47.1527|    7.96|                   PKS 2052-47|                               |314.0682|-47.2466|   14.74|   11.50|   18.28|  |   2.02|   1.70|   2.38|      0.26|  1.4890|     47.33|  1        |          7|BZQ
1094|   SWIFT J2056.8+4939|314.1990| 49.6584|    8.79|               RX J2056.6+4940|                               |314.1780| 49.6685|   12.30|   10.15|   14.64|  |   2.60|   2.31|   2.94|      0.83|     NA |        NA|  1        |          7|Beamed AGN
1095|  SWIFT J2059.6+4301A|314.8997| 43.0241|    4.77|     SWIFT J205915.84+430109.5|                               |314.8146| 43.0190|    6.93|    4.63|    9.56| Y |   2.43|   1.92|   3.10|      0.72|     NA |        NA|  1        |          9|CV
1096|  SWIFT J2059.6+4301B|315.0908| 43.0023|    3.74|      SWIFTJ210001.06+430209.6|                               |315.0042| 43.0364|    3.32|    0.00|    7.76| Y |   1.18|   0.00|   0.00|      0.19|  0.0660|     43.56|  1        |          5|Sy2
1097|   SWIFT J2102.6-2810|315.6586|-28.1551|    6.48|                     ESO464-16|                               |315.5991|-28.1746|   11.46|    8.24|   15.11|  |   2.23|   1.81|   2.75|      1.39|  0.0363|     43.56|  1        |          5|Sy2
1098|   SWIFT J2103.7+4546|315.9179| 45.7543|   64.09|              SAX J2103.5+4545|                               |315.8988| 45.7515|   91.86|   89.50|   94.27|  |   2.48|   2.44|   2.52|     26.96|     NA |        NA|  1        |         13|HMXB
1099|   SWIFT J2109.1-0942|317.2766| -9.6843|   10.63|       2MASX J21090996-0940147|                               |317.2915| -9.6707|   18.66|   15.80|   21.71|  |   2.49|   2.24|   2.76|      0.55|  0.0265|     43.49|  1        |          4|Sy1.2
1100|   SWIFT J2109.2+3531|317.3679| 35.5672|    6.89|                   B2 2107+35A|                               |317.3828| 35.5493|   11.26|    8.66|   14.10|  |   2.15|   1.82|   2.52|      0.71|  0.2023|     45.14|  1        |          4|Sy1
1101|   SWIFT J2113.5+5422|318.3604| 54.3810|    5.90|         1RXS J211336.1+542226|                               |318.4004| 54.3739|    6.65|    4.89|    8.71|  |   2.94|   2.42|   3.59|      1.75|     NA |        NA|  1        |          9|CV
1102|   SWIFT J2114.4+8206|318.4267| 82.0896|   23.36|       2MASX J21140128+8204483|                               |318.5049| 82.0801|   34.44|   31.78|   37.18|  |   1.95|   1.84|   2.06|      0.50|  0.0840|     44.79|  1        |          4|Sy1.2
1103|   SWIFT J2116.0-5840|319.0236|-58.6868|    5.45|                        CD Ind|                               |318.9036|-58.6981|    7.56|    5.45|   10.05|  |   2.72|   2.23|   3.36|      0.16|     NA |        NA|  1        |          9|CV
1104|   SWIFT J2116.3+2512|319.0133| 25.2023|    5.11|       2MASX J21161028+2517010|                               |319.0428| 25.2836|    9.50|    6.45|   12.95|  |   1.82|   1.36|   2.33|      0.55|  0.1600|     44.84|  1        |          4|Sy1
1105|   SWIFT J2117.5+5139|319.4632| 51.6449|   19.74|       2MASX J21174741+5138523|                               |319.4480| 51.6483|   32.58|   29.81|   35.45|  |   1.97|   1.85|   2.09|      2.45|  0.0534|     44.36|  1        |          7|BZG
1106|   SWIFT J2118.9+3336|319.8725| 33.5558|    9.69|       2MASX J21192912+3332566|                               |319.8714| 33.5491|   16.35|   13.43|   19.47|  |   1.96|   1.71|   2.23|      0.82|  0.0507|     44.01|  1        |          4|Sy1.5
1107|   SWIFT J2123.5+4217|320.9130| 42.2868|   15.27|                     V2069 Cyg|                               |320.9370| 42.3010|   19.12|   17.03|   21.34|  |   2.77|   2.57|   2.98|      1.31|     NA |        NA|  1        |          9|CV
1108|   SWIFT J2123.6+2506|320.9605| 25.0689|    9.01|                        3C 433|                               |320.9356| 25.0700|   16.45|   13.23|   19.91|  |   1.87|   1.59|   2.17|      0.74|  0.1016|     44.65|  1        |          5|Sy2
1109|   SWIFT J2124.6+0500|321.0561|  4.9808|    4.80|      SDSS J212412.43+050243.6|                               |321.0518|  5.0455|    7.46|    5.58|    9.56|  |   3.23|   2.72|   3.94|      1.40|     NA |        NA|  1        |         12|star
1110|   SWIFT J2124.6+5057|321.1579| 50.9671|  136.20|                      4C 50.55|                               |321.1643| 50.9735|  214.59|  211.78|  217.42|  |   1.99|   1.98|   2.01|      9.13|  0.0200|     44.30|  1        |          5|Sy1.9
1111|   SWIFT J2127.4+5654|321.9354| 56.9475|   31.43|        SWIFT J212745.6+565636|                               |321.9373| 56.9444|   41.94|   39.70|   44.22|  |   2.50|   2.42|   2.59|      5.24|  0.0147|     43.32|  1        |          4|Sy1
1112|   SWIFT J2129.1-1538|322.3147|-15.6181|   11.31|                   PKS 2126-15|                               |322.3007|-15.6447|   26.20|   22.03|   30.60|  |   1.75|   1.52|   1.99|      1.18|  3.2680|     48.41|  1        |          7|BZQ
1113|   SWIFT J2129.9+1209|322.4927| 12.1709|   57.33|                    4U 2129+12|                               |322.4929| 12.1674|   81.63|   78.96|   84.38|  |   2.54|   2.48|   2.60|      0.79|     NA |        NA|  1        |         14|LMXB
1114|   SWIFT J2132.0-3343|323.0175|-33.7004|   15.46|           6dF J2132022-334254|                               |323.0092|-33.7150|   33.92|   30.23|   37.78|  |   1.85|   1.70|   2.01|      1.18|  0.0293|     43.84|  1        |          4|Sy1
1115|   SWIFT J2133.6+5105|323.4464| 51.1117|   44.15|               RX J2133.7+5107|                               |323.4320| 51.1236|   57.34|   55.15|   59.58|  |   2.55|   2.49|   2.61|      9.27|     NA |        NA|  1        |          9|CV
1116|   SWIFT J2134.9-2729|323.6779|-27.4678|    7.58|       2MASX J21344509-2725557|                               |323.6880|-27.4321|   16.22|   12.41|   20.42|  |   1.85|   1.52|   2.21|      0.87|  0.0670|     44.26|  1        |          4|Sy1
1117|   SWIFT J2156.1+4728|323.9855| 47.4692|   16.79|       2MASX J21355399+4728217|                               |323.9750| 47.4727|   24.30|   21.72|   26.99|  |   2.19|   2.03|   2.35|      0.47|  0.0250|     43.55|  1        |          4|Sy1.5
1118|   SWIFT J2135.5-6222|324.0569|-62.4148|   18.17|         1RXS J213623.1-622400|                               |324.0963|-62.4002|   29.78|   26.88|   32.80|  |   2.05|   1.91|   2.20|      1.78|  0.0588|     44.40|  1        |          4|Sy1.2
1119|   SWIFT J2136.8-6444|324.1827|-64.6372|    6.54|              IRAS F21329-6451|                               |324.2196|-64.6342|    9.16|    6.65|   12.03|  |   2.29|   1.87|   2.79|      0.76|  0.0704|     44.06|  1        |          4|Sy1
1120|   SWIFT J2137.8-1433|324.5110|-14.5448|    4.91|                   PKS 2135-14|                               |324.4383|-14.5488|    9.26|    6.18|   12.85|  |   2.30|   1.80|   2.95|      0.07|  0.2003|     45.04|  1        |          4|Sy1.5
1121|   SWIFT J2138.8-3207|324.6594| 32.0650|   12.67|                  CGCG 493-002|                               |324.6390| 32.0850|   21.37|   18.29|   24.61|  |   1.87|   1.66|   2.08|      1.00|  0.0248|     43.49|  1        |          4|Sy1.5
1122|   SWIFT J2139.7+5951|324.8857| 59.8345|    6.73|         1RXS J213944.3+595016|                               |324.9346| 59.8378|    9.55|    7.31|   12.07|  |   2.42|   2.06|   2.86|      1.79|  0.1140|     44.52|  1        |          4|Sy1.2
1123|   SWIFT J2142.7+4337|325.6885| 43.5832|   37.30|                        SS Cyg|                               |325.6784| 43.5861|   44.89|   42.89|   46.95|  |   2.85|   2.77|   2.94|      4.24|     NA |        NA|  1        |          9|CV
1124|   SWIFT J2144.7+3816|326.1714| 38.3211|  702.16|                       Cyg X-2|                               |326.1717| 38.3217|  663.70|  662.56|  664.84|  |   5.41|   5.40|   5.42|    276.41|     NA |        NA|  1        |         14|LMXB
1125|   SWIFT J2145.5+1101|326.3434| 11.0182|    4.81|               RX J2145.5+1102|                               |326.3867| 11.0487|   12.79|    8.65|   17.29|  |   1.16|   0.65|   1.65|      0.69|  0.2090|     45.22|  1        |          4|Sy1
1126|   SWIFT J2148.0+0657|327.0302|  6.9259|    9.76|                   PKS 2145+06|                               |327.0227|  6.9607|   17.88|   14.35|   21.67|  |   1.86|   1.57|   2.16|      1.16|  0.9900|     46.97|  1        |          7|BZQ
1127|   SWIFT J2148.3-3454|327.0243|-34.9448|    6.30|                      NGC 7130|                               |327.0813|-34.9512|   12.10|    8.78|   15.85|  |   2.00|   1.59|   2.46|      0.37|  0.0162|     42.87|  1        |          5|Sy1.9
1128|   SWIFT J2150.2-1855|327.5274|-18.9582|    7.34|           6dF J2149581-185924|                               |327.4919|-18.9899|   17.14|   13.08|   21.55|  |   1.62|   1.29|   1.97|      0.37|  0.1581|     45.08|  1        |          4|Sy1.5
1129|   SWIFT J2152.0-3030|327.9805|-30.4669|   38.48|                  PKS 2149-306|                               |327.9814|-30.4649|   97.86|   93.57|  102.20|  |   1.52|   1.46|   1.58|      2.37|  2.3450|     48.63|  1        |          7|BZQ
1130|   SWIFT J2156.2+1724|329.0432| 17.3639|    6.20|       2MASX J21561518+1722525|                               |329.0634| 17.3813|   13.30|    9.75|   17.12|  |   1.59|   1.23|   1.98|      0.59|  0.0342|     43.57|  1        |          4|Sy1.8
1131|   SWIFT J2157.2-6942|329.3889|-69.6945|    8.87|                   PKS 2153-69|                               |329.2749|-69.6899|   14.50|   11.68|   17.54|  |   1.96|   1.70|   2.25|      0.63|  0.0283|     43.44|  1        |          4|Sy1.8
1132|   SWIFT J2157.4-0615|329.3547| -6.2245|    7.48|               EUVE J2157-06.1|                               |329.3629| -6.1728|   12.41|    9.80|   15.30|  |   2.57|   2.23|   2.98|      1.39|  0.1763|     45.04|  1        |          4|Sy1.2
1133|   SWIFT J2200.9+1032|330.1703| 10.5485|   19.49|                       Mrk 520|                               |330.1724| 10.5524|   32.53|   29.35|   35.84|  |   2.11|   1.97|   2.26|      0.45|  0.0266|     43.73|  1        |          5|Sy1.9
1134|   SWIFT J2201.9+5057|330.4103| 50.8327|   11.09|          87GB 215950.2+503417|                               |330.4314| 50.8157|   21.45|   18.17|   24.88|  |   1.55|   1.33|   1.77|      0.30|  1.8990|     47.75|  1        |          7|BZQ
1135|   SWIFT J2201.9-3152|330.5041|-31.8696|   87.56|                      NGC 7172|                               |330.5080|-31.8698|  173.40|  169.72|  177.10|  |   1.87|   1.84|   1.90|     11.20|  0.0087|     43.48|  1        |          5|Sy2
1136|   SWIFT J2202.8+4218|330.6912| 42.2723|   19.15|                        BL Lac|                               |330.6804| 42.2778|   34.97|   31.73|   38.31|  |   1.70|   1.57|   1.83|      0.84|  0.0686|     44.61|  1        |          7|BZB
1137|   SWIFT J2203.0+3146|330.7698| 31.7530|    6.45|                     4C +31.63|                               |330.8120| 31.7610|   11.62|    8.56|   14.97|  |   1.75|   1.38|   2.15|      1.28|  0.2950|     45.52|  1        |          7|BZQ
1138|   SWIFT J2204.7+0337|331.0608|  3.5508|   10.88|       2MASX J22041914+0333511|                               |331.0799|  3.5639|   19.15|   16.22|   22.31|  |   2.21|   1.99|   2.44|      2.54|  0.0611|     44.25|  1        |          5|Sy1.9
1139|   SWIFT J2207.3+1013|331.8010| 10.2066|    6.35|                NGC 7212 NED02|                               |331.7582| 10.2334|   13.84|   10.11|   17.91|  |   1.59|   1.21|   1.97|      0.98|  0.0267|     43.37|  1        |          5|Sy2
1140|   SWIFT J2207.8+5432|331.9785| 54.5131|  119.36|                    4U 2206+54|                               |331.9843| 54.5185|  156.11|  153.83|  158.40|  |   2.52|   2.49|   2.54|      5.39|     NA |        NA|  1        |         13|HMXB
1141|   SWIFT J2209.1-2747|332.2834|-27.7891|    7.45|                      NGC 7214|                               |332.2820|-27.8095|   17.16|   12.80|   21.90|  |   1.45|   1.07|   1.84|      0.98|  0.0231|     43.33|  1        |          4|Sy1
1142|   SWIFT J2209.4-4711|332.3297|-47.1717|   21.50|                      NGC 7213|                               |332.3177|-47.1667|   37.45|   34.13|   40.89|  |   1.89|   1.77|   2.02|      0.74|  0.0058|     42.46|  1        |          4|Sy1
1143|   SWIFT J2211.7+1843|332.9741| 18.7036|    8.75|                     II Zw 171|                               |332.9745| 18.6972|   15.97|   12.81|   19.39|  |   1.89|   1.62|   2.19|      0.62|  0.0700|     44.29|  1        |          7|BZQ
1144|   SWIFT J2214.0+1243|333.5100| 12.6941|    8.28|                        RU Peg|                               |333.5106| 12.7031|   10.15|    8.46|   12.06|  |   3.47|   3.05|   3.96|      1.91|     NA |        NA|  1        |          9|CV
1145|   SWIFT J2214.2-2557|333.5594|-25.9478|    6.96|       2MASX J22140917-2557487|                               |333.5382|-25.9636|   14.06|   10.59|   17.92|  |   1.84|   1.50|   2.20|      1.26|  0.0519|     43.97|  1        |          5|Sy2
1146|   SWIFT J2217.0+1413|334.3048| 14.2429|    6.50|                       Mrk 304|                               |334.3011| 14.2391|   10.08|    7.36|   13.20|  |   2.36|   1.94|   2.88|      0.59|  0.0658|     44.04|  1        |          4|Sy1
1147|   SWIFT J2217.5-0812|334.4814| -8.3485|   33.29|                        FO AQR|                               |334.4810| -8.3513|   47.48|   45.40|   49.63|  |   3.25|   3.15|   3.36|      8.36|     NA |        NA|  1        |          9|CV
1148|   SWIFT J2218.4+1925|334.5744| 19.4000|    6.09|         1RXS J221832.8+192527|                               |334.6364| 19.4224|    8.49|    6.61|   10.54|  |   2.98|   2.59|   3.49|      2.18|     NA |        NA|  1        |          9|CV
1149|   SWIFT J2219.7+2614|334.9591| 26.2339|    9.92|       2MASX J22194971+2613277|                               |334.9573| 26.2244|   17.75|   14.76|   20.94|  |   1.92|   1.68|   2.16|      1.31|  0.0850|     44.52|  1        |          7|BZQ
1150|   SWIFT J2223.8+1143|335.9771| 11.8422|    7.05|                MCG +02-57-002|                               |335.9380| 11.8360|   13.41|   10.10|   17.05|  |   1.89|   1.55|   2.27|      1.12|  0.0290|     43.43|  1        |          4|Sy1
1151|   SWIFT J2223.9-0207|335.9551| -2.1071|   22.19|                        3C 445|                               |335.9566| -2.1034|   41.56|   38.11|   45.12|  |   1.99|   1.88|   2.11|      0.44|  0.0562|     44.51|  1        |          4|Sy1.5
1152|   SWIFT J2226.8+3628|336.7380| 36.3793|    7.68|                MCG +06-49-019|                               |336.7741| 36.3616|   11.44|    8.86|   14.29|  |   2.10|   1.78|   2.46|      0.27|  0.0213|     43.08|  1        |          5|Sy1.9
1153|   SWIFT J2229.9+6646|337.3554| 66.8128|    8.75|               IGR J22292+6647|                               |337.3063| 66.7810|   14.94|   12.01|   18.08|  |   1.76|   1.48|   2.05|      0.46|  0.1130|     44.70|  1        |          4|Sy1.2
1154|   SWIFT J2229.7-0831|337.4606| -8.4903|    6.55|                  PKS 2227-088|                               |337.4170| -8.5485|   15.63|   11.56|   20.03|  |   1.57|   1.19|   1.97|      0.24|  1.5595|     47.40|  1        |          7|BZQ
1155|   SWIFT J2232.5+1141|338.1620| 11.7224|   16.24|               [HB89] 2230+114|                               |338.1517| 11.7308|   40.85|   36.66|   45.17|  |   1.37|   1.22|   1.52|      0.78|  1.0370|     47.38|  1        |          7|BZQ
1156|   SWIFT J2234.8-2542|338.7099|-25.7026|    8.03|                ESO 533- G 050|                               |338.7076|-25.6769|   15.80|   12.17|   19.73|  |   1.75|   1.44|   2.09|      1.49|  0.0264|     43.41|  1        |          5|Sy2
1157|   SWIFT J2235.9-2602|338.9490|-26.0490|   31.57|                      NGC 7314|                               |338.9426|-26.0503|   55.20|   51.90|   58.58|  |   2.04|   1.96|   2.12|      2.95|  0.0048|     42.46|  1        |          5|Sy1.9
1158|   SWIFT J2235.9+3358|339.0265| 33.9912|   17.17|                      NGC 7319|                               |339.0148| 33.9757|   32.46|   29.14|   35.89|  |   1.57|   1.43|   1.71|      0.92|  0.0225|     43.58|  1        |          5|Sy2
1159|   SWIFT J2237.2+6324|339.0962| 63.4770|    3.79|        SWIFT J223703.9+632338|                               |339.1558| 63.4920|    4.53|    3.14|    6.14|  |   3.45|   2.77|   4.51|      0.98|     NA |        NA|  1        |          9|CV
1160|   SWIFT J2237.0+2543|339.1724| 25.7432|    6.42|                       IC 5233|                               |339.1370| 25.7632|   10.68|    7.85|   13.86|  |   2.05|   1.66|   2.48|      2.79|  0.0246|     43.18|  1        |          5|Sy2
1161|   SWIFT J2236.7-1233|339.2114|-12.5684|   15.04|                       Mrk 915|                               |339.1938|-12.5452|   32.27|   28.21|   36.50|  |   1.65|   1.47|   1.83|      1.02|  0.0241|     43.64|  1        |          5|Sy1.9
1162|   SWIFT J2240.2+0801|340.0581|  8.0597|    8.58|                MCG +01-57-016|                               |340.0710|  8.0539|   16.48|   13.27|   19.96|  |   2.03|   1.75|   2.33|      0.55|  0.0250|     43.38|  1        |          4|Sy1.5
1163|   SWIFT J2242.4-3711|340.5697|-37.1548|    3.63|                ESO 406- G 004|                               |340.6390|-37.1854|    6.15|    3.55|    9.20|  |   2.18|   1.61|   2.95|      1.85|  0.0290|     43.09|  1        |          5|Sy2
1164|   SWIFT J2243.2-4539|340.6469|-45.6356|    5.76|       2MASX J22422135-4539093|                               |340.5890|-45.6526|    8.52|    5.88|   11.60|  |   2.23|   1.76|   2.82|      0.81|  0.1207|     44.52|  1        |          5|Sy2
1165|   SWIFT J2246.0+3941|341.4563| 39.6965|   18.79|                        3C 452|                               |341.4532| 39.6877|   30.77|   27.80|   33.85|  |   1.88|   1.74|   2.02|      0.78|  0.0811|     44.71|  1        |          5|Sy2
1166|   SWIFT J2248.7-5109|342.1687|-51.1480|    6.52|       2MASX J22484165-5109338|                               |342.1716|-51.1650|    9.71|    6.95|   12.87|  |   2.17|   1.74|   2.69|      1.43|  0.1000|     44.40|  1        |          4|Sy1.5
1167|   SWIFT J2248.8+1725|342.2249| 17.3914|    5.59|       2MASX J22484430+1727034|                               |342.1847| 17.4509|    8.63|    5.95|   11.71|  |   2.33|   1.85|   2.95|      0.96|  0.0857|     44.21|  1        |          4|Sy1
1168|   SWIFT J2250.7-0854|342.7234| -8.8884|    5.93|       2MASX J22505170-0854572|                               |342.7155| -8.9158|   10.20|    7.13|   13.72|  |   2.08|   1.66|   2.59|      0.88|  0.0649|     44.03|  1        |          4|Sy1.5
1169|   SWIFT J2251.9+2215|342.9657| 22.3131|    5.35|              MG3 J225155+2217|                               |342.9729| 22.2937|   10.45|    7.41|   13.83|  |   1.91|   1.52|   2.37|      1.01|  3.6680|     48.13|  1        |          7|BZQ
1170|   SWIFT J2251.8-3210|342.9301|-32.0709|    6.38|         1RXS J225146.9-320614|                               |342.9471|-32.1040|   11.11|    8.06|   14.56|  |   2.03|   1.65|   2.48|      0.78|  0.2460|     45.32|  1        |          7|BZB
1171|   SWIFT J2253.9+1608|343.4838| 16.1480|   62.11|                      3C 454.3|                               |343.4906| 16.1482|  136.19|  132.25|  140.21|  |   1.45|   1.41|   1.50|      5.60|  0.8590|     47.70|  1        |          7|BZQ
1172|   SWIFT J2254.1-1734|343.5247|-17.5867|   56.93|                   MR 2251-178|                               |343.5242|-17.5819|  102.98|   99.55|  106.47|  |   2.02|   1.97|   2.07|      2.79|  0.0640|     45.02|  1        |          4|Sy1.2
1173|  SWIFT J2254.2+1147A|343.5866| 11.7785|    9.10|                     UGC 12243|                               |343.6813| 11.7141|   15.66|   12.51|   19.10|  |   2.06|   1.76|   2.38|      0.88|  0.0283|     43.47|  1        |          5|Sy2
1174|  SWIFT J2254.2+1147B|343.5403| 11.8140|    8.07|                     UGC 12237|                               |343.5820| 11.7825|   14.69|   11.31|   18.38|  |   1.94|   1.60|   2.32|      1.41|  0.0283|     43.44|  1        |          5|Sy2
1175|   SWIFT J2255.4-0309|343.8225| -3.1761|   25.70|                        AO Psc|                               |343.8249| -3.1779|   32.30|   30.29|   34.37|  |   3.31|   3.16|   3.47|      2.38|     NA |        NA|  1        |          9|CV
1176|   SWIFT J2256.5+0526|344.1323|  5.3888|    5.86|       2MASX J22563642+0525167|                               |344.1521|  5.4214|    9.02|    6.20|   12.29|  |   2.37|   1.87|   3.04|      1.79|  0.0660|     43.99|  1        |          4|Sy1.2
1177|   SWIFT J2258.9+4054|344.7077| 40.9320|   10.82|                     UGC 12282|                               |344.7312| 40.9315|   19.44|   16.36|   22.71|  |   1.73|   1.51|   1.96|      2.05|  0.0170|     43.11|  1        |          5|Sy1.9
1178|   SWIFT J2259.7+2458|344.8844| 24.9170|   13.88|                       KAZ 320|                               |344.8871| 24.9182|   23.40|   20.45|   26.50|  |   2.08|   1.90|   2.27|      1.19|  0.0345|     43.82|  1        |          4|Sy1.5
1179|   SWIFT J2301.4-5916|345.3524|-59.2383|    9.46|       2MASX J23013626-5913210|                               |345.4010|-59.2225|   13.05|   10.47|   15.88|  |   2.17|   1.88|   2.49|      2.25|  0.1490|     44.91|  1        |          4|Sy1
1180|   SWIFT J2302.1+1557|345.5275| 15.9542|   10.83|                      NGC 7465|                               |345.5040| 15.9648|   22.04|   18.55|   25.72|  |   1.68|   1.46|   1.90|      1.60|  0.0066|     42.34|  1        |          5|Sy2
1181|   SWIFT J2303.1-1837|345.7662|-18.7003|    7.69|                   PKS 2300-18|                               |345.7620|-18.6900|   13.77|   10.33|   17.57|  |   1.97|   1.61|   2.38|      0.23|  0.1283|     44.79|  1        |          4|Sy1
1182|   SWIFT J2303.3+0852|345.8181|  8.8661|   38.49|                      NGC 7469|                               |345.8151|  8.8740|   69.49|   66.34|   72.69|  |   2.09|   2.02|   2.15|      7.61|  0.0163|     43.63|  1        |          4|Sy1.5
1183|   SWIFT J2304.8-0843|346.1869| -8.6806|   57.53|                       Mrk 926|                               |346.1811| -8.6857|  106.94|  103.37|  110.57|  |   1.92|   1.87|   1.96|      1.90|  0.0469|     44.76|  1        |          4|Sy1.5
1184|   SWIFT J2304.9+1220|346.1796| 12.3071|   11.38|                      NGC 7479|                               |346.2361| 12.3229|   21.93|   18.69|   25.38|  |   1.84|   1.64|   2.05|      1.21|  0.0079|     42.50|  1        |          5|Sy2
1185|   SWIFT J2307.1+0433|346.7870|  4.5425|   10.42|                   PG 2304+042|                               |346.7621|  4.5492|   19.69|   16.24|   23.38|  |   1.90|   1.65|   2.16|      0.44|  0.0420|     43.92|  1        |          4|Sy1.2
1186|   SWIFT J2307.9+2245|346.9853| 22.7662|    5.80|            SWIFT J2307.9+2245|                               |346.9536| 22.7103|   10.61|    7.47|   14.16|  |   1.88|   1.46|   2.35|      1.18|  0.0349|     43.49|  1        |          5|Sy2
1187|   SWIFT J2308.1+4014|346.9770| 40.2707|    7.96|       2MASX J23075724+4016393|                               |346.9886| 40.2775|   12.62|    9.91|   15.57|  |   2.01|   1.71|   2.34|      0.70|  0.0740|     44.24|  1        |          4|Sy1.5
1188|   SWIFT J2318.4-4223|349.5977|-42.3684|   49.49|                      NGC 7582|                               |349.5979|-42.3706|   85.22|   82.09|   88.37|  |   1.89|   1.84|   1.94|      7.40|  0.0052|     42.72|  1        |          5|Sy2
1189|   SWIFT J2318.9+0013|349.7292|  0.2448|   28.43|                      NGC 7603|                               |349.7359|  0.2440|   51.50|   48.17|   54.91|  |   1.97|   1.88|   2.06|      4.12|  0.0295|     44.02|  1        |          4|Sy1
1190|   SWIFT J2319.4+2619|349.8890| 26.2541|    6.67|        SWIFT J231930.4+261517|                               |349.8765| 26.2548|    8.47|    6.40|   10.86|  |   2.85|   2.38|   3.46|      0.40|     NA |        NA|  1        |          9|CV
1191|   SWIFT J2320.8+6434|350.1340| 64.5213|    8.04|       2MASX J23203662+6430452|                               |350.1526| 64.5125|   11.34|    8.83|   14.10|  |   2.29|   1.94|   2.70|      1.53|  0.0717|     44.17|  1        |          5|Sy1.9
1192|   SWIFT J2322.5-0646|350.6802| -6.7277|    6.10|       2MASX J23222444-0645375|                               |350.6019| -6.7605|    9.37|    6.30|   12.96|  |   2.20|   1.70|   2.85|      1.52|  0.0330|     43.38|  1        |          5|Sy2
1193|   SWIFT J2323.3+5849|350.8347| 58.8089|   63.53|                         Cas A|                               |350.8500| 58.8150|   68.97|   67.16|   70.85|  |   3.15|   3.09|   3.22|     11.64|     NA |        NA|  1        |         11|SNR
1194|   SWIFT J2325.5-3827|351.3573|-38.4746|    7.35|         LCRS B232242.2-384320|                               |351.3508|-38.4470|   12.42|    9.51|   15.62|  |   2.01|   1.68|   2.37|      0.92|  0.0359|     43.58|  1        |          5|Sy2
1195|   SWIFT J2325.6+2157|351.4751| 21.8881|    9.20|       2MASX J23255427+2153142|                               |351.4760| 21.8870|   16.18|   12.99|   19.61|  |   1.85|   1.58|   2.15|      2.47|  0.1200|     44.80|  1        |          4|Sy1.2
1196|   SWIFT J2327.4+1525|351.8186| 15.4262|   10.27|       2MASX J23272195+1524375|                               |351.8415| 15.4104|   15.02|   12.07|   18.19|  |   2.26|   1.96|   2.62|      0.75|  0.0457|     43.88|  1        |          7|BZQ
1197|   SWIFT J2327.5+0938|351.8873|  9.6719|   11.98|                  PKS 2325+093|                               |351.8900|  9.6690|   29.95|   25.60|   34.49|  |   1.25|   1.03|   1.47|      2.98|  1.8430|     47.86|  1        |          7|BZQ
1198|   SWIFT J2328.9+0328|352.1869|  3.5544|    8.27|                      NGC 7679|                               |352.1944|  3.5114|   16.11|   12.77|   19.77|  |   1.84|   1.56|   2.14|      0.64|  0.0171|     43.04|  1        |          5|Sy2
1199|   SWIFT J2330.5+7124|352.5470| 71.3753|    6.64|               IGR J23308+7120|                               |352.6960| 71.3360|   10.90|    8.03|   14.08|  |   1.84|   1.46|   2.27|      0.62|  0.0370|     43.55|  1        |          5|Sy2
1200|   SWIFT J2333.9-2342|353.4442|-23.7293|   11.73|                  PKS 2331-240|                               |353.4802|-23.7280|   20.50|   17.31|   23.90|  |   1.93|   1.72|   2.16|      0.47|  0.0477|     44.05|  1        |          7|BZQ
1201|   SWIFT J2341.0+7645|355.1575| 76.7013|    5.74|         1RXS J234015.8+764207|                               |355.0860| 76.7030|    6.10|    4.61|    7.82|  |   3.23|   2.70|   3.93|      1.32|     NA |        NA|  1        |          9|CV
1202|   SWIFT J2341.8+3033|355.4655| 30.5858|   11.66|                     UGC 12741|                               |355.4811| 30.5818|   22.12|   19.12|   25.26|  |   1.82|   1.63|   2.00|      1.49|  0.0174|     43.19|  1        |          5|Sy2
1203|   SWIFT J2343.9+0537|355.9905|  5.6162|    7.03|       2MASX J23435956+0538233|                               |355.9982|  5.6400|   13.27|    9.84|   17.05|  |   1.81|   1.45|   2.20|      1.43|  0.0562|     44.01|  1        |          5|Sy2
1204|   SWIFT J2344.6-4246|356.2084|-42.7520|    7.85|       2MASX J23444387-4243124|                               |356.1829|-42.7201|   12.97|   10.12|   16.06|  |   2.00|   1.70|   2.34|      0.54|  0.5975|     46.29|  1        |          5|Sy2
1205|   SWIFT J2346.8+5143|356.7764| 51.6952|    7.71|       2MASX J23470479+5142179|                               |356.7701| 51.7050|   11.00|    8.46|   13.78|  |   2.28|   1.91|   2.72|      1.40|  0.0440|     43.71|  1        |          7|BZB
1206|   SWIFT J2351.9-0109|357.9614| -1.1297|    8.01|                   PKS 2349-01|                               |357.9839| -1.1537|   17.21|   13.56|   21.09|  |   1.62|   1.33|   1.92|      0.99|  0.1740|     45.17|  1        |          4|Sy1
1207|   SWIFT J2352.2+5845|358.0868| 58.7877|    5.57|               IGR J23524+5842|                               |358.1120| 58.7000|    7.84|    5.22|   10.85|  |   2.08|   1.56|   2.74|      1.44|  0.1640|     44.78|  1        |          5|Sy2
1208|   SWIFT J2352.6-1707|358.1960|-17.0812|   10.64|       2MASX J23525143-1704370|                               |358.2143|-17.0770|   18.93|   15.50|   22.59|  |   1.74|   1.50|   2.01|      0.98|  0.0547|     44.14|  1        |          4|Sy1
1209|   SWIFT J2359.0-3038|359.7879|-30.5813|    8.15|                    H 2356-309|                               |359.7830|-30.6280|   11.01|    8.55|   13.76|  |   2.49|   2.13|   2.92|      0.82|  0.1651|     44.93|  1        |          7|BZB
1210|   SWIFT J2359.3-6058|359.7490|-60.9105|    9.86|                   PKS 2356-61|                               |359.7682|-60.9165|   14.90|   12.26|   17.74|  |   2.05|   1.80|   2.32|      0.95|  0.0963|     44.55|  1        |          5|Sy2
1211|   SWIFT J0000.5+3251|  0.0102| 32.7564|    3.18|                       IC 5373|                               |  0.1200| 32.7824|    6.01|    2.94|    9.69|  |   1.74|   0.97|   2.73|      0.92|  0.0327|     43.18|  1        |          6|Other AGN
1212|   SWIFT J0005.3-7443|  1.3372|-74.4566|    5.37|       2MASX J00052036-7426403|                               |  1.3351|-74.4445|    9.98|    7.19|   13.03|  |   1.81|   1.44|   2.22|      1.91|  0.1316|     44.67|  1        |          4|Sy1
1213|   SWIFT J0007.6+0048|  1.8686|  0.7818|    5.58|            SWIFT J0007.6+0048|                               |  1.8636|  0.7979|    8.90|    5.61|   12.66|  |   2.08|   1.53|   2.82|      1.44|     NA |        NA|  1        |          0|confused source
1214|   SWIFT J0007.8-4133|  1.9545|-41.3559|    5.17|                            NA|                               |      NA|      NA|   10.61|    7.09|   14.56|  |   1.41|   0.90|   1.91|      0.57|     NA |        NA|  1        |          0|Unknown
1215|   SWIFT J0029.1+5937|  7.2178| 59.3757|   51.85|                  V* V1037 Cas|                               |  7.2628| 59.5720|   68.03|   65.85|   70.22|  |   2.54|   2.48|   2.59|     14.09|     NA |        NA|  1        |         14|LMXB
1216|   SWIFT J0043.9-5009| 10.9383|-50.1732|    4.40|                       NGC 238|                               | 10.8573|-50.1828|    4.65|    2.87|    6.86|  |   2.63|   2.00|   3.47|      1.36|  0.0287|     42.96|  1        |          6|Other AGN
1217|   SWIFT J0046.1-4214| 11.5228|-42.1397|    5.42|                   PKS 0043-42|                               | 11.5740|-42.1310|    8.61|    6.01|   11.55|  |   1.97|   1.55|   2.46|      0.83|  0.1160|     44.49|  1        |          8|LINER
1218|   SWIFT J0047.3+1445| 11.8597| 14.7246|    5.22|                     UGC 00488|                               | 11.8309| 14.7035|   10.02|    6.87|   13.58|  |   1.73|   1.29|   2.21|      0.80|  0.0393|     43.57|  1        |          4|Sy1
1219|   SWIFT J0048.9+8229| 12.2834| 82.5264|    5.86|       2MASX J00502684+8229000|                               | 12.6128| 82.4834|    8.46|    5.88|   11.40|  |   2.01|   1.55|   2.56|      0.32|     NA |        NA|  1        |          6|Other AGN
1220|   SWIFT J0052.9+6630| 13.3914| 66.5266|    3.63|                            NA|                               |      NA|      NA|    7.89|    4.39|   11.87|  |   1.26|   0.48|   2.05|      0.87|     NA |        NA|  1        |          0|Unknown
1221|   SWIFT J0056.9+1472| 14.2568| 14.7226|    4.96|                        2E 233|                               | 14.2914| 14.7695|    7.50|    4.91|   10.56|  |   2.20|   1.69|   2.82|      0.78|  0.1718|     44.80|  1        |          4|Sy1
1222|   SWIFT J0100.0-7236| 15.6137|-72.3846|    4.94|                       SXP 202|                               | 14.8371|-72.3877|    8.71|    5.84|   11.91|  |   1.81|   1.33|   2.36|      0.85|     NA |        NA|  1        |         13|HMXB
1223|   SWIFT J0102.2+4255| 15.4524| 42.5469|    5.33|                            NA|                               |      NA|      NA|    7.47|    4.99|   10.36|  |   2.24|   1.72|   2.90|      1.31|     NA |        NA|  1        |          0|Unknown
1224|   SWIFT J0115.9+2532| 18.9618| 25.2896|    5.16|       2MASX J01155048+2515369|                               | 18.9604| 25.2602|    7.72|    5.17|   10.69|  |   2.28|   1.78|   2.95|      0.98|     NA |        NA|  1        |          4|Sy1
1225|   SWIFT J0119.2+1604| 19.7918| 16.1112|    5.78|              IRAS F01164+1549|                               | 19.7745| 16.0824|    8.53|    6.02|   11.39|  |   2.30|   1.88|   2.83|      0.61|     NA |        NA|  1        |          6|Other AGN
1226|   SWIFT J0120.7-1444| 20.2137|-14.7081|    5.04|                MCG -03-04-054|                               | 20.1796|-14.7321|    9.03|    6.14|   12.27|  |   1.88|   1.46|   2.37|      1.14|  0.0395|     43.53|  1        |          6|Other AGN
1227|   SWIFT J0128.5-5647| 22.1564|-56.8374|    5.65|       2MASX J01282045-5649394|                               | 22.0855|-56.8276|    7.80|    5.50|   10.45|  |   2.11|   1.68|   2.61|      0.65|  0.0666|     43.94|  1        |          5|Sy2 candidate
1228|   SWIFT J0131.5-1007| 22.9007|-10.1574|    5.27|      SDSS J013126.71-100931.1|                               | 22.8613|-10.1587|   10.28|    7.04|   13.91|  |   1.69|   1.26|   2.16|      0.50|  3.5150|     48.08|  1        |          6|Other AGN
1229|   SWIFT J0144.8-2754| 26.2174|-27.5476|    5.73|                PMN J0145-2733|                               | 26.2641|-27.5595|   10.78|    6.90|   15.27|  |   1.36|   0.71|   1.99|      1.08|  1.1550|     46.92|  1        |          6|Other AGN
1230|   SWIFT J0147.1+6138| 26.8707| 61.3911|   10.44|               RX J0146.9+6121|                               | 26.7507| 61.3567|   10.72|    8.85|   12.82|  |   2.93|   2.57|   3.35|      1.91|     NA |        NA|  1        |         13|HMXB
1231|  SWIFT J0147.7-66010| 26.8082|-66.1646|    7.69|                ESO 080- G 005|                               | 26.9138|-66.1632|   11.92|    9.17|   14.90|  |   1.80|   1.49|   2.13|      1.05|  0.0270|     43.31|  1        |          4|Sy1
1232|   SWIFT J0154.6-5057| 28.6676|-50.5611|    5.59|                 PKS B0151-507|                               | 28.4636|-50.5293|    8.70|    5.63|   12.21|  |   1.60|   1.05|   2.18|      0.93|     NA |        NA|  1        |          6|Other AGN
1233|   SWIFT J0155.2-3048| 28.7769|-30.7770|    2.91|               2dFGRS S384Z181|                               | 28.8818|-30.7649|    4.49|    2.16|    7.46|  |   2.17|   1.39|   3.35|      3.37|  0.1336|     44.34|  1        |          6|Other AGN
1234|   SWIFT J0156.1+4463| 29.0364| 44.6296|    4.12|                            NA|                               |      NA|      NA|    9.66|    6.11|   13.64|  |   1.35|   0.77|   1.94|      0.11|     NA |        NA|  1        |          0|Unknown
1235|   SWIFT J0156.5-5303| 29.2005|-53.0578|    4.80|                       RBS 259|                               | 29.2418|-53.0333|    6.38|    4.39|    8.63|  |   2.35|   1.91|   2.91|      1.19|     NA |        NA|  1        |          7|Beamed AGN
1236|   SWIFT J0159.8+6718| 29.9368| 67.2335|    3.44|               IGR J01583+6713|                               | 29.5758| 67.2239|    4.20|    2.30|    6.78|  |   2.65|   1.78|   3.90|      0.68|     NA |        NA|  1        |         13|HMXB
1237|   SWIFT J0201.0+0329| 30.2500|  3.5392|    5.05|               [HB89] 0158+031|                               | 30.1701|  3.3804|    7.65|    3.72|   12.30|  |   1.89|   1.02|   3.25|      1.99|  0.7650|     46.33|  1        |          6|Other AGN
1238|   SWIFT J0201.5+5032| 30.3272| 50.5033|    4.44|                    UGC 01493A|                               | 30.2895| 50.5071|    7.19|    4.69|   10.08|  |   2.13|   1.62|   2.75|      0.35|  0.0163|     42.65|  1        |          6|Other AGN
1239|   SWIFT J0205.5-0255| 31.3536| -2.5476|    5.65|                            NA|                               |      NA|      NA|    8.56|    5.85|   11.66|  |   2.13|   1.67|   2.68|      0.67|     NA |        NA|  1        |          0|Unknown
1240|   SWIFT J0225.8+5946| 36.5474| 59.4479|    5.62|           NVSS J022626+592753|                               | 36.6090| 59.4647|    9.05|    6.61|   11.75|  |   2.15|   1.77|   2.60|      0.67|     NA |        NA|  1        |          7|Beamed AGN
1241|   SWIFT J0231.4+3605| 37.9592| 36.1380|    3.59|                            NA|                               |      NA|      NA|    5.54|    2.44|    9.61|  |   2.07|   1.06|   3.82|      1.46|     NA |        NA|  1        |          0|Unknown
1242|   SWIFT J0233.4+2754| 38.3296| 27.9578|    7.71|                      Mrk 1179|                               | 38.3431| 27.9369|   14.08|   10.77|   17.70|  |   1.82|   1.50|   2.16|      0.34|  0.0376|     43.68|  1        |          5|Sy1.9
1243|   SWIFT J0233.8+0243| 38.4639|  2.4814|    3.24|               IGR J02341+0228|                               | 38.4551|  2.4903|    4.99|    2.72|    7.71|  |   2.42|   1.78|   3.39|      1.94|  0.3210|     45.24|  1        |          7|Beamed AGN
1244|   SWIFT J0244.8-5829| 41.2095|-58.3174|   10.46|                BZB J0244-5819|                               | 41.1679|-58.3318|   12.35|   10.29|   14.60|  |   2.49|   2.22|   2.79|      0.83|  0.2645|     45.44|  1        |          7|Beamed AGN
1245|   SWIFT J0248.3+1202| 42.0591| 12.0167|    6.30|            CGCG 440-011 NED01|                               | 42.1483| 12.0086|   11.53|    8.00|   15.49|  |   1.76|   1.33|   2.26|      1.01|  0.0344|     43.51|  1        |          6|Other AGN
1246|   SWIFT J0250.8-3626| 42.6640|-36.2767|    5.55|           6dF J0250552-361636|                               | 42.7305|-36.2766|    8.32|    5.64|   11.38|  |   1.91|   1.44|   2.45|      0.48|  1.5360|     47.11|  1        |          4|Sy1;broad-line AGN
1247|   SWIFT J0252.6-1306| 43.1634|-13.1125|    6.27|       2MASX J02523566-1306147|                               | 43.1485|-13.1041|    9.96|    7.06|   13.23|  |   1.93|   1.52|   2.40|      1.38|     NA |        NA|  1        |          6|Other AGN
1248|   SWIFT J0259.8+2448| 44.9612| 24.7912|    5.06|                            NA|                               |      NA|      NA|    6.49|    4.02|    9.65|  |   2.65|   1.96|   3.70|      1.30|     NA |        NA|  1        |          0|Unknown
1249|   SWIFT J0300.1+3674| 44.9812| 36.7785|    4.66|                      Mrk 1066|                               | 44.9941| 36.8206|    7.71|    4.88|   11.08|  |   2.14|   1.58|   2.83|      0.43|  0.0120|     42.41|  1        |          5|Sy2
1250|   SWIFT J0300.2+1655| 45.0304| 16.5328|    7.11|         1RXS J030007.6+163023|                               | 45.0333| 16.5040|   12.26|    9.22|   15.66|  |   2.03|   1.68|   2.41|      1.60|  0.0350|     43.55|  1        |          4|Sy1
1251|   SWIFT J0302.2-2334| 45.4623|-23.5515|    4.33|       2MASX J03021318-2335198|                               | 45.5549|-23.5889|    5.67|    3.12|    8.81|  |   2.34|   1.58|   3.58|      1.08|  0.0353|     43.23|  1        |          4|Sy1
1252|   SWIFT J0302.2+6853| 45.5783| 68.8905|    5.97|       2MASX J03022154+6855070|                               | 45.5899| 68.9187|   10.44|    7.07|   14.21|  |   1.67|   1.17|   2.23|      0.76|  0.0220|     43.07|  1        |          6|Other AGN
1253|   SWIFT J0302.3-2429| 45.6211|-24.4825|    5.13|                ESO 480-IG 021|                               | 45.6195|-24.4558|    7.49|    5.16|   10.12|  |   2.25|   1.80|   2.81|      0.50|  0.0520|     43.69|  1        |          5|Sy2 candidate
1254|   SWIFT J0304.6+3348| 46.2135| 33.8079|    4.77|                     4C +33.06|                               | 46.1723| 33.8121|   10.95|    7.42|   14.89|  |   1.66|   1.21|   2.16|      0.24|     NA |        NA|  1        |          7|Beamed AGN
1255|   SWIFT J0306.0-3902| 46.5221|-39.0348|    8.00|                      NGC 1217|                               | 46.5251|-39.0364|   14.05|   10.94|   17.41|  |   1.60|   1.29|   1.93|      1.05|  0.0210|     43.16|  1        |          8|LINER
1256|   SWIFT J0306.4+7641| 46.5551| 76.3982|    5.01|         1RXS J030536.7+762257|                               | 46.4029| 76.3825|    8.28|    5.85|   10.96|  |   2.09|   1.68|   2.57|      1.35|     NA |        NA|  1        |          6|Other AGN
1257|   SWIFT J0310.7+3917| 47.7346| 39.2369|    3.58|      WISE J031024.53+391057.9|                               | 47.6022| 39.1827|    6.62|    4.20|    9.27|  |   2.37|   1.88|   3.05|      1.62|  0.3700|     45.51|  1        |          7|Beamed AGN
1258|   SWIFT J0311.2-0855| 47.7874| -8.9387|    6.75|                      NGC 1241|                               | 47.8110| -8.9221|   13.60|   10.23|   17.24|  |   1.62|   1.29|   1.98|      0.97|  0.0135|     42.76|  1        |          5|Sy2
1259|   SWIFT J0313.2-3507| 48.3124|-35.0935|    6.93|         1RXS J031325.0-350636|                               | 48.3535|-35.1073|    9.79|    7.21|   12.66|  |   2.08|   1.70|   2.53|      0.66|  0.1140|     44.53|  1        |          4|Sy1
1260|   SWIFT J0315.0-1908| 48.9967|-19.0936|    5.97|       2MASX J03155208-1906442|                               | 48.9671|-19.1123|   11.16|    7.99|   14.64|  |   1.67|   1.28|   2.10|      1.57|  0.0671|     44.10|  1        |          5|Sy2
1261|   SWIFT J0317.1+1542| 49.0964| 15.8669|    4.71|         1RXS J031639.0+155435|                               | 49.1642| 15.9094|    9.78|    5.86|   14.25|  |   1.56|   0.95|   2.26|      1.99|  0.1740|     44.93|  1        |          6|Other AGN
1262|   SWIFT J0324.9-0304| 51.2164| -3.0519|    6.66|                      NGC 1320|                               | 51.2029| -3.0423|   14.08|   10.73|   17.78|  |   1.67|   1.36|   2.00|      1.17|  0.0089|     42.41|  1        |          5|Sy2
1263|   SWIFT J0325.3-1217| 51.2952|-12.3011|    5.01|                MCG -02-09-040|                               | 51.2706|-12.3080|    9.26|    6.47|   12.42|  |   1.86|   1.46|   2.30|      1.39|  0.0150|     42.68|  1        |          5|Sy2
1264|   SWIFT J0325.4-0619| 51.3485| -6.1824|    4.23|                       Mrk 609|                               | 51.3557| -6.1439|    8.03|    4.94|   11.63|  |   1.90|   1.36|   2.55|      1.01|  0.0345|     43.36|  1        |          4|Sy1.8
1265|   SWIFT J0327.9-5301| 52.0362|-53.0294|    4.27|       2MASX J03274831-5256080|                               | 51.9512|-52.9354|    5.52|    3.30|    8.17|  |   2.23|   1.63|   3.07|      0.24|  0.0599|     43.69|  1        |          6|Other AGN
1266|   SWIFT J0329.4-2157| 52.3226|-21.9740|    4.45|       2MASX J03291029-2201166|                               | 52.2928|-22.0211|    8.21|    5.18|   11.66|  |   1.72|   1.20|   2.32|      1.49|  0.0349|     43.38|  1        |          6|Other AGN
1267|   SWIFT J0356.2-6104| 59.0723|-61.0782|    4.96|  GALEXASC J035559.47-610428.3|                               | 58.9985|-61.0747|    7.71|    5.16|   10.62|  |   1.88|   1.42|   2.42|      2.29|  0.2266|     45.08|  1        |          4|Sy1
1268|   SWIFT J0356.3-6603| 59.0853|-66.0616|    6.29|                            NA|                               |      NA|      NA|    9.50|    6.81|   12.49|  |   1.87|   1.46|   2.33|      0.90|     NA |        NA|  1        |          0|Unknown
1269|   SWIFT J0358.9+1050| 59.7519| 10.4762|    6.65|                         3C 98|                               | 59.7268| 10.4342|   12.50|    9.39|   15.97|  |   2.10|   1.75|   2.50|      1.08|  0.0305|     43.44|  1        |          5|Sy2
1270|   SWIFT J0402.9+0197| 60.7276|  1.9687|    7.47|                     UGC 02936|                               | 60.7008|  1.9660|   11.30|    8.32|   14.65|  |   2.37|   1.95|   2.90|      0.48|  0.0127|     42.62|  1        |          5|Sy2
1271|   SWIFT J0407.9-1219| 61.9640|-12.1914|    8.01|               [HB89] 0405-123|                               | 61.9518|-12.1935|   10.47|    8.12|   13.12|  |   2.52|   2.16|   2.96|      0.99|  0.5726|     46.16|  1        |          7|Beamed AGN
1272|   SWIFT J0412.8+5842| 63.1498| 58.4574|    5.29|       2MASX J04123958+5825181|                               | 63.1649| 58.4217|    7.40|    5.05|   10.14|  |   2.40|   1.90|   3.02|      0.47|  0.0675|     43.93|  1        |          4|Sy1
1273|   SWIFT J0422.1+4893| 65.5661| 48.9306|    4.75|         1RXS J042201.0+485610|                               | 65.5022| 48.9344|    6.65|    4.41|    9.42|  |   2.78|   2.14|   3.65|      1.13|  0.1140|     44.36|  1        |          4|Sy1
1274|   SWIFT J0427.0+0734| 66.7801|  7.3205|    6.33|               RX J0427.0+0716|                               | 66.7688|  7.2758|   11.59|    8.43|   15.18|  |   2.08|   1.70|   2.52|      0.52|  0.0900|     44.38|  1        |          4|Sy1
1275|   SWIFT J0428.6-3788| 67.0845|-37.8454|    4.67|                  PKS 0426-380|                               | 67.1684|-37.9388|    6.75|    4.42|    9.44|  |   2.19|   1.68|   2.84|      0.62|  1.1000|     46.66|  1        |          7|Beamed AGN
1276|   SWIFT J0441.2-6517| 70.2905|-65.2048|    5.14|       2MASX J04403561-6507490|                               | 70.1485|-65.1302|    6.48|    4.40|    8.87|  |   2.44|   1.94|   3.11|      0.50|     NA |        NA|  1        |          6|Other AGN
1277|   SWIFT J0450.6+3015| 72.6483| 30.2855|    7.11|     WISEP J045048.00+301502.8|                               | 72.7000| 30.2508|   12.63|    9.08|   16.61|  |   2.21|   1.77|   2.77|      1.09|     NA |        NA|  1        |          6|Other AGN
1278|   SWIFT J0506.6-1937| 76.7011|-19.6271|    5.55|       2MASX J05064796-1936507|                               | 76.6998|-19.6141|   10.66|    7.47|   14.20|  |   1.67|   1.27|   2.10|      1.16|  0.0941|     44.39|  1        |          4|Sy1
1279|   SWIFT J0516.5-5179| 79.1411|-51.7661|    6.52|                            NA|                               |      NA|      NA|    9.63|    6.96|   12.65|  |   1.94|   1.54|   2.40|      1.83|     NA |        NA|  1        |          0|Unknown
1280|   SWIFT J0522.3+0744| 80.5796|  7.6616|    3.09|                            NA|                               |      NA|      NA|    4.55|    2.24|    7.89|  |   2.84|   1.84|   4.64|      0.88|     NA |        NA|  1        |          0|Unknown
1281|   SWIFT J0534.8-6026| 83.6933|-60.2764|    6.27|       2MASX J05343093-6016153|                               | 83.6287|-60.2710|   10.53|    7.85|   13.49|  |   1.82|   1.48|   2.20|      0.61|  0.0570|     43.92|  1        |          4|Sy1
1282|   SWIFT J0538.5-4411| 84.7111|-44.1580|    4.28|               [HB89] 0537-441|                               | 84.7098|-44.0858|    8.75|    4.97|   13.13|  |   1.19|   0.33|   1.98|      2.50|  0.8940|     46.55|  1        |          7|Beamed AGN
1283|   SWIFT J0540.9-6909| 85.0619|-69.1620|   16.22|                   [RSG2010] A|                               | 85.3611|-69.0233|   22.73|   20.25|   25.31|  |   2.15|   1.99|   2.32|      0.38|     NA |        NA|  1        |         13|HMXB
1284|   SWIFT J0547.1-6427| 86.7864|-64.2688|    4.60|       2MASS J05464183-6415219|                               | 86.6742|-64.2561|    6.72|    4.33|    9.47|  |   2.10|   1.58|   2.73|      1.08|  0.3230|     45.37|  1        |          4|Sy1
1285|   SWIFT J0547.1+3784| 86.7720| 37.9743|    9.15|                            NA|                               |      NA|      NA|   19.00|   15.17|   23.14|  |   1.83|   1.54|   2.14|      1.22|     NA |        NA|  1        |          0|Unknown
1286|   SWIFT J0550.5-2309| 87.6595|-23.1059|    4.05|       2MASX J05503948-2311173|                               | 87.6646|-23.1882|    6.77|    4.08|    9.94|  |   2.09|   1.52|   2.80|      0.44|     NA |        NA|  1        |          6|Other AGN
1287|   SWIFT J0556.3-3308| 89.0331|-33.0999|    4.66|                MAXI J0556-332|                               | 89.1930|-33.1745|    4.42|    3.34|    5.62|  |   4.83|   3.83|   6.38|      1.99|     NA |        NA|  1        |         14|LMXB
1288|   SWIFT J0607.4+2205| 91.8361| 22.0399|    5.88|       2MASS J06072661+2205477|                               | 91.8610| 22.0966|   10.06|    7.19|   13.37|  |   2.60|   2.13|   3.22|      1.38|     NA |        NA|  1        |         13|HMXB
1289|   SWIFT J0608.9-5507| 92.1784|-55.0374|    4.10|                  PKS 0607-549|                               | 92.2046|-54.9451|    7.58|    4.43|   11.23|  |   1.41|   0.72|   2.10|      1.98|     NA |        NA|  1        |          7|Beamed AGN
1290|   SWIFT J0616.2-0308| 94.0122| -3.1539|    4.49|                            NA|                               |      NA|      NA|   10.45|    6.79|   14.53|  |   1.63|   1.15|   2.18|      2.03|     NA |        NA|  1        |          0|Unknown
1291|   SWIFT J0621.8-5226| 95.4362|-52.2180|    4.25|       2MASX J06215493-5214343|                               | 95.4789|-52.2429|    6.47|    3.87|    9.53|  |   1.98|   1.37|   2.75|      0.48|     NA |        NA|  1        |          6|Other AGN
1292|   SWIFT J0628.2-3556| 97.0573|-35.8810|    3.48|                            NA|                               |      NA|      NA|    5.97|    3.52|    8.79|  |   2.13|   1.58|   2.87|      0.79|     NA |        NA|  1        |          0|Unknown
1293|   SWIFT J0628.7-8346| 97.4999|-83.7676|    5.36|                            NA|                               |      NA|      NA|    7.40|    5.05|   10.10|  |   2.24|   1.77|   2.83|      0.44|     NA |        NA|  1        |          0|Unknown
1294|   SWIFT J0632.1-5404| 98.0090|-54.0610|    6.35|         1RXS J063200.7-540454|                               | 98.0049|-54.0826|    9.05|    6.94|   11.44|  |   2.35|   2.00|   2.76|      0.83|  0.2036|     45.05|  1        |          7|Beamed AGN
1295|   SWIFT J0636.5-2036| 99.0897|-20.6073|    5.82|       2MASX J06363227-2034532|                               | 99.1344|-20.5814|    9.81|    6.62|   13.41|  |   1.97|   1.50|   2.53|      1.73|  0.0552|     43.87|  1        |          5|Sy2
1296|   SWIFT J0636.6+5912| 99.1022| 59.1903|    4.90|                            NA|                               |      NA|      NA|    8.35|    5.84|   11.15|  |   2.23|   1.82|   2.74|      1.52|     NA |        NA|  1        |          0|Unknown
1297|   SWIFT J0639.9-5124| 99.9696|-51.3038|    3.63|       2MASX J06394080-5125142|                               | 99.9199|-51.4207|    5.13|    2.99|    7.81|  |   2.35|   1.68|   3.27|      1.83|  0.1085|     44.20|  1        |          4|Sy1
1298|   SWIFT J0640.3-1286|100.0333|-12.8674|    4.90|                PMN J0640-1253|                               |100.0300|-12.8877|    6.65|    4.33|    9.55|  |   2.72|   2.08|   3.64|      0.27|     NA |        NA|  1        |          7|Beamed AGN
1299|   SWIFT J0641.9-0336|100.4732| -3.3348|    8.19|                PMN J0641-0320|                               |100.4631| -3.3468|   24.98|   20.25|   29.97|  |   1.09|   0.78|   1.37|      0.53|     NA |        NA|  1        |          7|Beamed AGN
1300|   SWIFT J0642.9+5543|100.7552| 55.4281|    6.83|         1RXS J064255.9+552835|                               |100.7329| 55.4764|    7.91|    6.09|   10.07|  |   3.34|   2.78|   4.10|      0.44|     NA |        NA|  1        |         12|star
1301|   SWIFT J0645.4-1651|101.3783|-16.8674|    3.88|                     V* HL CMa|                               |101.3218|-16.8596|    4.84|    3.28|    6.81|  |   3.64|   2.78|   5.00|      0.24|     NA |        NA|  1        |         12|Nova
1302|   SWIFT J0650.0+6085|102.5977| 60.8568|    6.79|                      NGC 2273|                               |102.5361| 60.8458|   11.74|    8.65|   15.16|  |   1.80|   1.44|   2.20|      0.46|  0.0061|     42.00|  1        |          5|Sy2
1303|   SWIFT J0656.0-6560|103.9894|-65.5981|    5.41|                            NA|                               |      NA|      NA|   10.02|    6.84|   13.54|  |   1.42|   0.93|   1.91|      0.77|     NA |        NA|  1        |          0|Unknown
1304|   SWIFT J0657.9-1775|104.4135|-17.7389|    3.91|         1RXS J065806.3-174427|                               |104.5263|-17.7408|    5.53|    3.49|    8.12|  |   2.68|   2.05|   3.47|      2.06|     NA |        NA|  1        |         12|star
1305|   SWIFT J0659.6+5412|104.9109| 54.1772|    7.03|                       Mrk 374|                               |104.9088| 54.1966|   11.85|    8.73|   15.31|  |   1.93|   1.56|   2.34|      0.33|  0.0426|     43.71|  1        |          4|Sy1
1306|   SWIFT J0704.9+4216|106.1594| 42.2346|    4.38|       2MASX J07042579+4214134|                               |106.1074| 42.2370|    7.38|    4.47|   10.92|  |   2.18|   1.57|   2.95|      1.35|     NA |        NA|  1        |          6|Other AGN
1307|   SWIFT J0711.1+3159|107.6075| 32.0525|    3.77|            SWIFT J0711.1+3159|                               |107.7867| 31.9828|    7.94|    4.79|   11.46|  |   1.95|   1.43|   2.59|      0.63|     NA |        NA|  1        |          0|confused source
1308|   SWIFT J0721.0+7133|110.5267| 71.3241|    6.78|               [HB89] 0716+714|                               |110.4727| 71.3434|   17.49|   13.50|   21.73|  |   0.92|   0.53|   1.28|      0.91|  0.3000|     45.72|  1        |          7|Beamed AGN
1309|   SWIFT J0722.6+3051|110.6384| 30.5253|    4.66|                            NA|                               |      NA|      NA|    7.74|    5.15|   10.81|  |   2.50|   1.97|   3.21|      0.35|     NA |        NA|  1        |          0|Unknown
1310|   SWIFT J0722.5+2121|110.6679| 21.4408|    4.50|                            NA|                               |      NA|      NA|   12.03|    7.54|   17.05|  |   1.21|   0.58|   1.82|      0.71|     NA |        NA|  1        |          0|Unknown
1311|   SWIFT J0726.6-4634|111.6125|-46.3584|    5.07|                ESO 257- G 015|                               |111.6009|-46.3492|    7.61|    5.28|   10.29|  |   2.30|   1.85|   2.85|      0.88|  0.0304|     43.22|  1        |          6|Other AGN
1312|   SWIFT J0728.5-4420|112.1019|-44.1858|    6.06|       2MASX J07282339-4408243|                               |112.0975|-44.1401|   10.04|    7.45|   12.84|  |   2.03|   1.70|   2.43|      1.62|  0.0817|     44.23|  1        |          4|Sy1
1313|   SWIFT J0733.5+4421|113.3758| 44.1964|    5.81|       2MASX J07332379+4414484|                               |113.3491| 44.2469|   10.32|    7.12|   13.94|  |   1.85|   1.41|   2.34|      1.72|  0.0557|     43.90|  1        |          5|Sy2
1314|   SWIFT J0745.1-2380|116.2337|-23.7909|    5.70|      WISE J074450.96-235014.8|                               |116.2124|-23.8375|    9.51|    6.40|   13.05|  |   2.07|   1.58|   2.67|      1.37|     NA |        NA|  1        |          6|Other AGN
1315|   SWIFT J0749.8+3359|117.4328| 33.9353|    6.89|                       IC 2207|                               |117.4620| 33.9623|   15.34|   11.73|   19.23|  |   1.68|   1.35|   2.03|      0.46|  0.0160|     42.96|  1        |          6|Other AGN
1316|   SWIFT J0755.7+3912|118.9311| 39.1350|    4.28|                       Mrk 382|                               |118.8554| 39.1861|    8.40|    5.24|   12.02|  |   1.71|   1.18|   2.30|      0.47|  0.0337|     43.36|  1        |          4|Sy1
1317|   SWIFT J0801.7+4764|120.3987| 47.6244|    5.10|         1RXS J080132.3+473618|                               |120.3832| 47.6045|    8.05|    5.19|   11.38|  |   1.94|   1.41|   2.58|      0.70|  0.1567|     44.74|  1        |          4|Sy1
1318|   SWIFT J0802.1+5709|120.5782| 57.1497|    4.66|       2MASX J08014395+5707240|                               |120.4333| 57.1234|    6.49|    3.87|    9.59|  |   1.98|   1.39|   2.69|      0.60|     NA |        NA|  1        |          6|Other AGN
1319|   SWIFT J0817.0+1795|124.2598| 17.9382|    4.81|       2MASX J08165108+1802496|                               |124.2129| 18.0471|    8.52|    5.70|   11.66|  |   2.12|   1.70|   2.65|      1.80|  0.1595|     44.79|  1        |          4|Sy1
1320|   SWIFT J0817.5-0747|124.3128| -7.5020|    4.61|                     Abell 644|                               |124.3521| -7.5128|    5.16|    3.99|    6.39|  |   5.93|   4.67|   8.21|      0.83|     NA |        NA|  1        |          3|Galaxy Cluster
1321|   SWIFT J0818.4-1438|124.6044|-14.4102|    7.01|       2MASS J08182026-1425527|                               |124.5844|-14.4313|   12.60|    9.16|   16.38|  |   1.91|   1.50|   2.37|      1.21|  0.1067|     44.58|  1        |          4|Sy1
1322|   SWIFT J0819.2-3851|124.7776|-38.5281|    8.70|       2MASX J08191136-3833104|                               |124.7973|-38.5530|   17.45|   14.06|   21.05|  |   1.56|   1.29|   1.84|      1.53|     NA |        NA|  1        |          5|Sy2
1323|   SWIFT J0823.2+4216|125.7498| 42.2729|    6.67|       2MASX J08230824+4215211|                               |125.7845| 42.2558|   10.98|    7.92|   14.37|  |   1.87|   1.47|   2.32|      0.43|  0.0562|     43.93|  1        |          4|Sy1
1324|   SWIFT J0825.2+7312|126.3197| 73.1213|    5.76|                         Z Cam|                               |126.3071| 73.1108|    5.50|    4.14|    7.12|  |   3.64|   2.97|   4.61|      0.62|     NA |        NA|  1        |         12|Nova
1325|   SWIFT J0826.3-3761|126.5406|-37.6292|    4.52|               IGR J08262-3736|                               |126.5569|-37.6200|    7.42|    4.57|   10.74|  |   1.99|   1.42|   2.70|      0.11|     NA |        NA|  1        |         13|HMXB
1326|   SWIFT J0835.5-0902|128.8672| -9.0621|    6.60|       2MASX J08353333-0905302|                               |128.8889| -9.0918|   11.59|    8.12|   15.51|  |   1.85|   1.40|   2.34|      0.56|     NA |        NA|  1        |          6|Other AGN
1327|   SWIFT J0835.7-0413|128.9176| -4.1066|   17.32|                       NGC2617|                               |128.9116| -4.0882|   30.93|   27.52|   34.48|  |   1.92|   1.77|   2.08|      0.67|  0.0142|     43.16|  1        |          4|Sy1.8
1328|   SWIFT J0835.9-4319|128.9852|-43.1819|   18.64|             1WGA J0835.9-4311|                               |128.9804|-43.1878|   24.27|   22.09|   26.57|  |   2.67|   2.52|   2.83|      3.49|     NA |        NA|  1        |         13|HMXB
1329|   SWIFT J0836.6-2025|129.1596|-20.2638|    6.82|               [HB89] 0834-201|                               |129.1634|-20.2832|   14.17|   10.24|   18.47|  |   1.46|   1.05|   1.88|      0.56|  2.7520|     47.96|  1        |          7|Beamed AGN
1330|   SWIFT J0836.7+4442|129.2605| 44.4844|    3.82|                            NA|                               |      NA|      NA|    5.70|    3.09|    9.02|  |   2.03|   1.31|   2.92|      1.21|     NA |        NA|  1        |          0|Unknown
1331|   SWIFT J0837.8-4440|129.3323|-44.7586|    4.29|                            NA|                               |      NA|      NA|    6.32|    3.91|    9.25|  |   2.43|   1.80|   3.31|      1.29|     NA |        NA|  1        |          0|Unknown
1332|   SWIFT J0837.0+2493|129.4617| 24.9323|    4.81|                      NGC 2662|                               |129.5456| 24.8953|    6.62|    3.87|   10.00|  |   2.32|   1.65|   3.33|      0.78|     NA |        NA|  1        |          4|Sy1.8
1333|   SWIFT J0838.7+0414|129.6694|  4.1716|    6.16|       2MASX J08384815+0407340|                               |129.7006|  4.1261|   10.93|    7.82|   14.45|  |   1.96|   1.56|   2.40|      1.42|  0.0475|     43.78|  1        |          5|Sy2
1334|   SWIFT J0838.9+2617|129.7001| 26.1835|    5.79|            SWIFT J0838.9+2617|                               |129.7288| 26.1746|   10.56|    7.36|   14.19|  |   1.78|   1.35|   2.25|      0.45|     NA |        NA|  1        |          0|confused source
1335|   SWIFT J0841.6-2856|130.4458|-28.9069|    3.76|                            NA|                               |      NA|      NA|    5.32|    2.69|    8.65|  |   2.23|   1.47|   3.39|      0.72|     NA |        NA|  1        |          0|Unknown
1336|   SWIFT J0842.0+4021|130.5104| 40.3454|    3.77|        2MASSi J0842037+401831|                               |130.5156| 40.3087|    5.06|    3.18|    7.42|  |   2.69|   2.06|   3.54|      0.76|  0.1519|     44.51|  1        |          7|Beamed AGN
1337|   SWIFT J0844.9+3057|131.2588| 30.9441|    5.59|         FBQS J084458.3+305638|                               |131.2429| 30.9440|    8.13|    5.60|   11.08|  |   2.25|   1.78|   2.84|      0.33|  0.0640|     43.92|  1        |          5|Sy2
1338|   SWIFT J0846.7+2542|131.7365| 25.3751|    5.18|       2MASX J08465410+2522124|                               |131.7254| 25.3701|    7.26|    5.14|    9.78|  |   2.65|   2.16|   3.26|      1.80|  0.0508|     43.66|  1        |          4|Sy1
1339|   SWIFT J0848.1+3472|132.0005| 34.7500|    6.09|                   PG 0844+349|                               |131.9269| 34.7512|    7.54|    5.40|   10.07|  |   2.56|   2.09|   3.14|      4.13|  0.0640|     43.88|  1        |          4|Sy1
1340|   SWIFT J0850.8-4219|132.6997|-42.1863|    7.15|                            NA|                               |      NA|      NA|   10.58|    8.15|   13.30|  |   2.42|   2.05|   2.84|      0.33|     NA |        NA|  1        |          0|Unknown
1341|   SWIFT J0852.2+0782|133.0423|  7.8341|    5.89|         1RXS J085215.3+075356|                               |133.0630|  7.8934|   11.57|    8.41|   15.14|  |   1.83|   1.46|   2.23|      1.03|     NA |        NA|  1        |          4|Sy1.2
1342|   SWIFT J0855.6-4680|133.8907|-46.7749|    5.33|                PSR J0855-4644|                               |133.9007|-46.7371|    8.45|    5.48|   11.88|  |   1.96|   1.41|   2.61|      0.50|     NA |        NA|  1        |         10|Pulsar
1343|   SWIFT J0856.1+0052|133.9444|  0.8053|    6.29|                  CGCG 005-032|                               |133.9486|  0.7943|   10.14|    7.07|   13.69|  |   2.05|   1.60|   2.57|      1.05|  0.0418|     43.63|  1        |          5|Sy1.9
1344|   SWIFT J0856.5-0045|134.0560| -0.5099|    3.54|                            NA|                               |      NA|      NA|    6.01|    2.79|   10.21|  |   1.90|   1.01|   3.09|      0.39|     NA |        NA|  1        |          0|Unknown
1345|   SWIFT J0859.1+4878|134.7546| 48.7788|    7.18|       2MASX J08590289+4846093|                               |134.7621| 48.7693|    9.95|    7.41|   12.85|  |   2.15|   1.76|   2.60|      0.72|  0.0830|     44.24|  1        |          4|Sy1
1346|   SWIFT J0900.9+2095|135.2304| 20.9415|    5.47|       2MASX J09003684+2053402|                               |135.1536| 20.8946|    8.75|    6.05|   11.81|  |   2.14|   1.70|   2.67|      1.01|  0.2357|     45.18|  1        |          5|Sy2
1347|   SWIFT J0901.1-6436|135.2737|-64.3884|    3.09|                            NA|                               |      NA|      NA|    3.23|    1.92|    4.88|  |   3.49|   2.57|   5.05|      0.64|     NA |        NA|  1        |          0|Unknown
1348|   SWIFT J0911.3-5229|137.7799|-52.5707|    4.98|                            NA|                               |      NA|      NA|    8.31|    5.73|   11.19|  |   2.04|   1.61|   2.54|      2.66|     NA |        NA|  1        |          0|Unknown
1349|   SWIFT J0913.5-7541|138.5632|-75.4389|    4.49|         1RXS J091514.1-752357|                               |138.8135|-75.3972|    5.32|    3.65|    7.26|  |   2.96|   2.39|   3.78|      1.05|     NA |        NA|  1        |          6|Other AGN
1350|   SWIFT J0914.2+4003|138.5185| 40.0934|    5.94|                      NGC 2782|                               |138.5213| 40.1137|   11.20|    8.11|   14.60|  |   1.52|   1.13|   1.91|      0.31|  0.0085|     42.27|  1        |          4|Sy1
1351|   SWIFT J0922.2-6331|140.5881|-63.3199|    6.02|                      V395 Car|                               |140.6445|-63.2949|    5.32|    4.23|    6.51|  |   5.40|   4.35|   7.06|      0.41|     NA |        NA|  1        |         14|LMXB
1352|   SWIFT J0923.2+3850|140.8005| 38.7561|    4.98|                    B2 0920+39|                               |140.8102| 38.8278|   11.03|    7.62|   14.75|  |   1.24|   0.78|   1.69|      0.49|     NA |        NA|  1        |          7|Beamed AGN
1353|   SWIFT J0929.5+3516|142.3893| 35.1857|    4.23|                            NA|                               |      NA|      NA|    6.83|    4.28|    9.73|  |   1.94|   1.44|   2.54|      1.62|     NA |        NA|  1        |          0|Unknown
1354|   SWIFT J0930.1+4987|142.5130| 49.8281|    4.19|       2MASS J09303759+4950256|                               |142.6566| 49.8404|    5.33|    3.55|    7.51|  |   2.62|   2.07|   3.33|      0.53|  0.1867|     44.73|  1        |          7|Beamed AGN
1355|   SWIFT J0934.0-1721|143.5966|-17.3388|    3.97|       2MASS J09343014-1721215|                               |143.6258|-17.3559|    5.26|    3.32|    7.72|  |   3.11|   2.36|   4.29|      0.21|  0.2499|     45.01|  1        |          7|Beamed AGN
1356|   SWIFT J0941.2-3846|145.3153|-38.7417|    3.93|       2MASX J09410102-3847509|                               |145.2543|-38.7975|    6.30|    3.45|    9.77|  |   2.08|   1.39|   3.03|      0.33|  0.0648|     43.82|  1        |          5|Sy2
1357|   SWIFT J0943.1-4147|145.6378|-41.7886|    6.04|                ESO 315- G 020|                               |145.5920|-41.8158|   13.46|    9.81|   17.45|  |   1.48|   1.08|   1.89|      0.78|  0.0162|     42.91|  1        |          6|Other AGN
1358|   SWIFT J0945.4+0253|146.3477|  2.5686|    5.04|                            NA|                               |      NA|      NA|   10.36|    7.15|   13.86|  |   1.72|   1.33|   2.17|      1.37|     NA |        NA|  1        |          0|Unknown
1359|   SWIFT J0947.3+1345|146.7967| 13.7483|    3.91|       2MASX J09471846+1345207|                               |146.8270| 13.7558|    5.09|    3.00|    7.79|  |   2.63|   1.91|   3.67|      0.83|  0.0739|     43.84|  1        |          5|Sy1.9
1360|   SWIFT J0949.1+4057|147.3047| 40.6283|    6.14|            SWIFT J0949.1+4057|                               |147.2741| 40.5736|    8.25|    5.83|   11.05|  |   2.18|   1.74|   2.71|      0.62|     NA |        NA|  1        |          0|confused source
1361|   SWIFT J0954.7+3725|148.6022| 37.4369|    3.41|                       IC 2515|                               |148.6642| 37.4086|    6.67|    3.82|    9.90|  |   1.58|   0.98|   2.24|      1.81|  0.0193|     42.76|  1        |          5|Sy2
1362|   SWIFT J0958.2-5732|149.5924|-57.5155|    5.84|                            NA|                               |      NA|      NA|    8.84|    6.51|   11.46|  |   2.32|   1.92|   2.79|      0.90|     NA |        NA|  1        |          0|Unknown
1363|   SWIFT J0959.5-2828|149.9002|-28.2809|    5.15|                      NGC 3089|                               |149.9028|-28.3314|    7.24|    4.86|   10.09|  |   2.62|   2.07|   3.38|      0.33|  0.0090|     42.13|  1        |          5|Sy2 candidate
1364|   SWIFT J1002.2+0300|150.5545|  3.0057|    4.00|                        IC 588|                               |150.5293|  3.0577|    7.94|    4.97|   11.28|  |   1.91|   1.43|   2.50|      1.33|  0.0235|     43.01|  1        |          5|Sy2
1365|   SWIFT J1005.3-6289|151.2728|-62.8866|    4.83|       2MASX J10051382-6252029|                               |151.3075|-62.8674|    8.85|    6.24|   11.64|  |   1.95|   1.58|   2.39|      2.80|     NA |        NA|  1        |          6|Other AGN
1366|   SWIFT J1013.2-8529|151.6247|-85.4039|    4.36|                            NA|                               |      NA|      NA|    6.92|    4.43|    9.76|  |   2.07|   1.56|   2.68|      0.45|     NA |        NA|  1        |          0|Unknown
1367|   SWIFT J1008.6+3735|152.2708| 37.5962|    5.34|            SWIFT J1008.6+3735|                               |152.2309| 37.5833|    6.63|    4.10|    9.64| Y |   2.20|   1.59|   3.03|      0.65|     NA |        NA|  1        |          0|confused source
1368|   SWIFT J1011.8+2307|152.9174| 23.0771|    4.82|               UGC 05498 NED01|                               |153.0153| 23.0854|    8.19|    5.43|   11.33|  |   1.82|   1.35|   2.35|      0.51|  0.0209|     42.92|  1        |          8|LINER
1369|   SWIFT J1017.8+7340|154.2787| 73.4004|    5.35|                      NGC 3147|                               |154.2235| 73.4007|    6.27|    4.00|    8.95|  |   2.22|   1.68|   2.92|      0.99|  0.0093|     42.09|  1        |          5|Sy2
1370|   SWIFT J1019.5+6389|154.9372| 63.9129|    4.86|                       Mrk 141|                               |154.8023| 63.9674|    6.50|    3.96|    9.50|  |   1.99|   1.39|   2.78|      1.08|  0.0417|     43.43|  1        |          4|Sy1.5
1371|   SWIFT J1024.7-2355|156.1386|-23.5599|    5.48|                    ESO 500-34|                               |156.1310|-23.5530|   10.95|    7.32|   15.02|  |   1.69|   1.21|   2.22|      0.47|  0.0122|     42.57|  1        |          5|Sy2
1372|   SWIFT J1025.7+6725|156.3854| 67.2600|    4.70|                            NA|                               |      NA|      NA|    5.90|    4.09|    8.08|  |   2.45|   1.99|   2.99|      1.76|     NA |        NA|  1        |          0|Unknown
1373|   SWIFT J1036.9-1135|159.2510|-11.3543|    4.25|       2MASX J10370374-1126248|                               |159.2657|-11.4402|    7.94|    4.44|   12.02|  |   1.86|   1.20|   2.75|      2.10|  0.0516|     43.71|  1        |          4|Sy1
1374|   SWIFT J1042.2-4767|160.5247|-47.6784|    4.64|               LCS1 J1041-4740|                               |160.4360|-47.6667|    7.42|    4.76|   10.58|  |   2.28|   1.72|   3.03|      0.62|  2.5580|     47.60|  1        |          7|Beamed AGN
1375|   SWIFT J1044.8+8091|161.1705| 80.9162|    6.81|               [HB89] 1039+811|                               |161.0961| 80.9110|   14.07|   11.10|   17.28|  |   1.46|   1.18|   1.75|      2.95|  1.2600|     47.13|  1        |          7|Beamed AGN
1376|   SWIFT J1046.7+5469|161.6805| 54.6996|    5.49|                            NA|                               |      NA|      NA|    7.83|    5.35|   10.66|  |   1.78|   1.32|   2.28|      0.93|     NA |        NA|  1        |          0|Unknown
1377|   SWIFT J1048.6-3901|162.1448|-39.0061|    5.95|       2MASX J10483385-3902375|                               |162.1408|-39.0440|   10.47|    7.35|   13.98|  |   1.96|   1.53|   2.46|      0.71|  0.0447|     43.70|  1        |          6|Other AGN
1378|   SWIFT J1057.6-4765|164.3436|-47.6561|    7.14|                ESO 264- G 052|                               |164.3079|-47.6698|   13.24|   10.12|   16.65|  |   1.91|   1.57|   2.28|      0.22|  0.0156|     42.87|  1        |          5|Sy1.9
1379|   SWIFT J1057.8-3049|164.4435|-30.4804|    4.44|       2MASX J10574908-3029479|                               |164.4546|-30.4967|    6.52|    4.32|    9.18|  |   2.68|   2.11|   3.44|      0.94|  0.0323|     43.21|  1        |          5|Sy2 candidate
1380|   SWIFT J1101.4-5152|165.3172|-51.8628|    3.97|       2MASX J11012138-5149100|                               |165.3390|-51.8194|    5.43|    3.64|    7.63|  |   3.04|   2.40|   3.90|      0.90|     NA |        NA|  1        |          6|Other AGN
1381|   SWIFT J1104.8+7689|166.2259| 76.9081|    4.87|                   PG 1100+772|                               |166.0570| 76.9828|    5.36|    3.63|    7.43|  |   2.71|   2.16|   3.47|      0.65|  0.3115|     45.24|  1        |          4|Sy1
1382|   SWIFT J1105.4+0200|166.3387|  2.0042|    4.67|                            NA|                               |      NA|      NA|    9.03|    5.74|   12.79|  |   1.72|   1.21|   2.31|      0.81|     NA |        NA|  1        |          0|Unknown
1383|   SWIFT J1107.3+4824|166.8658| 48.2370|    3.77|                            NA|                               |      NA|      NA|    3.23|    2.21|    4.49|  |   4.20|   3.16|   5.95|      0.03|     NA |        NA|  1        |          0|Unknown
1384|   SWIFT J1107.8+7107|166.8839| 71.1013|    6.85|                            NA|                               |      NA|      NA|    9.03|    6.38|   12.01|  |   1.90|   1.48|   2.38|      0.72|     NA |        NA|  1        |          0|Unknown
1385|   SWIFT J1117.1+4419|169.2556| 44.2142|    5.10|                   PG 1114+445|                               |169.2767| 44.2259|    6.14|    4.25|    8.34|  |   2.41|   1.94|   2.99|      0.89|  0.1439|     44.55|  1        |          4|Sy1
1386|   SWIFT J1117.2-2901|169.3015|-29.0428|    4.53|                      CTS 0011|                               |169.2676|-29.0424|    6.21|    4.24|    8.55|  |   2.92|   2.34|   3.69|      1.24|  0.0705|     43.89|  1        |          4|Sy1
1387|   SWIFT J1118.0+4794|169.7625| 47.9146|    3.51|                            NA|                               |      NA|      NA|    4.84|    2.92|    7.11|  |   2.29|   1.73|   3.07|      1.43|     NA |        NA|  1        |          0|Unknown
1388|   SWIFT J1119.6+2136|169.8362| 21.3537|    6.97|                   PG 1116+215|                               |169.7862| 21.3217|   10.45|    7.83|   13.35|  |   1.94|   1.59|   2.32|      1.54|  0.1765|     44.97|  1        |          4|Sy1
1389|   SWIFT J1121.1-0529|170.3292| -5.4540|    4.69|       2MASX J11211875-0523349|                               |170.3281| -5.3931|    8.20|    5.22|   11.66|  |   2.04|   1.52|   2.69|      0.26|  0.0302|     43.25|  1        |          6|Other AGN
1390|   SWIFT J1127.6-2912|171.8933|-29.2298|    7.39|                ESO 439- G 009|                               |171.8476|-29.2576|   15.50|   11.78|   19.51|  |   1.62|   1.30|   1.97|      0.75|  0.0239|     43.32|  1        |          5|Sy2
1391|   SWIFT J1127.7-5335|171.9190|-53.3500|    7.84|       2MASX J11273392-5320270|                               |171.8914|-53.3408|   13.10|   10.12|   16.38|  |   1.99|   1.67|   2.34|      0.78|     NA |        NA|  1        |          6|Other AGN
1392|   SWIFT J1130.9+6887|172.6032| 68.8665|    6.33|       2MASX J11310476+6851528|                               |172.7698| 68.8647|    7.57|    5.50|    9.96|  |   2.24|   1.85|   2.73|      0.51|  0.0430|     43.53|  1        |          4|Sy1
1393|   SWIFT J1144.8+6151|176.3711| 61.4768|    3.07|                            NA|                               |      NA|      NA|    4.45|    3.49|    7.03|  |   1.88|   1.24|   2.56|      1.51|     NA |        NA|  1        |          0|Unknown
1394|   SWIFT J1146.7+7437|176.5407| 74.4043|    4.79|       2MASX J11462959+7421289|                               |176.6235| 74.3584|    6.23|    3.96|    8.86|  |   2.06|   1.55|   2.68|      0.34|  0.0560|     43.68|  1        |          5|Sy2
1395|   SWIFT J1148.1+0946|177.0084|  9.8221|    5.27|       2MASX J11475362+0945524|                               |176.9734|  9.7647|    8.01|    5.26|   11.15|  |   1.94|   1.46|   2.50|      0.63|  0.0950|     44.27|  1        |          5|Sy2
1396|   SWIFT J1153.0+3311|178.2027| 33.0946|    6.36|                  7C 1150+3324|                               |178.2163| 33.1219|   10.35|    7.55|   13.42|  |   1.61|   1.23|   2.00|      1.06|  1.3976|     47.11|  1        |          7|Beamed AGN
1397|   SWIFT J1153.9+5848|178.4713| 58.5049|    5.03|                            NA|                               |      NA|      NA|    5.59|    3.57|    8.03|  |   2.22|   1.66|   2.91|      1.01|     NA |        NA|  1        |          0|Unknown
1398|   SWIFT J1159.7+2923|179.9261| 29.2245|    4.54|               FBQS J1159+2914|                               |179.8826| 29.2455|    7.84|    5.06|   10.92|  |   1.60|   1.12|   2.13|      0.99|  0.7247|     46.28|  1        |          7|Beamed AGN
1399|   SWIFT J1207.8+4311|181.9318| 43.1354|    8.62|                      NGC 4117|                               |181.9421| 43.1264|   14.16|   11.39|   17.10|  |   1.56|   1.29|   1.85|      0.61|  0.0031|     41.49|  1        |          5|Sy2
1400|   SWIFT J1215.0+0504|183.8050|  5.0730|    4.86|       2MASX J12150077+0500512|                               |183.7532|  5.0143|    6.49|    4.25|    9.16|  |   2.46|   1.93|   3.15|      0.63|  0.0782|     44.00|  1        |          4|Sy1.8
1401|   SWIFT J1216.1+5050|184.0436| 50.8173|    7.74|                      Mrk 1469|                               |184.0295| 50.8250|    9.25|    6.95|   11.79|  |   1.94|   1.58|   2.34|      0.69|  0.0308|     43.32|  1        |          4|Sy1.5
1402|   SWIFT J1220.2+0202|185.0458|  2.0483|    6.68|               [HB89] 1217+023|                               |185.0495|  2.0617|   11.12|    8.26|   14.29|  |   2.00|   1.65|   2.40|      1.03|  0.2404|     45.30|  1        |          7|Beamed AGN
1403|   SWIFT J1224.1+4073|185.9862| 40.7336|    5.85|      SDSS J122358.97+404409.3|                               |185.9958| 40.7359|    8.43|    6.17|   10.91|  |   1.93|   1.58|   2.33|      2.19|  0.0968|     44.31|  1        |          4|Sy1
1404|   SWIFT J1228.1-0940|187.0321| -9.4327|    5.72|                            NA|                               |      NA|      NA|   11.84|    8.21|   15.89|  |   1.73|   1.30|   2.21|      0.41|     NA |        NA|  1        |          0|Unknown
1405|   SWIFT J1228.9-2967|187.2013|-29.6546|    5.34|                            NA|                               |      NA|      NA|    8.77|    5.96|   11.91|  |   2.31|   1.86|   2.91|      0.72|     NA |        NA|  1        |          0|Unknown
1406|   SWIFT J1231.3+7073|187.8567| 70.7561|    6.29|               RX J1231.6+7044|                               |187.9018| 70.7373|    6.73|    4.81|    8.96|  |   2.50|   2.05|   3.08|      0.21|  0.2080|     44.94|  1        |          4|Sy1
1407|   SWIFT J1232.5+3634|188.1051| 36.3190|    4.91|                            NA|                               |      NA|      NA|    6.34|    4.24|    8.77|  |   2.23|   1.74|   2.85|      0.15|     NA |        NA|  1        |          0|Unknown
1408|   SWIFT J1233.8-1931|188.4156|-19.3613|    4.03|                            NA|                               |      NA|      NA|    7.14|    4.23|   10.60|  |   2.20|   1.62|   2.98|      0.38|     NA |        NA|  1        |          0|Unknown
1409|   SWIFT J1237.5+1182|189.4099| 11.8264|    6.56|                      NGC 4579|                               |189.4313| 11.8181|    9.62|    7.09|   12.49|  |   2.13|   1.74|   2.57|      0.77|  0.0051|     41.76|  1        |          5|Sy1.9
1410|   SWIFT J1238.4+5349|189.4373| 53.4517|    4.39|      SDSS J123807.76+532555.9|                               |189.5324| 53.4322|    5.33|    3.20|    7.87|  |   1.97|   1.39|   2.66|      0.81|  0.3475|     45.35|  1        |          4|Sy1
1411|   SWIFT J1253.5-4876|193.3964|-48.7544|    9.28|                      NGC 4785|                               |193.3639|-48.7492|   19.28|   15.84|   22.94|  |   1.67|   1.42|   1.92|      1.19|  0.0123|     42.83|  1        |          5|Sy2
1412|   SWIFT J1254.9+1165|193.7026| 11.6487|    5.95|                            NA|                               |      NA|      NA|    9.47|    6.60|   12.73|  |   1.88|   1.44|   2.37|      0.41|     NA |        NA|  1        |          0|Unknown
1413|   SWIFT J1300.5-0759|195.0587| -8.0733|    4.80|                 MCG-01-33-063|                               |195.0796| -8.0874|    8.78|    5.80|   12.09|  |   2.03|   1.57|   2.58|      1.15|  0.0263|     43.15|  1        |          6|Other AGN
1414|   SWIFT J1302.3-6385|195.5165|-63.8757|   31.04|         2XMM J130247.6-635008|                               |195.6979|-63.8355|   29.89|   26.65|   33.25| Y |   1.87|   1.72|   2.03|      2.79|     NA |        NA|  1        |         13|HMXB
1415|   SWIFT J1303.4-1342|195.8020|-13.6783|    8.40|       2MASX J13032223-1341332|                               |195.8426|-13.6927|   17.07|   13.67|   20.76|  |   1.90|   1.62|   2.20|      3.00|  0.0467|     43.96|  1        |          4|Sy1.2
1416|   SWIFT J1304.5-5651|196.1182|-56.5103|    7.26|               IGR J13045-5630|                               |196.1312|-56.5152|   12.09|    9.20|   15.29|  |   2.15|   1.79|   2.56|      0.50|     NA |        NA|  1        |          7|Beamed AGN
1417|   SWIFT J1306.4-7603|196.6326|-76.0257|    5.24|       2MASX J13071558-7602451|                               |196.8150|-76.0459|    7.50|    4.91|   10.51|  |   2.21|   1.66|   2.91|      1.89|  0.1833|     44.86|  1        |          4|Sy1
1418|   SWIFT J1307.2-7049|196.7647|-70.4816|   12.55|                MAXI J1305-704|                               |196.7352|-70.4514|   18.08|   15.29|   21.05|  |   2.16|   1.93|   2.42|      1.06|     NA |        NA|  1        |         15|XRB
1419|   SWIFT J1310.1-1719|197.5197|-17.1382|    7.94|       2MASX J13100789-1711398|                               |197.5328|-17.1944|   18.03|   13.94|   22.44|  |   1.54|   1.21|   1.88|      1.06|  0.0254|     43.44|  1        |          5|Sy2 candidate
1420|   SWIFT J1320.5+6022|200.1314| 60.2214|    4.78|                  SBS 1318+605|                               |200.1781| 60.2571|    6.25|    4.28|    8.49|  |   2.23|   1.78|   2.79|      1.22|  0.1000|     44.21|  1        |          4|Sy1.5
1421|   SWIFT J1320.7-7022|200.1480|-70.1978|    5.61|         1RXS J132032.3-701451|                               |200.1346|-70.2475|    8.21|    5.87|   10.89|  |   2.44|   1.98|   3.02|      0.98|     NA |        NA|  1        |         12|star
1422|   SWIFT J1324.8-6325|201.2610|-63.2450|    6.67|          CXO J132430.3-631349|                               |201.1263|-63.2305|   11.83|    8.85|   15.14|  |   2.01|   1.64|   2.42|      1.08|     NA |        NA|  1        |         14|LMXB
1423|   SWIFT J1325.2-3279|201.2912|-32.8083|    6.34|                            NA|                               |      NA|      NA|   11.31|    8.38|   14.53|  |   2.24|   1.87|   2.69|      1.31|     NA |        NA|  1        |          0|Unknown
1424|   SWIFT J1327.0-2798|201.9749|-27.9688|    5.24|                            NA|                               |      NA|      NA|    8.92|    6.08|   12.21|  |   2.34|   1.85|   2.98|      0.23|     NA |        NA|  1        |          0|Unknown
1425|   SWIFT J1329.9+4719|202.4801| 47.1865|    6.47|                      NGC 5194|                               |202.4696| 47.1952|   11.61|    8.51|   14.96|  |   1.31|   0.90|   1.72|      1.45|  0.0015|     40.77|  1        |          5|Sy2
1426|   SWIFT J1334.1-3842|203.4366|-38.4501|    5.70|                            NA|                               |      NA|      NA|   14.17|    9.98|   18.74|  |   1.35|   0.87|   1.82|      0.41|     NA |        NA|  1        |          0|Unknown
1427|   SWIFT J1339.6+5581|204.8832| 55.7830|    6.17|       2MASX J13393399+5546137|                               |204.8916| 55.7706|    8.01|    5.91|   10.37|  |   2.18|   1.80|   2.63|      0.26|  0.1230|     44.51|  1        |          4|Sy1
1428|   SWIFT J1340.9-2808|205.1668|-28.1302|    5.19|                            NA|                               |      NA|      NA|   10.45|    7.24|   14.01|  |   2.00|   1.58|   2.50|      0.45|     NA |        NA|  1        |          0|Unknown
1429|   SWIFT J1343.1+8038|206.0078| 80.6463|    6.46|       2MASX J13435300+8035495|                               |205.9706| 80.5970|    9.74|    6.92|   12.88|  |   1.75|   1.33|   2.22|      0.79|  0.0449|     43.68|  1        |          6|Other AGN
1430|   SWIFT J1344.7+5588|206.1648| 55.8671|    6.02|                       Mrk 273|                               |206.1755| 55.8868|    7.96|    5.79|   10.41|  |   2.08|   1.69|   2.54|      0.35|  0.0378|     43.43|  1        |          5|Sy2
1431|   SWIFT J1345.5+5352|206.4131| 53.5053|    4.90|                  SBS 1343+537|                               |206.4390| 53.5479|    6.69|    4.43|    9.29|  |   1.94|   1.47|   2.52|      0.38|  0.1354|     44.53|  1        |          7|Beamed AGN
1432|   SWIFT J1349.2+4441|207.2699| 44.6967|    6.29|      SDSS J134908.40+444129.7|                               |207.2850| 44.6916|    9.53|    6.98|   12.36|  |   1.83|   1.45|   2.26|      1.16|     NA |        NA|  1        |          4|Sy1
1433|   SWIFT J1349.1+2658|207.2290| 26.6232|    5.59|                    Abell 1795|                               |207.2208| 26.5956|    5.75|    4.54|    7.15|  |   3.84|   3.23|   4.65|      0.38|     NA |        NA|  1        |          3|Galaxy Cluster
1434|   SWIFT J1350.3-0028|207.5921| -0.3902|    3.03|                            NA|                               |      NA|      NA|    4.64|    2.54|    7.40|  |   2.54|   1.78|   3.63|      1.18|     NA |        NA|  1        |          0|Unknown
1435|   SWIFT J1357.0+1929|209.2466| 19.2992|    4.42|               [HB89] 1354+195|                               |209.2685| 19.3187|    5.94|    3.69|    8.64|  |   2.30|   1.73|   3.04|      0.80|  0.7200|     46.15|  1        |          7|Beamed AGN
1436|   SWIFT J1400.2+0503|210.0640|  5.0412|    5.97|                  CGCG 046-033|                               |210.0768|  5.0451|   10.90|    7.89|   14.29|  |   1.93|   1.53|   2.37|      1.03|  0.0343|     43.48|  1        |          4|Sy1
1437|   SWIFT J1408.2-6194|212.0473|-61.9633|    6.81|                MAXI J1409-619|                               |212.0107|-61.9834|    8.30|    6.23|   10.71|  |   2.86|   2.37|   3.45|      1.23|     NA |        NA|  1        |         10|Pulsar
1438|   SWIFT J1410.7+1947|212.7220| 19.8436|    4.21|         1RXS J141117.0+194438|                               |212.8196| 19.7443|    5.19|    3.09|    7.80|  |   2.50|   1.83|   3.47|      0.17|  0.2378|     44.96|  1        |          4|Sy1
1439|   SWIFT J1416.5-3671|214.1785|-36.6925|    6.11|                   PKS 1413-36|                               |214.1381|-36.6819|   14.50|   10.91|   18.38|  |   1.75|   1.39|   2.13|      0.86|  0.0747|     44.31|  1        |          5|Sy2 candidate
1440|   SWIFT J1419.0-1323|214.7615|-13.2125|    5.81|               [HB89] 1416-129|                               |214.7659|-13.1791|   12.21|    8.84|   16.00|  |   1.99|   1.58|   2.46|      0.51|  0.1289|     44.74|  1        |          4|Sy1.2
1441|   SWIFT J1419.1+0790|214.8086|  7.8973|    5.52|      SDSS J141908.31+075449.6|                               |214.7846|  7.9138|   11.62|    8.40|   15.18|  |   1.74|   1.35|   2.17|      0.50|  0.0561|     43.95|  1        |          4|Sy1
1442|   SWIFT J1419.2+6807|214.6982| 68.0548|    5.71|             2PBC J1419.2+6804|                               |214.7079| 68.0694|    7.12|    4.80|    9.80|  |   2.07|   1.58|   2.65|      1.47|  0.0770|     44.03|  1        |          4|Sy1.5
1443|   SWIFT J1420.1-1929|214.9906|-19.5472|    5.44|                   PKS 1417-19|                               |214.9572|-19.4737|   11.37|    8.11|   15.01|  |   2.05|   1.61|   2.55|      0.65|  0.1200|     44.64|  1        |          4|Sy1.5
1444|   SWIFT J1423.1-8548|216.4700|-85.4155|    3.51|                            NA|                               |      NA|      NA|    8.97|    5.31|   13.09|  |   1.10|   0.37|   1.75|      0.72|     NA |        NA|  1        |          0|Unknown
1445|   SWIFT J1428.1+1729|217.2567| 17.3470|    3.55|      SDSS J142846.71+172353.1|                               |217.1946| 17.3981|    5.19|    2.77|    8.22|  |   2.08|   1.36|   2.94|      1.38|  0.1037|     44.17|  1        |          4|Sy1
1446|   SWIFT J1429.8-4199|217.4663|-42.0096|    3.91|               IGR J14301-4158|                               |217.5507|-41.9754|    8.60|    4.87|   12.90|  |   1.71|   0.96|   2.60|      0.78|  0.0386|     43.49|  1        |          5|Sy2
1447|   SWIFT J1430.4+1363|217.6464| 13.6238|    5.78|       2MASX J14302986+1339117|                               |217.6245| 13.6533|   10.70|    7.61|   14.19|  |   1.88|   1.44|   2.37|      0.83|  0.0852|     44.30|  1        |          5|Sy2
1448|   SWIFT J1430.6+4211|217.6129| 42.0703|    4.94|                   B3 1428+422|                               |217.5989| 42.0768|    7.69|    4.96|   10.77|  |   1.59|   1.08|   2.14|      1.79|  4.7150|     48.25|  1        |          7|Beamed AGN
1449|   SWIFT J1431.7+1472|217.9685| 14.7240|    3.21|                            NA|                               |      NA|      NA|    5.54|    3.16|    8.38|  |   2.25|   1.62|   3.13|      1.41|     NA |        NA|  1        |          0|Unknown
1450|   SWIFT J1442.9+5206|220.7586| 52.0543|    4.98|                        3C 303|                               |220.7616| 52.0270|    6.11|    4.09|    8.42|  |   2.23|   1.75|   2.82|      0.57|  0.1412|     44.53|  1        |          4|Sy1
1451|   SWIFT J1447.5-6327|221.7946|-63.2972|    6.25|               IGR J14471-6319|                               |221.8120|-63.2887|   14.72|   11.29|   18.43|  |   1.53|   1.17|   1.90|      1.47|  0.0380|     43.71|  1        |          5|Sy2
1452|   SWIFT J1448.2-8033|221.9354|-80.5409|    3.23|                            NA|                               |      NA|      NA|    4.27|    2.46|    6.44|  |   2.79|   2.09|   3.90|      0.37|     NA |        NA|  1        |          0|Unknown
1453|   SWIFT J1448.2-6532|222.1005|-65.5264|    5.04|                            NA|                               |      NA|      NA|    7.19|    4.90|    9.84|  |   2.50|   1.98|   3.18|      1.01|     NA |        NA|  1        |          0|Unknown
1454|   SWIFT J1503.7-6028|225.9337|-60.2934|    5.97|                            NA|                               |      NA|      NA|    9.88|    7.21|   12.90|  |   2.22|   1.78|   2.72|      0.65|     NA |        NA|  1        |          0|Unknown
1455|   SWIFT J1503.7+6850|225.9171| 68.8801|    5.12|                            NA|                               |      NA|      NA|    7.60|    5.16|   10.34|  |   1.83|   1.39|   2.32|      1.19|     NA |        NA|  1        |          0|Unknown
1456|   SWIFT J1515.0-4021|228.6926|-40.3920|    5.56|          ESO 328-IG 036 NED01|                               |228.7031|-40.3647|   11.63|    8.77|   14.81|  |   2.18|   1.82|   2.60|      1.73|  0.0238|     43.19|  1        |          4|Sy1
1457|   SWIFT J1516.5+0016|229.1173|  0.1376|    4.66|                  CGCG 021-063|                               |229.1676|  0.2505|    6.68|    4.26|    9.66|  |   2.80|   2.08|   3.92|      0.45|  0.0525|     43.65|  1        |          7|Beamed AGN
1458|   SWIFT J1518.8+2085|229.7108| 20.8523|    6.93|                     UGC 09813|                               |229.7424| 20.8154|   10.81|    8.11|   13.82|  |   2.06|   1.70|   2.47|      0.55|  0.0418|     43.66|  1        |          5|Sy2
1459|   SWIFT J1521.6+3204|230.3694| 32.0515|    5.84|                            NA|                               |      NA|      NA|    6.45|    4.53|    8.79|  |   2.81|   2.22|   3.62|      1.12|     NA |        NA|  1        |          0|Unknown
1460|   SWIFT J1527.9+0621|231.9484|  6.2143|    6.80|      SDSS J152753.80+061018.9|                               |231.9742|  6.1719|   15.65|   11.76|   19.90|  |   1.58|   1.19|   1.99|      0.51|  0.1740|     45.13|  1        |          4|Sy1
1461|   SWIFT J1531.3+0727|232.8063|  7.4182|    6.12|                      NGC 5940|                               |232.8253|  7.4578|   13.70|   10.35|   17.39|  |   1.81|   1.45|   2.18|      1.05|  0.0339|     43.57|  1        |          4|Sy1
1462|   SWIFT J1534.5+6258|233.5785| 63.0294|    4.95|                     Gaia15aai|                               |233.5552| 62.9828|    6.84|    4.62|    9.34|  |   2.06|   1.62|   2.59|      0.88|  0.0850|     44.10|  1        |          6|Other AGN
1463|   SWIFT J1536.5+6177|234.1132| 61.7496|    5.99|       2MASX J15362768+6146419|                               |234.1157| 61.7782|    7.13|    4.79|    9.90|  |   2.12|   1.61|   2.73|      1.80|  0.1730|     44.79|  1        |          5|Sy2
1464|   SWIFT J1540.5+1416|235.0895| 14.2678|    9.68|      SDSS J154012.96+141643.2|                               |235.0540| 14.2787|   13.11|   10.42|   16.09|  |   2.42|   2.07|   2.82|      1.84|  0.0495|     43.89|  1        |          5|Sy1.9
1465|   SWIFT J1541.4-5053|235.3904|-50.5321|    4.09|         CXOU J154126.4-502823|                               |235.3602|-53.1377|    9.75|    6.52|   13.35|  |   1.65|   1.15|   2.17|      0.54|     NA |        NA|  1        |          6|Other AGN
1466|   SWIFT J1542.3+1834|235.5601| 18.5765|    6.61|       2MASX J15421387+1835005|                               |235.5580| 18.5834|   10.81|    7.92|   14.06|  |   2.10|   1.70|   2.57|      0.21|  0.0724|     44.15|  1        |          4|Sy1
1467|   SWIFT J1543.1-5657|236.1556|-56.7620|    0.24|                            NA|                               |      NA|      NA|    0.93|    0.00|    4.86|  |   2.11|   0.00|   0.00|      0.49|     NA |        NA|  1        |          0|Unknown
1468|   SWIFT J1543.4-5624|235.8883|-56.3471|    4.49|                MAXI J1543-564|                               |235.8222|-56.4134|    4.40|    2.53|    7.52|  |   3.47|   1.98|   6.07|      1.86|     NA |        NA|  1        |         15|XRB
1469|   SWIFT J1548.6-3211|237.1975|-32.1246|    5.82|                    ESO 450-16|                               |237.1802|-32.1199|   10.19|    7.42|   13.27|  |   2.23|   1.81|   2.74|      1.59|  0.0489|     43.77|  1        |          5|Sy2 candidate
1470|   SWIFT J1554.9-3757|238.6785|-37.5988|    7.64|               IGR J15549-3740|                               |238.6948|-37.6387|   15.50|   12.31|   18.93|  |   1.89|   1.58|   2.23|      1.26|  0.0192|     43.12|  1        |          5|Sy2
1471|   SWIFT J1608.8+1229|242.1860| 12.3014|    5.67|                       Mrk 871|                               |242.1515| 12.3309|   12.71|    9.19|   16.58|  |   1.71|   1.28|   2.17|      0.51|  0.0337|     43.54|  1        |          4|Sy1
1472|   SWIFT J1609.9-6371|242.4605|-63.7310|    4.90|                            NA|                               |      NA|      NA|    7.19|    4.88|    9.89|  |   2.52|   1.96|   3.29|      0.31|     NA |        NA|  1        |          0|Unknown
1473|   SWIFT J1613.1-0536|243.2649| -5.3447|    5.18|       2MASX J16125120-0521173|                               |243.2134| -5.3549|   10.09|    7.25|   13.24|  |   2.27|   1.81|   2.80|      1.04|  0.0309|     43.36|  1        |          5|Sy2 candidate
1474|   SWIFT J1614.1+2606|243.5246| 26.0737|    5.52|               [HB89] 1612+261|                               |243.5550| 26.0712|    9.94|    7.13|   13.11|  |   1.97|   1.55|   2.43|      0.28|  0.1310|     44.67|  1        |          4|Sy1.5
1475|   SWIFT J1614.5-6090|243.6289|-60.9048|    9.22|                    Abell 3627|                               |243.5938|-60.8686|   10.80|    9.24|   12.46|  |   3.93|   3.47|   4.48|      0.64|     NA |        NA|  1        |          3|Galaxy Cluster
1476|   SWIFT J1615.9-0612|243.9680| -6.1431|    7.40|                    Abell 2163|                               |243.8922| -6.1240|   10.18|    8.16|   12.38|  |   3.47|   2.92|   4.16|      0.30|     NA |        NA|  1        |          3|Galaxy Cluster
1477|   SWIFT J1617.7+0612|244.4186|  6.1079|    6.71|             1AXG J161746+0603|                               |244.4402|  6.0649|   14.71|   11.46|   18.24|  |   2.00|   1.66|   2.38|      0.13|  0.0379|     43.70|  1        |          4|Sy1.5
1478|   SWIFT J1617.7+6705|244.3415| 67.0734|    3.96|         1RXS J161801.6+670405|                               |244.5012| 67.0664|    7.80|    4.70|   11.31|  |   1.35|   0.72|   1.98|      0.46|     NA |        NA|  1        |          6|Other AGN
1479|   SWIFT J1617.9-5403|244.5537|-54.0740|    8.02|                            NA|                               |      NA|      NA|   16.11|   12.80|   19.66|  |   1.83|   1.49|   2.18|      0.33|     NA |        NA|  1        |          0|Unknown
1480|   SWIFT J1624.5-3317|246.1213|-33.1569|    7.13|       2MASX J16242022-3311067|                               |246.0842|-33.1852|   12.49|   10.00|   15.20|  |   2.44|   2.11|   2.82|      0.80|     NA |        NA|  1        |          6|Other AGN
1481|   SWIFT J1628.2+3614|247.0005| 36.1476|    5.93|                MCG +06-36-044|                               |246.9641| 36.1556|    9.88|    7.12|   12.96|  |   1.94|   1.53|   2.40|      2.15|  0.0316|     43.37|  1        |          5|Sy2
1482|   SWIFT J1629.2-4609|247.2324|-46.0948|    7.75|          CXO J162912.8-460250|                               |247.3036|-46.0475|   12.25|   10.08|   14.56|  |   2.87|   2.52|   3.28|      0.67|     NA |        NA|  1        |         14|LMXB
1483|   SWIFT J1635.8-4756|248.6407|-47.5393|   80.83|                   SGR 1627-41|                               |248.9661|-47.5898|  129.00|  126.52|  131.52| Y |   2.63|   2.59|   2.67|      7.65|     NA |        NA|  1        |          1|Gamma-ray source
1484|   SWIFT J1635.9-4742|248.7203|-47.4873|   81.45|               IGR J16358-4726|                               |248.9742|-47.4280|    3.45|    0.00|    7.92| Y |   0.86|   0.00|   0.00|      0.73|     NA |        NA|  1        |         10|Pulsar
1485|   SWIFT J1638.5-2095|249.6095|-20.9349|    3.86|               IGR J16385-2057|                               |249.6288|-20.9235|   21.18|   17.94|   24.52|  |   1.90|   1.59|   2.22|      0.65|  0.0264|     43.54|  1        |          4|Sy1
1486|   SWIFT J1641.4-2010|250.3656|-20.0825|    2.06|                            NA|                               |      NA|      NA|    6.62|    3.84|    9.58|  |   2.55|   1.35|   3.96|      1.19|     NA |        NA|  1        |          0|Unknown
1487|   SWIFT J1643.4+0986|250.8288|  9.8020|    4.66|                  CGCG 081-001|                               |250.8074|  9.9044|    8.76|    5.98|   11.97|  |   2.26|   1.72|   2.89|      0.85|  0.0473|     43.68|  1        |          6|Other AGN
1488|   SWIFT J1648.6-2313|252.1424|-23.1870|   10.91|                            NA|                               |      NA|      NA|   13.96|   12.19|   15.83|  |   4.03|   3.56|   4.58|      0.92|     NA |        NA|  1        |          0|Unknown
1489|   SWIFT J1649.3-1739|252.3317|-17.6516|    5.57|                ESO 586- G 004|                               |252.3375|-17.6446|   11.88|    9.35|   14.57|  |   2.47|   2.08|   2.93|      0.98|  0.0229|     43.16|  1        |          6|Other AGN
1490|   SWIFT J1651.2-0144|252.7856| -1.4380|    4.92|       2MASX J16510578-0129258|                               |252.7739| -1.4907|   11.17|    8.21|   14.32|  |   2.01|   1.64|   2.43|      1.90|  0.0406|     43.65|  1        |          6|Other AGN
1491|   SWIFT J1655.0-4998|253.9782|-49.9601|    6.26|         CXOU J165551.9-495732|                               |253.9665|-49.9590|   13.67|   10.72|   16.86|  |   1.94|   1.61|   2.29|      0.60|     NA |        NA|  1        |          7|Beamed AGN
1492|   SWIFT J1658.5+0518|254.6652|  5.2972|    4.38|               RX J1658.5+0515|                               |254.6394|  5.2546|    8.66|    5.63|   12.09|  |   1.94|   1.40|   2.58|      1.16|  0.8790|     46.53|  1        |          7|Beamed AGN
1493|   SWIFT J1700.7+3408|255.2796| 34.0848|    4.55|         1RXS J170102.6+340409|                               |255.2595| 34.0668|    6.76|    4.14|    9.97|  |   2.27|   1.62|   3.16|      1.00|  0.0944|     44.19|  1        |          4|Sy1
1494|   SWIFT J1700.8+3602|255.2231| 36.0458|    4.07|               IGR J17009+3559|                               |255.2208| 35.9989|    7.37|    4.77|   10.35|  |   1.97|   1.48|   2.52|      1.65|  0.1130|     44.40|  1        |          6|Other AGN
1495|   SWIFT J1701.1+2940|255.2627| 29.4081|    6.39|                       Mrk 504|                               |255.2824| 29.4069|    9.35|    7.05|   11.97|  |   2.49|   2.09|   2.97|      2.05|  0.0359|     43.46|  1        |          4|Sy1
1496|   SWIFT J1703.5+3755|255.8519| 37.5689|    3.37|               RX J1703.3+3737|                               |255.8341| 37.6236|    6.29|    3.55|    9.43|  |   1.87|   1.23|   2.64|      0.73|  0.0650|     43.82|  1        |          4|Sy1
1497|   SWIFT J1705.1-0148|256.3528| -1.4012|    4.97|               UGC 10683 NED02|                               |256.2516| -1.5413|    5.23|    3.77|    6.80|  |   4.99|   3.73|   7.06|      0.21|  0.0304|     43.06|  1        |          4|Sy1.5
1498|   SWIFT J1706.8-1573|256.6851|-15.7247|    4.48|       2MASX J17064791-1541106|                               |256.6995|-15.6862|    9.04|    6.44|   11.89|  |   2.32|   1.85|   2.89|      1.16|     NA |        NA|  1        |          6|Other AGN
1499|   SWIFT J1712.5+3553|258.1043| 35.9061|    4.01|                  CGCG 198-020|                               |258.1185| 35.8840|    7.99|    4.69|   11.77|  |   1.47|   0.79|   2.17|      0.32|  0.0269|     43.13|  1        |          4|Sy1
1500|   SWIFT J1712.9-4002|258.4037|-40.0242|   11.35|                            NA|                               |      NA|      NA|   22.07|   19.75|   24.48|  |   3.05|   2.77|   3.35|      0.71|     NA |        NA|  1        |          0|Unknown
1501|   SWIFT J1715.3-5488|258.8165|-54.8550|    5.58|         1RXS J171535.6-545015|                               |258.8983|-54.8375|   10.96|    8.07|   14.13|  |   1.93|   1.52|   2.38|      0.67|     NA |        NA|  1        |         12|star
1502|   SWIFT J1722.5+2432|260.6308| 24.5253|    2.97|                     V0396 Her|                               |260.6719| 24.6054|    6.18|    2.96|    9.97|  |   1.53|   0.71|   2.43|      0.24|  0.1750|     44.73|  1        |          4|Sy1
1503|   SWIFT J1722.6+3086|260.6563| 30.8574|    8.03|                       Mrk 506|                               |260.6662| 30.8814|   16.29|   12.95|   19.86|  |   1.63|   1.34|   1.94|      0.97|  0.0430|     43.86|  1        |          4|Sy1.5
1504|   SWIFT J1725.7-4517|261.4162|-45.1862|    5.88|       2MASX J17253053-4510279|                               |261.3772|-45.1745|   12.00|    9.41|   14.83|  |   2.29|   1.90|   2.73|      1.08|  0.0196|     43.03|  1        |          6|Other AGN
1505|   SWIFT J1731.3-2148|262.8055|-21.4738|    3.34|                  Kepler's SNR|                               |262.6730|-21.4795|    4.72|    2.93|    6.87|  |   3.69|   2.41|   5.57|      1.90|     NA |        NA|  1        |         11|SNR
1506|   SWIFT J1732.6-4408|263.1410|-44.1430|    4.46|                            NA|                               |      NA|      NA|    8.51|    6.51|   10.68|  |   2.95|   2.48|   3.51|      2.49|     NA |        NA|  1        |          0|Unknown
1507|   SWIFT J1734.9-2074|263.7188|-20.7479|    7.11|           NVSS J173459-204533|                               |263.7462|-20.7594|   14.58|   11.70|   17.69|  |   2.12|   1.78|   2.50|      0.22|     NA |        NA|  1        |          7|Beamed AGN
1508|   SWIFT J1735.3-3567|263.6998|-35.5877|    1.43|         1RXS J173524.4-353957|                               |263.8484|-35.6702|   10.14|    5.81|   14.95|  |   0.77|  -0.36|   1.60|      0.68|     NA |        NA|  1        |         14|LMXB
1509|   SWIFT J1735.7+2045|263.8960| 20.7287|    5.45|       2MASX J17353371+2047470|                               |263.8907| 20.7963|   10.10|    7.24|   13.22|  |   1.87|   1.48|   2.30|      1.45|  0.0242|     43.14|  1        |          6|Other AGN
1510|   SWIFT J1740.7+5197|265.1790| 52.0144|    3.09|         1RXS J174036.3+521155|                               |265.1541| 52.1954|    4.11|    1.98|    6.89|  |   2.45|   1.59|   4.00|      0.41|  1.3750|     46.69|  1        |          7|Beamed AGN
1511|   SWIFT J1740.7+0609|265.1779|  6.0747|    8.86|                TYC 427-1298-1|                               |265.1893|  6.0652|   11.61|    9.45|   14.03|  |   2.98|   2.56|   3.48|      1.01|     NA |        NA|  1        |         12|star
1512|   SWIFT J1741.5-6548|265.3790|-65.8144|    7.61|            SWIFT J1741.5-6548|                               |265.3505|-65.7909|   11.59|    9.17|   14.25|  |   2.37|   2.04|   2.75|      1.46|     NA |        NA|  1        |         15|XRB
1513|   SWIFT J1741.4+0375|265.3476|  3.7823|    7.41|       2MASX J17412808+0348514|                               |265.3678|  3.8147|   11.65|    9.18|   14.38|  |   2.54|   2.16|   2.98|      0.71|  0.0305|     43.41|  1        |          4|Sy1
1514|   SWIFT J1742.4-3042|265.5913|-30.3539|    3.68|          CXO J174241.0-302238|                               |265.6709|-30.3772|   10.16|    7.14|   13.43|  |   2.30|   1.68|   3.01|      1.24|     NA |        NA|  1        |         14|LMXB
1515|   SWIFT J1742.5-5183|265.6113|-51.7911|    4.85|       2MASS J17422050-5146223|                               |265.5855|-51.7729|    6.89|    4.42|    9.89|  |   2.41|   1.71|   3.38|      0.46|     NA |        NA|  1        |          6|Other AGN
1516|Swift J174444.9-295042|266.0536|-29.7304|  235.64|          CXO J174445.4-295044|                               |266.1894|-29.8462|  239.13|  235.69|  242.58| Y |   1.88|   1.86|   1.91|     10.90|     NA |        NA|  1        |         15|XRB
1517|   SWIFT J1745.1-2891|266.1201|-28.7312|   83.84|          CXO J174502.3-285449|                               |266.2597|-28.9139|  215.92|  213.41|  218.42|  |   3.60|   3.57|   3.63|    146.43|     NA |        NA|  1        |         14|LMXB
1518|SWIFT J174510.8-262411|266.2871|-26.3996|   52.44|        SWIFT J174510.8-262411|                               |266.2952|-26.4035|  195.51|  192.24|  198.80|  |   2.28|   2.24|   2.31|      0.88|     NA |        NA|  1        |         14|LMXB
1519|   SWIFT J1746.9+1323|266.6810| 13.3152|    4.72|         1RXS J174645.6+131844|                               |266.6858| 13.3129|    7.92|    5.46|   10.76|  |   2.37|   1.86|   3.00|      0.63|     NA |        NA|  1        |          6|Other AGN
1520|   SWIFT J1748.1-2477|267.0317|-24.7740|   20.07|                    ESO 520-27|                               |267.0190|-24.7789|   54.30|   51.70|   56.92|  |   3.40|   3.26|   3.55|      2.38|     NA |        NA|  1        |         12|GC
1521|   SWIFT J1751.2-2020|268.0364|-20.2290|    3.84|               IGR J17513-2011|                               |267.8068|-20.2040|   10.05|    7.19|   13.25|  |   2.12|   1.57|   2.72|      0.68|  0.0470|     43.73|  1        |          5|Sy1.9
1522|   SWIFT J1753.7-2382|268.4779|-23.7447|   -0.21|              SAX J1753.5-2349|                               |268.3829|-23.8208|    1.79|    0.00|    6.58|  |   0.96|   0.00|   0.00|      0.56|     NA |        NA|  1        |         14|LMXB
1523|   SWIFT J1756.3+5237|269.0961| 52.5534|    4.64|               RX J1756.4+5235|                               |269.1033| 52.5890|    8.09|    5.38|   11.20|  |   1.89|   1.40|   2.45|      0.98|  0.0943|     44.27|  1        |          6|Other AGN
1524|   SWIFT J1759.6+7846|269.9759| 78.4965|    5.73|               [HB89] 1803+784|                               |270.1903| 78.4678|    7.49|    5.16|   10.16|  |   2.30|   1.80|   2.96|      1.75|  0.6800|     46.19|  1        |          7|Beamed AGN
1525|   SWIFT J1800.8-4148|270.1431|-41.6567|    6.91|                            NA|                               |      NA|      NA|    7.08|    5.65|    8.63|  |   4.77|   3.83|   6.10|      1.52|     NA |        NA|  1        |          0|Unknown
1526|   SWIFT J1802.9+0491|270.7418|  4.9091|    8.24|         1RXS J180312.7+045128|                               |270.8029|  4.8578|   14.75|   11.65|   18.11|  |   2.06|   1.72|   2.44|      0.81|     NA |        NA|  1        |         12|star
1527|   SWIFT J1804.6-1494|271.1665|-14.9523|    4.71|               IGR J18048-1455|                               |271.1623|-14.9464|   11.30|    9.23|   13.42|  |   3.47|   2.98|   4.03|      1.57|     NA |        NA|  1        |         13|HMXB
1528|   SWIFT J1806.5-2223|271.6144|-22.2297|   32.40|              SAX J1806.5-2215|                               |271.6400|-22.2500|   96.49|   93.68|   99.32|  |   2.63|   2.57|   2.70|      3.29|     NA |        NA|  1        |         14|LMXB
1529|   SWIFT J1807.1-5955|271.8380|-59.5572|    5.24|                            NA|                               |      NA|      NA|    9.09|    6.16|   12.43|  |   2.04|   1.51|   2.68|      1.99|     NA |        NA|  1        |          0|Unknown
1530|   SWIFT J1809.6-4585|272.4030|-45.8297|    2.58|                            NA|                               |      NA|      NA|    5.79|    3.14|    8.96|  |   1.86|   1.16|   2.63|      1.46|     NA |        NA|  1        |          0|Unknown
1531|   SWIFT J1810.0-6554|272.5040|-65.9071|    6.95|                PMN J1809-6556|                               |272.4719|-65.9386|   13.64|   10.50|   17.03|  |   1.79|   1.44|   2.16|      0.56|  0.1800|     45.11|  1        |          6|Other AGN
1532|   SWIFT J1813.0-1654|273.3575|-16.5817|    4.85|    SSTSL2 J181328.05-163548.6|                               |273.3668|-16.5968|   16.90|   13.88|   20.07|  |   2.03|   1.72|   2.36|      1.48|     NA |        NA|  1        |          6|Other AGN
1533|   SWIFT J1815.2-1089|273.8130|-10.8308|    2.54|               IGR J18151-1052|                               |273.7658|-10.8597|    6.20|    3.91|    8.73|  |   2.61|   2.01|   3.37|      2.28|     NA |        NA|  1        |          9|CV
1534|   SWIFT J1818.7-2553|274.7017|-25.5847|    3.07|                  V* V4641 Sgr|                               |274.8413|-25.4001|    6.13|    4.23|    8.11|  |   5.01|   3.65|   7.37|      1.83|     NA |        NA|  1        |         14|LMXB
1535|   SWIFT J1821.9-1378|275.5246|-13.7957|    6.91|       XMMSL1 J182155.0-134719|                               |275.4792|-13.7886|   16.07|   13.88|   18.32|  |   3.26|   2.91|   3.64|      4.34|     NA |        NA|  1        |         13|HMXB
1536|   SWIFT J1829.8+7315|277.5081| 73.1999|    6.13|        2MASSI J1830231+731310|                               |277.5962| 73.2194|    9.58|    7.19|   12.22|  |   2.02|   1.69|   2.39|      1.51|  0.1230|     44.59|  1        |          4|Sy1
1537|   SWIFT J1830.4-0999|277.5781| -9.9926|    5.56|          CXO J183038.3-100247|                               |277.6596|-10.0464|    9.73|    7.30|   12.38|  |   2.52|   2.10|   3.03|      1.14|     NA |        NA|  1        |          6|Other AGN
1538|   SWIFT J1830.4-6023|277.5471|-60.4119|    7.22|                            NA|                               |      NA|      NA|   11.72|    9.05|   14.69|  |   2.15|   1.80|   2.53|      1.04|     NA |        NA|  1        |          0|Unknown
1539|   SWIFT J1830.8-1253|277.6908|-12.5263|    6.65|               IGR J18308-1232|                               |277.7078|-12.5385|   14.43|   11.88|   17.15|  |   2.54|   2.20|   2.93|      0.52|     NA |        NA|  1        |          9|CV
1540|   SWIFT J1832.2-0799|277.9987| -8.0033|    5.43|         CXOU J183228.3-075641|                               |278.1178| -7.9450|   11.89|    8.78|   15.28|  |   1.97|   1.56|   2.42|      0.15|     NA |        NA|  1        |         13|HMXB
1541|   SWIFT J1832.2+3146|278.0991| 31.4542|    6.27|       2MASX J18322636+3129050|                               |278.1100| 31.4848|   12.11|    9.23|   15.27|  |   1.84|   1.51|   2.19|      1.38|  0.0436|     43.74|  1        |          6|Other AGN
1542|   SWIFT J1832.5-0863|278.1203| -8.6437|    8.68|          CXO J183219.3-084030|                               |278.0804| -8.6751|   13.36|   11.12|   15.78|  |   2.88|   2.54|   3.28|      0.77|     NA |        NA|  1        |          9|CV
1543|   SWIFT J1833.1-4536|278.3088|-45.5393|    5.68|                            NA|                               |      NA|      NA|    5.91|    4.59|    7.29|  |   5.35|   4.29|   6.98|      0.18|     NA |        NA|  1        |          0|Unknown
1544|   SWIFT J1834.8-0860|278.6662| -8.6838|    4.82|            Swift J1834.9-0846|                               |278.7172| -8.7655|    8.80|    5.75|   12.30|  |   2.08|   1.47|   2.82|      1.71|     NA |        NA|  1        |         12|star
1545|   SWIFT J1835.7-1931|278.9003|-19.3164|   22.83|                MAXI J1836-194|                               |278.9310|-19.3200|   54.76|   51.47|   58.12|  |   1.87|   1.78|   1.97|      0.64|     NA |        NA|  1        |         15|XRB
1546|   SWIFT J1840.8-5322|280.0854|-53.3265|    5.67|       2MASX J18402764-5321581|                               |280.1151|-53.3663|    9.51|    7.02|   12.28|  |   2.36|   1.93|   2.86|      0.56|  0.0347|     43.44|  1        |          5|Sy1.9
1547|   SWIFT J1841.0+0152|280.2680|  1.6765|    5.40|                            NA|                               |      NA|      NA|    8.65|    6.09|   11.59|  |   2.42|   1.91|   3.06|      0.98|     NA |        NA|  1        |          0|Unknown
1548|   SWIFT J1842.8+6244|280.6374| 62.7240|    4.24|                            NA|                               |      NA|      NA|    5.74|    3.19|    8.85|  |   2.09|   1.39|   3.08|      0.53|     NA |        NA|  1        |          0|Unknown
1549|   SWIFT J1845.9-5582|281.4419|-55.8270|    6.93|       2MASX J18454978-5548252|                               |281.4573|-55.8069|   12.34|    9.47|   15.47|  |   2.09|   1.73|   2.50|      0.87|  0.0343|     43.54|  1        |          5|Sy2 candidate
1550|   SWIFT J1848.2-0244|282.0487| -2.4466|   17.72|         SAXWFC J1848.2-0225.9|                               |282.0738| -2.4203|   29.85|   27.09|   32.71|  |   2.40|   2.24|   2.56|      1.00|     NA |        NA|  1        |         13|HMXB
1551|   SWIFT J1848.5+6704|282.0700| 67.0446|    5.07|                   8C 1849+670|                               |282.3170| 67.0949|    5.58|    3.72|    7.89|  |   2.74|   2.12|   3.57|      1.30|  0.6570|     46.03|  1        |          7|Beamed AGN
1552|   SWIFT J1849.3-0920|282.3154| -9.2032|    5.04|                            NA|                               |      NA|      NA|    9.57|    6.36|   13.21|  |   2.02|   1.46|   2.72|      1.16|     NA |        NA|  1        |          0|Unknown
1553|   SWIFT J1853.9-0104|283.4494| -1.0518|    5.37|         2XMM J185348.4-010229|                               |283.4518| -1.0416|    8.15|    5.84|   10.82|  |   2.70|   2.17|   3.37|      0.14|     NA |        NA|  1        |          4|Sy1
1554|   SWIFT J1857.6-0748|284.4015| -7.4934|    5.42|                            NA|                               |      NA|      NA|    8.33|    6.24|   10.71|  |   2.85|   2.38|   3.42|      1.27|     NA |        NA|  1        |          0|Unknown
1555|   SWIFT J1903.3+7630|285.6827| 76.5016|    5.37|               RX J1902.7+7630|                               |285.7008| 76.5119|    7.92|    5.43|   10.73|  |   2.03|   1.58|   2.59|      0.81|  0.2710|     45.27|  1        |          4|Sy1.2
1556|   SWIFT J1907.8-3940|286.9615|-39.4051|    6.34|               IGR J19077-3925|                               |286.9600|-39.3921|   11.74|    8.88|   14.87|  |   2.02|   1.65|   2.43|      0.46|  0.0725|     44.19|  1        |          4|Sy1
1557|   SWIFT J1909.3+0124|287.3323|  1.2082|    7.31|                            NA|                               |      NA|      NA|   10.89|    8.55|   13.51|  |   2.60|   2.24|   3.02|      1.51|     NA |        NA|  1        |          0|Unknown
1558|   SWIFT J1909.4-6245|287.3363|-62.4659|    7.12|                            NA|                               |      NA|      NA|   11.52|    8.80|   14.53|  |   2.14|   1.79|   2.54|      1.49|     NA |        NA|  1        |          0|Unknown
1559|   SWIFT J1909.5+3112|287.3741| 31.1773|    2.34|                            NA|                               |      NA|      NA|    6.90|    3.33|   10.92|  |   1.13|   0.25|   1.97|      0.50|     NA |        NA|  1        |          0|Unknown
1560|   SWIFT J1909.5+4097|287.3978| 40.9668|    5.76|                            NA|                               |      NA|      NA|   11.03|    7.92|   14.39|  |   1.57|   1.18|   1.98|      1.63|     NA |        NA|  1        |          0|Unknown
1561|   SWIFT J1910.2-0546|287.5952| -5.7990|   34.42|                MAXI J1910-057|                               |287.5950| -5.7989|   62.56|   59.42|   65.79|  |   2.08|   2.00|   2.16|      0.65|     NA |        NA|  1        |         14|LMXB
1562|   SWIFT J1911.5+1422|287.8622| 14.1935|    5.38|                            NA|                               |      NA|      NA|   10.44|    7.85|   13.33|  |   2.35|   1.96|   2.79|      1.41|     NA |        NA|  1        |          0|Unknown
1563|   SWIFT J1911.9-1710|287.9184|-17.1571|    5.43|               IGR J19118-1707|                               |287.9277|-17.1681|   10.66|    7.68|   14.00|  |   2.04|   1.61|   2.53|      0.77|  0.0236|     43.14|  1        |          8|LINER
1564|   SWIFT J1924.8+5531|291.2709| 55.5106|    3.19|         87GB[BWE91] 1923+5523|                               |291.0201| 55.4937|    6.32|    3.47|    9.58|  |   1.62|   0.95|   2.36|      0.40|     NA |        NA|  1        |          7|Beamed AGN
1565|   SWIFT J1924.9-2918|291.2115|-29.2131|    8.75|               [HB89] 1921-293|                               |291.2127|-29.2417|   15.90|   12.88|   19.15|  |   2.07|   1.78|   2.39|      1.00|  0.3526|     45.84|  1        |          7|Beamed AGN
1566|   SWIFT J1926.4-0501|291.4753| -4.9918|    3.86|       2MASX J19260009-0502228|                               |291.5005| -5.0397|   10.71|    6.98|   14.83|  |   1.46|   0.93|   2.00|      0.23|     NA |        NA|  1        |          6|Other AGN
1567|   SWIFT J1937.7+2344|294.3317| 23.7300|    5.59|                            NA|                               |      NA|      NA|   10.33|    7.46|   13.46|  |   1.96|   1.58|   2.39|      0.80|     NA |        NA|  1        |          0|Unknown
1568|   SWIFT J1937.5-4021|294.3629|-40.2342|    6.32|                            NA|                               |      NA|      NA|   10.29|    7.75|   13.11|  |   2.40|   2.00|   2.88|      1.02|     NA |        NA|  1        |          0|Unknown
1569|   SWIFT J1938.2+0520|294.5462|  5.3779|    5.24|                            NA|                               |      NA|      NA|   12.57|    8.80|   16.74|  |   1.55|   1.08|   2.03|      0.69|     NA |        NA|  1        |          0|Unknown
1570|   SWIFT J1941.3-6216|295.2820|-62.1869|    6.07|                  PKS 1936-623|                               |295.3407|-62.1892|   13.72|   10.21|   17.49|  |   1.48|   1.11|   1.86|      0.69|     NA |        NA|  1        |          7|Beamed AGN
1571|   SWIFT J1942.8+2263|295.6976| 22.6459|    5.67|                     HD 344800|                               |295.7122| 22.5627|    7.31|    5.29|    9.67|  |   2.93|   2.39|   3.66|      1.40|     NA |        NA|  1        |         12|star
1572|   SWIFT J1942.8+7949|295.7700| 79.8060|    4.53|       2MASX J19422901+7951010|                               |295.6211| 79.8503|    7.86|    5.27|   10.82|  |   1.79|   1.31|   2.32|      0.54|     NA |        NA|  1        |          6|Other AGN
1573|   SWIFT J1948.4-7975|297.2336|-79.7592|    6.33|           6dF J1949458-794523|                               |297.4410|-79.7564|    9.80|    7.18|   12.73|  |   2.09|   1.70|   2.54|      0.65|     NA |        NA|  1        |          6|Other AGN
1574|   SWIFT J1949.2-1061|297.3351|-10.5486|    6.25|               IGR J19491-1035|                               |297.2887|-10.5736|   11.48|    8.67|   14.62|  |   2.24|   1.87|   2.66|      1.39|  0.0240|     43.19|  1        |          4|Sy1
1575|   SWIFT J1955.2+0077|298.8180|  0.7857|   10.41|               IGR J19552+0044|                               |298.8020|  0.7602|   16.12|   13.50|   18.96|  |   2.59|   2.32|   2.90|      0.44|     NA |        NA|  1        |          9|CV
1576|   SWIFT J2003.4+7023|300.8891| 70.2314|    4.89|       2MASX J20033401+7013367|                               |300.8917| 70.2269|    7.75|    5.19|   10.67|  |   1.95|   1.47|   2.51|      0.35|     NA |        NA|  1        |          6|Other AGN
1577|   SWIFT J2004.6-1111|301.1358|-11.2042|    6.85|       2MASX J20043345-1113515|                               |301.1394|-11.2311|   11.01|    8.22|   14.17|  |   2.37|   1.96|   2.84|      1.46|  0.0473|     43.78|  1        |          6|Other AGN
1578|   SWIFT J2007.6+4052|301.9284| 40.5313|    4.55|               [HB89] 2005+403|                               |301.9373| 40.4968|   12.01|    8.42|   15.90|  |   1.31|   0.83|   1.76|      0.67|  1.7360|     47.40|  1        |          7|Beamed AGN
1579|   SWIFT J2008.4+0020|302.0925|  0.3743|    6.81|         1RXS J200830.7+002134|                               |302.1288|  0.3593|   11.66|    8.58|   15.11|  |   2.15|   1.76|   2.62|      1.54|     NA |        NA|  1        |          6|Other AGN
1580|   SWIFT J2008.8+3225|302.2251| 32.4535|    5.05|            SWIFT J2008.8+3225|                               |302.1963| 32.4295|    6.76|    4.92|    8.91|  |   3.16|   2.58|   3.93|      0.56|     NA |        NA|  1        |          0|confused source
1581|   SWIFT J2020.2+2972|305.0759| 29.7315|    5.56|                        3C 410|                               |305.0273| 29.7039|   11.57|    8.51|   14.89|  |   1.79|   1.44|   2.17|      1.30|  0.2485|     45.35|  1        |          4|Sy1.5
1582|   SWIFT J2025.5+3340|306.1081| 33.8121|    7.81|                    B2 2023+33|                               |306.2952| 33.7167|   16.98|   13.50|   20.67|  |   1.52|   1.23|   1.82|      0.29|  0.2190|     45.39|  1        |          7|Beamed AGN
1583|   SWIFT J2033.1+0991|308.2878|  9.8864|    7.28|                            NA|                               |      NA|      NA|   14.42|   11.25|   17.89|  |   1.94|   1.64|   2.27|      1.37|     NA |        NA|  1        |          0|Unknown
1584|   SWIFT J2033.3-2253|308.3187|-22.8985|    7.28|                   PKS 2030-23|                               |308.3192|-22.8881|   13.05|    9.91|   16.52|  |   2.18|   1.82|   2.59|      0.34|  0.1315|     44.79|  1        |          4|Sy1
1585|   SWIFT J2034.4-3036|308.6480|-30.6044|    7.79|                   MC 2031-307|                               |308.6306|-30.6247|   16.73|   13.12|   20.63|  |   1.80|   1.49|   2.12|      1.33|  0.0194|     43.17|  1        |          4|Sy1
1586|   SWIFT J2036.0-0028|308.9983| -0.4460|    4.92|                            NA|                               |      NA|      NA|    8.59|    5.60|   12.08|  |   2.18|   1.65|   2.84|      0.93|     NA |        NA|  1        |          0|Unknown
1587|   SWIFT J2038.1-4006|309.5304|-40.1316|    5.26|                            NA|                               |      NA|      NA|    9.15|    6.16|   12.56|  |   2.13|   1.65|   2.71|      0.58|     NA |        NA|  1        |          0|Unknown
1588|   SWIFT J2041.7-5363|310.3786|-53.6864|    5.90|                ESO 187- G 002|                               |310.3961|-53.6771|    8.37|    5.83|   11.41|  |   2.43|   1.92|   3.07|      0.58|  0.0418|     43.55|  1        |          4|Sy1.5
1589|   SWIFT J2043.8-0958|310.9234|-10.0040|    4.52|       2MASX J20442214-0957356|                               |311.0923| -9.9599|    9.79|    6.44|   13.63|  |   1.89|   1.40|   2.42|      0.69|  0.1419|     44.73|  1        |          6|Other AGN
1590|   SWIFT J2046.6+8325|311.2042| 83.3748|    3.56|                            NA|                               |      NA|      NA|    5.38|    2.79|    8.42|  |   1.83|   1.12|   2.81|      1.05|     NA |        NA|  1        |          0|Unknown
1591|   SWIFT J2047.0+4112|311.8087| 41.2047|    4.15|                            NA|                               |      NA|      NA|    5.28|    3.25|    7.86|  |   2.84|   2.08|   3.99|      1.33|     NA |        NA|  1        |          0|Unknown
1592|   SWIFT J2055.0+3559|313.7588| 35.9731|    6.04|                            NA|                               |      NA|      NA|   10.53|    7.68|   13.68|  |   2.01|   1.62|   2.46|      1.58|     NA |        NA|  1        |          0|Unknown
1593|   SWIFT J2055.4+0228|313.8731|  2.2805|    3.84|                            NA|                               |      NA|      NA|    6.97|    4.40|    9.95|  |   2.48|   1.93|   3.24|      1.19|     NA |        NA|  1        |          0|Unknown
1594|   SWIFT J2056.5-7315|314.0059|-73.2897|    4.32|                            NA|                               |      NA|      NA|    3.89|    2.15|    6.50|  |   3.38|   2.19|   5.99|      0.80|     NA |        NA|  1        |          0|Unknown
1595|   SWIFT J2103.3-2144|315.8273|-21.7033|    4.99|                            NA|                               |      NA|      NA|    7.82|    5.39|   10.71|  |   2.75|   2.21|   3.46|      0.42|     NA |        NA|  1        |          0|Unknown
1596|   SWIFT J2105.1-2106|315.9658|-20.9358|    2.59|                            NA|                               |      NA|      NA|    4.55|    2.12|    7.88|  |   2.64|   1.71|   4.29|      1.42|     NA |        NA|  1        |          0|Unknown
1597|   SWIFT J2106.0+1402|316.5265| 14.1029|    4.49|       2MASX J21055493+1409326|                               |316.4790| 14.1591|    8.90|    5.63|   12.61|  |   1.69|   1.17|   2.23|      1.84|     NA |        NA|  1        |          6|Other AGN
1598|   SWIFT J2107.4+4231|316.8138| 42.5216|    4.67|                            NA|                               |      NA|      NA|    5.62|    3.24|    8.57|  |   2.64|   1.88|   4.03|      1.19|     NA |        NA|  1        |          0|Unknown
1599|   SWIFT J2112.3+1124|318.1214| 11.3544|    5.83|                     UGC 11700|                               |318.1029| 11.4087|   10.76|    7.55|   14.39|  |   1.92|   1.48|   2.41|      0.39|  0.0166|     42.84|  1        |          5|Sy2
1600|   SWIFT J2112.4-4249|318.0703|-42.7953|    4.67|  GALEXASC J211218.07-425638.9|                               |318.0753|-42.9442|    9.34|    6.09|   13.10|  |   1.96|   1.45|   2.57|      0.65|  0.4940|     45.95|  1        |          6|Other AGN
1601|   SWIFT J2117.7-0208|319.3991| -2.1940|    4.26|       2MASX J21174162-0208341|                               |319.4235| -2.1427|    7.55|    4.66|   10.87|  |   2.16|   1.63|   2.83|      1.46|  0.0902|     44.20|  1        |          6|Other AGN
1602|   SWIFT J2123.9+3401|321.0127| 34.0566|    3.85|       2MASX J21240027+3409114|                               |321.0012| 34.1531|    6.53|    4.09|    9.28|  |   2.22|   1.70|   2.93|      2.78|  0.0830|     44.06|  1        |          4|Sy1
1603|   SWIFT J2146.0-3088|326.5562|-30.8670|    5.06|               RX J2146.6-3051|                               |326.6503|-30.8612|    8.95|    6.05|   12.29|  |   2.28|   1.80|   2.87|      0.74|  0.0755|     44.11|  1        |          4|Sy1
1604|   SWIFT J2147.6-5360|326.9214|-53.9601|    5.93|       2MASX J21480531-5359413|                               |327.0222|-53.9948|   11.09|    7.81|   14.74|  |   1.74|   1.32|   2.21|      0.22|  0.0309|     43.40|  1        |          6|Other AGN
1605|   SWIFT J2148.4-7557|326.7783|-75.6136|    6.28|               [HB89] 2142-758|                               |326.8030|-75.6037|   15.63|   12.01|   19.48|  |   1.21|   0.86|   1.55|      0.61|  1.1390|     47.06|  1        |          7|Beamed AGN
1606|   SWIFT J2150.2-1889|327.5238|-18.8960|    7.30|            SWIFT J2150.2-1889|                               |327.5515|-18.8980|   16.93|   12.77|   21.44|  |   1.60|   1.25|   1.98|      0.28|     NA |        NA|  1        |          0|confused source
1607|   SWIFT J2150.9+1402|327.7021| 14.0962|    7.14|                  CGCG 427-028|                               |327.6948| 14.1102|   13.14|    9.96|   16.64|  |   1.95|   1.62|   2.32|      0.53|  0.0303|     43.46|  1        |          5|Sy2
1608|   SWIFT J2157.4-3316|329.4002|-33.2437|    3.86|                            NA|                               |      NA|      NA|    8.34|    4.99|   12.11|  |   1.80|   1.27|   2.42|      0.98|     NA |        NA|  1        |          0|Unknown
1609|   SWIFT J2204.2+6155|331.0280| 61.5537|    4.09|         1RXS J220358.1+613219|                               |330.9921| 61.5386|    4.24|    2.83|    6.03|  |   3.51|   2.68|   4.84|      0.04|     NA |        NA|  1        |         12|star
1610|   SWIFT J2214.1+3854|333.4830| 38.8727|    6.02|       2MASX J22134316+3855191|                               |333.4298| 38.9222|    8.89|    6.19|   11.97|  |   2.07|   1.63|   2.60|      0.16|     NA |        NA|  1        |          6|Other AGN
1611|   SWIFT J2214.7-3848|333.6847|-38.8176|    6.79|                ESO 344- G 016|                               |333.6750|-38.8064|   12.15|    8.97|   15.76|  |   1.89|   1.53|   2.28|      0.90|  0.0397|     43.66|  1        |          4|Sy1.5
1612|   SWIFT J2216.7+3948|334.1231| 39.8128|    4.19|       2MASX J22163290+3951488|                               |334.1370| 39.8635|    8.92|    5.63|   12.62|  |   1.40|   0.86|   1.95|      0.51|     NA |        NA|  1        |          6|Other AGN
1613|   SWIFT J2221.6+5952|335.3756| 59.8436|    4.69|                            NA|                               |      NA|      NA|    7.14|    4.80|    9.81|  |   2.19|   1.71|   2.76|      1.24|     NA |        NA|  1        |          0|Unknown
1614|   SWIFT J2222.7+3981|335.6800| 39.7704|    4.59|                            NA|                               |      NA|      NA|    8.22|    4.89|   11.99|  |   1.57|   0.94|   2.29|      0.67|     NA |        NA|  1        |          0|Unknown
1615|   SWIFT J2232.4+0814|338.1051|  8.2221|    5.61|                       Ark 557|                               |338.1285|  8.2071|   11.92|    8.68|   15.55|  |   1.85|   1.49|   2.26|      1.05|  0.0252|     43.25|  1        |          4|Sy1
1616|   SWIFT J2233.9+1007|338.4869| 10.1779|    5.43|              MG1 J223400+1008|                               |338.4935| 10.1478|   12.24|    8.86|   16.01|  |   1.75|   1.37|   2.16|      0.71|  1.8540|     47.48|  1        |          7|Beamed AGN
1617|   SWIFT J2234.7-8457|338.7662|-84.5700|    6.15|           6df J2234555-843453|                               |338.7311|-84.5812|    9.51|    6.70|   12.68|  |   1.88|   1.44|   2.36|      0.29|     NA |        NA|  1        |          6|Other AGN
1618|   SWIFT J2235.7+0137|338.9121|  1.6239|    6.10|       2MASX J22354193+0139333|                               |338.9246|  1.6593|   10.77|    7.26|   14.76|  |   1.87|   1.37|   2.45|      0.53|  0.0565|     43.93|  1        |          4|Sy1
1619|   SWIFT J2237.3-1924|339.3929|-19.3887|    4.06|       2MASX J22373491-1925343|                               |339.3955|-19.4263|    8.99|    5.20|   13.45|  |   1.59|   0.94|   2.27|      0.69|     NA |        NA|  1        |          6|Other AGN
1620|   SWIFT J2246.7-5208|341.6438|-52.1084|    5.07|                      RBS 1895|                               |341.6754|-52.1113|    6.62|    4.56|    9.06|  |   2.71|   2.17|   3.44|      1.48|  0.1940|     44.86|  1        |          7|Beamed AGN
1621|   SWIFT J2247.6-1150|341.9272|-11.7842|    5.24|                      NGC 7378|                               |341.9488|-11.8166|   13.59|    9.33|   18.27|  |   1.30|   0.83|   1.77|      0.68|  0.0086|     42.36|  1        |          5|Sy2
1622|   SWIFT J2251.2-3118|342.7579|-31.2646|    5.12|                            NA|                               |      NA|      NA|    9.73|    6.19|   13.78|  |   1.76|   1.24|   2.38|      2.13|     NA |        NA|  1        |          0|Unknown
1623|   SWIFT J2254.2+6275|343.5664| 62.7225|    4.93|               IGR J22534+6243|                               |343.4797| 62.7269|    6.20|    4.10|    8.76|  |   2.57|   1.98|   3.39|      0.46|     NA |        NA|  1        |         13|HMXB
1624|   SWIFT J2305.4+0009|346.3307|  0.1181|    5.59|                MCG +00-58-028|                               |346.3285|  0.1895|   10.66|    7.36|   14.38|  |   1.88|   1.45|   2.38|      0.23|  0.0255|     43.21|  1        |          5|Sy2
1625|   SWIFT J2306.3-5147|346.5472|-51.7304|    5.43|       2MASX J23061656-5147462|                               |346.5691|-51.7963|    8.99|    6.16|   12.18|  |   1.83|   1.40|   2.32|      0.62|  0.0959|     44.33|  1        |          6|Other AGN
1626|   SWIFT J2323.8+1142|350.8958| 11.3681|    4.85|                            NA|                               |      NA|      NA|    8.13|    5.41|   11.18|  |   2.14|   1.68|   2.69|      2.35|     NA |        NA|  1        |          0|Unknown
1627|   SWIFT J2328.1+0883|352.0140|  8.8290|    5.28|                      NGC 7674|                               |351.9864|  8.7790|   11.04|    7.77|   14.71|  |   1.80|   1.40|   2.25|      1.28|  0.0289|     43.34|  1        |          5|Sy2
1628|   SWIFT J2330.5-0228|352.6193| -2.4595|    7.69|                MCG -01-59-027|                               |352.6345| -2.4625|   13.33|   10.15|   16.83|  |   2.00|   1.66|   2.38|      0.81|  0.0334|     43.55|  1        |          4|Sy1
1629|   SWIFT J2333.0+0437|353.2329|  4.3786|    5.89|                  LEDA 3092231|                               |353.2771|  4.4051|   10.47|    7.45|   13.94|  |   2.07|   1.65|   2.55|      1.01|     NA |        NA|  1        |          6|Other AGN
1630|   SWIFT J2343.0-5920|355.7239|-59.3160|    5.23|APMUKS(BJ) B233953.42-593202.5|                               |355.6517|-59.2565|    6.13|    4.09|    8.62|  |   2.60|   2.03|   3.36|      0.62|     NA |        NA|  1        |          6|Other AGN
1631|   SWIFT J2344.7-1573|356.1713|-15.7503|    5.91|            SWIFT J2344.7-1573|                               |356.1672|-15.7306|   10.50|    7.23|   14.19|  |   1.83|   1.39|   2.33|      0.41|     NA |        NA|  1        |          0|confused source
1632|   SWIFT J2355.9+2555|359.0090| 25.5214|    5.54|                         VV697|                               |358.9588| 25.5008|   10.82|    7.54|   14.49|  |   1.77|   1.33|   2.28|      1.74|  0.0571|     43.94|  1        |          4|Sy1
1633|   SWIFT J0003.2+2158|  0.7933| 21.9660|    5.38|                       Mrk 334|                               |  0.7900| 21.9603|    9.55|    6.41|   13.12|  |   1.87|   1.40|   2.42|      1.33|      NA|  NA |  4        |          4|Sy1
1634|   SWIFT J0014.8+1835|  3.7116| 18.5842|    5.69|                        NGC 52|                               |  3.6670| 18.5820|    9.00|    5.98|   12.50|  |   1.96|   1.47|   2.55|      0.46|  0.0182|     42.84|  4        |          2|Galaxy in Group of Galaxies
1635|   SWIFT J0017.4+0522|  4.3452|  5.3682|    4.62|                  LEDA 3095405|                               |  4.3447|  5.3532|    6.43|    4.11|    9.15|  |   2.47|   1.94|   3.19|      1.32|  0.1041|     44.26|  0        |          4|Sy1
1636|   SWIFT J0020.3+3347|  5.0713| 33.7821|    4.78|      SDSS J002024.11+334707.6|                               |  5.0996| 33.7853|    7.67|    4.93|   10.82|  |   1.94|   1.42|   2.54|      0.30|  0.0650|     43.91|  0        |          4|Sy1
1637|   SWIFT J0026.6-5819|  6.6466|-58.3208|    5.30|        2SXPS J002541.8-581550|                               |  6.4242|-58.2639|    7.22|    4.77|   10.11|  |   2.08|   1.57|   2.68|      0.89|      NA|  NA |  0        |          0|X-ray source
1638|   SWIFT J0027.5+2843|  6.8794| 28.7243|    4.43|        2SXPS J002735.2+284232|                               |  6.8946| 28.7058|    7.86|    5.09|   11.06|  |   1.94|   1.45|   2.50|      1.50|      NA|  NA |  0        |          6|Other AGN
1639|   SWIFT J0041.0+1002| 10.2500| 10.0286|    5.27|                       3C 18.0|                               | 10.2105| 10.0574|   13.15|    8.98|   17.73|  |   1.15|   0.64|   1.64|      0.35|  0.1880|     45.13|  0        |          5|Sy2
1640|   SWIFT J0042.6+5203| 10.6614| 52.0488|    5.51|                         3C 20|                               | 10.7900| 52.0597|    7.83|    5.09|   11.04|  |   2.07|   1.49|   2.78|      2.45|  0.1740|     44.83|  4        |          5|Sy2
1641|   SWIFT J0045.9+3931| 11.5092| 39.5310|    5.03|                          None|                               |      NA|      NA|   11.95|    8.37|   15.83|  |   1.27|   0.81|   1.74|      0.73|      NA|  NA |  6        |          0|Unknown
1642|   SWIFT J0048.9-5520| 12.2316|-55.3391|    5.31|                   LEDA 410211|                               | 12.2729|-55.3531|    7.15|    4.61|   10.16|  |   2.01|   1.48|   2.63|      1.41|      NA|  NA |  4        |          6|Other AGN
1643|   SWIFT J0050.4+7649| 12.6029| 76.8234|    4.87|       2MASS J00510664+7650359|                               | 12.7776| 76.8433|    6.82|    4.41|    9.69|  |   2.23|   1.65|   2.97|      0.86|      NA|        NA|  0        |          4|Sy1
1644|   SWIFT J0051.6+4419| 12.9120| 44.3167|    5.39|                       UGC 530|                               | 13.0574| 44.3311|   13.87|    9.85|   18.27|  |   0.97|   0.43|   1.46|      0.83|  0.0178|     43.01|  4        |          6|Other AGN
1645|   SWIFT J0051.7-7224| 12.9177|-72.4025|   18.11|                       SMC X-3|                               | 13.0234|-72.4345|   21.12|   19.20|   23.14|  |   2.96|   2.78|   3.16|      1.46|      NA|        NA|  1        |         13|HMXB
1646|   SWIFT J0059.7+3910| 14.9365| 39.1741|    5.69|       2MASX J00594418+3910139|                               | 14.9341| 39.1705|   11.18|    7.93|   14.72|  |   1.53|   1.12|   1.96|      1.15|      NA|        NA|  1        |          2|Galaxy
1647|   SWIFT J0100.4-7142| 15.1039|-71.7013|    4.04|               RX J0059.2-7138|                               | 14.8031|-71.6458|    3.65|    2.58|    4.90|  |   5.24|   3.78|   7.91|      0.31|  0.0005|     39.27|  1        |         13|HMXB
1648|   SWIFT J0101.8+6523| 15.4562| 65.3908|    5.17|        2SXPS J010158.4+652119|                               | 15.4938| 65.3554|    6.76|    4.66|    9.17|  |   2.43|   1.95|   3.05|      0.64|      NA|  NA |  0        |          0|X-ray source
1649|   SWIFT J0105.1-5825| 16.2749|-58.4143|    4.97|                    ESO 113-10|                               | 16.3203|-58.4376|    7.97|    5.29|   10.97|  |   1.74|   1.30|   2.23|      0.96|  0.0260|     43.10|  4        |          4|Sy1
1650|   SWIFT J0106.1+4818| 16.5232| 48.2949|    5.28|         ICRF J010549.9+481903|                               | 16.4580| 48.3176|   11.59|    8.19|   15.30|  |   1.32|   0.89|   1.74|      0.43|      NA|  NA |  0        |          7|Possible Blazar
1651|   SWIFT J0108.5-5831| 17.1223|-58.5184|    5.24|                          None|                               |      NA|      NA|    8.21|    5.58|   11.15|  |   1.79|   1.37|   2.25|      2.02|      NA|  NA |  7        |          0|Unknown
1652|   SWIFT J0110.6-4727| 17.6459|-47.4532|    4.98|                  HE 0108-4743|                               | 17.7904|-47.4597|    6.24|    4.03|    8.91|  |   2.32|   1.76|   3.05|      1.04|  0.0239|     42.92|  0        |          4|Sy1
1653|   SWIFT J0110.9-1616| 17.7268|-16.2703|    4.81|       2MASX J01111430-1615547|                               | 17.8095|-16.2651|    8.01|    5.05|   11.42|  |   1.96|   1.43|   2.59|      0.77|  0.0517|     43.72|  0        |          4|Sy1
1654|   SWIFT J0114.8+0408| 18.7037|  4.1333|    6.22|                          None|                               |      NA|      NA|   10.90|    7.75|   14.43|  |   1.84|   1.44|   2.30|      0.23|      NA|  NA |  7        |          0|Unknown
1655|   SWIFT J0115.2+4649| 18.8076| 46.8212|    4.52|       2MASS J01151736+4646104|                               | 18.8224| 46.7697|    5.79|    3.72|    8.28|  |   2.49|   1.91|   3.26|      0.19|  0.3269|     45.32|  0        |          6|Other AGN
1656|   SWIFT J0115.6-6248| 18.8932|-62.7997|    6.45|       2MASX J01154060-6249246|                               | 18.9189|-62.8235|   11.45|    8.57|   14.59|  |   1.60|   1.27|   1.96|      1.17|  0.0890|     44.37|  1        |          4|Sy1
1657|   SWIFT J0120.6-0828| 20.1378| -8.4659|    4.76|       2MASS J01204752-0826297|                               | 20.1981| -8.4415|    7.46|    4.75|   10.55|  |   2.04|   1.55|   2.64|      1.31|  0.2301|     45.08|  0        |          4|Sy1
1658|   SWIFT J0122.1-0100| 20.5253| -0.9975|    4.86|                      Mrk 1503|                               | 20.4992| -1.0401|    9.19|    6.21|   12.48|  |   1.91|   1.48|   2.40|      1.34|  0.0544|     43.82|  0        |          4|Sy1
1659|   SWIFT J0122.7-7301| 20.7198|-72.9354|    4.77|               IGR J01217-7257|                               | 20.4193|-72.9586|    7.14|    4.63|   10.02|  |   2.02|   1.50|   2.61|      1.01|      NA|  NA |  0        |         13|HMXB
1660|   SWIFT J0137.9+5811| 24.4669| 58.1873|    4.83|             2FHL J0138.2+5811|                               | 24.4603| 58.2365|    6.47|    4.20|    9.19|  |   2.33|   1.76|   3.05|      0.40|      NA|  NA |  0        |          7|Beamed AGN
1661|   SWIFT J0145.0-0234| 26.2582| -2.5739|    5.28|            SWIFT J0145.0-0234|                               |      NA|      NA|    8.85|    5.53|   12.71|  |   1.87|   1.30|   2.56|      0.86|      NA|        NA|  7        |          0|Unknown
1662|   SWIFT J0158.2-8400| 29.5420|-83.9952|    3.79|         SRGA J015639.0-835828|                               | 29.1625|-83.9745|    4.12|    2.79|    5.78|  |   3.78|   2.88|   5.34|      0.57|      NA|  NA |  0        |          0|X-ray source
1663|   SWIFT J0204.9-1702| 31.2261|-17.0272|    5.30|                 QSO B0202-172|                               | 31.2403|-17.0222|    9.79|    6.89|   12.99|  |   1.77|   1.38|   2.21|      2.59|  1.7395|     47.32|  0        |          7|FSRQ
1664|   SWIFT J0207.8+2000| 31.9533| 20.0059|    4.77|      SDSS J020745.69+200150.2|                               | 31.9403| 20.0306|    8.64|    5.54|   12.24|  |   1.95|   1.42|   2.59|      0.23|  0.0738|     44.07|  4        |          2|Galaxy
1665|   SWIFT J0209.8+8413| 32.4392| 84.2135|    5.79|             3PBC J0207.9+8410|                               | 31.8063| 84.1886|   11.50|    8.41|   14.84|  |   1.47|   1.08|   1.87|      0.87|      NA|  NA |  0        |          7|Blazar
1666|   SWIFT J0216.3+2337| 34.0736| 23.6121|    4.77|                          None|                               |      NA|      NA|    6.07|    3.87|    8.80|  |   2.66|   2.04|   3.54|      0.28|      NA|  NA |  7        |          0|Unknown
1667|   SWIFT J0223.2-1743| 35.7944|-17.7105|    4.81|                          None|                               |      NA|      NA|    9.28|    6.23|   12.75|  |   1.72|   1.27|   2.22|      0.83|      NA|  NA |  6        |          0|Unknown
1668|   SWIFT J0224.7-1910| 36.1870|-19.1606|    5.71|                    ESO 545-13|                               | 36.1692|-19.1420|    9.15|    6.46|   12.21|  |   2.04|   1.62|   2.51|      1.17|  0.0340|     43.40|  0        |          4|Sy1
1669|   SWIFT J0231.0-3250| 37.7496|-32.8325|    4.69|        2SXPS J023056.0-325242|                               | 37.7335|-32.8783|    6.67|    4.21|    9.59|  |   2.11|   1.56|   2.79|      0.79|      NA|        NA|  0        |          0|X-ray source
1670|   SWIFT J0238.4+0234| 39.6119|  2.5588|    4.39|       2MASX J02383267+0233496|                               | 39.6361|  2.5636|    6.22|    3.68|    9.31|  |   2.46|   1.83|   3.48|      1.42|  0.2082|     44.91|  4        |          4|Sy1
1671|   SWIFT J0239.0-3050| 39.7557|-30.8359|    5.09|                ESO 416- G 005|                               | 39.6881|-30.8065|    9.33|    6.36|   12.65|  |   1.66|   1.20|   2.14|      0.33|  0.0644|     43.98|  1        |          4|Sy1
1672|   SWIFT J0243.2-0553| 40.8043| -5.8867|    5.43|                          None|                               |      NA|      NA|   10.60|    6.99|   14.72|  |   1.48|   0.96|   2.01|      0.47|  1.8000|     47.39|  4        |          0|Unknown
1673|   SWIFT J0243.7+6126| 40.9233| 61.4326|  196.55|            SWIFT J0243.6+6124|                               | 40.9184| 61.4344|  259.80|  257.44|  262.16|  |   2.46|   2.45|   2.47|    201.99|galactic|  NA |  0        |         10|Pulsar
1674|   SWIFT J0303.2-1213| 45.8018|-12.2164|    5.22|       6dFGS gJ030315.6-121330|                               | 45.8149|-12.2250|    7.42|    4.83|   10.49|  |   2.17|   1.63|   2.82|      0.99|  0.0772|     44.05|  4        |          7|FSRQ
1675|   SWIFT J0310.3-5730| 47.5729|-57.4960|    4.18|                    ESO 116-10|                               | 47.5442|-57.5116|    5.89|    3.65|    8.49|  |   2.14|   1.59|   2.86|      1.03|      NA|  NA |  0        |          6|Other AGN
1676|   SWIFT J0318.1+7225| 49.5367| 72.4205|    4.74|            SWIFT J0319.1+7221|                               |      NA|      NA|    7.18|    4.63|   10.17|  |   2.16|   1.61|   2.86|      0.39|      NA|        NA|  6        |          0|Unknown
1677|   SWIFT J0319.8+0118| 49.9580|  1.2931|    4.20|                  LEDA 1192144|                               | 49.8951|  1.3503|    6.87|    4.27|    9.94|  |   2.31|   1.76|   3.08|      0.77|      NA|  NA |  4        |          6|Other AGN
1678|   SWIFT J0325.7+2222| 51.4174| 22.3741|    4.68|                QSO J0325+2224|                               | 51.4034| 22.4001|    8.09|    5.05|   11.69|  |   2.05|   1.50|   2.71|      1.41|  2.0660|     47.42|  0        |          7|FSRQ
1679|   SWIFT J0332.4+1525| 53.0917| 15.4146|    4.94|                          None|                               |      NA|      NA|   11.54|    7.97|   15.61|  |   1.62|   1.20|   2.06|      1.49|      NA|  NA |  6        |          0|Unknown
1680|   SWIFT J0333.7-0503| 53.4226| -5.0430|    6.83|                        2E 792|                               | 53.3975| -5.2061|   12.69|    9.38|   16.38|  |   1.84|   1.48|   2.24|      0.50|  0.1390|     44.83|  0        |          4|Sy1
1681|   SWIFT J0337.0-0952| 54.2523| -9.8637|    4.63|       6dFGS gJ033703.0-095001|                               | 54.2626| -9.8337|    6.74|    4.16|    9.88|  |   2.27|   1.68|   3.05|      0.58|  0.2800|     45.23|  0        |          4|Sy1
1682|   SWIFT J0339.3-1441| 54.8330|-14.6769|    5.14|                  LEDA 3080475|                               | 54.7780|-14.6113|    9.44|    6.11|   13.24|  |   1.68|   1.16|   2.27|      1.44|  0.0358|     43.46|  4        |          5|Sy2
1683|   SWIFT J0339.9+1036| 54.9755| 10.6001|    5.12|                          None|                               |      NA|      NA|    9.56|    6.28|   13.37|  |   1.92|   1.42|   2.50|      0.56|      NA|  NA |  7        |          0|Unknown
1684|   SWIFT J0342.4+6339| 55.5902| 63.6471|    5.14|       2MASS J03421014+6339335|                               | 55.5423| 63.6593|    9.00|    6.19|   12.19|  |   1.87|   1.42|   2.37|      0.99|  0.1280|     44.60|  0        |          4|Sy1
1685|   SWIFT J0343.1+1860| 55.7710| 18.9983|    5.51|                  LEDA 3095647|                               | 55.7846| 18.9740|    8.03|    5.17|   11.53|  |   2.46|   1.86|   3.30|      0.67|  0.1100|     44.41|  0        |          4|Sy1
1686|   SWIFT J0400.8-5335| 60.1880|-53.5796|    4.66|                          None|                               |      NA|      NA|    5.54|    3.81|    7.62|  |   2.66|   2.16|   3.28|      1.38|      NA|  NA |  6        |          0|Unknown
1687|   SWIFT J0407.9-7913| 61.9764|-79.2235|    6.20|        2SXPS J040848.1-791405|                               | 62.2007|-79.2349|    6.51|    4.92|    8.34|  |   3.13|   2.64|   3.78|      1.29|      NA|  NA |  0        |          0|X-ray source
1688|   SWIFT J0412.7-4713| 63.1783|-47.2230|    4.84|                      RBS 0518|                               | 63.1729|-47.2128|    6.14|    3.87|    8.88|  |   2.21|   1.64|   2.93|      0.17|  0.1320|     44.46|  1        |          4|Sy1
1689|   SWIFT J0425.5+3448| 66.3850| 34.8079|    5.17|       2MASS J04253312+3447195|                               | 66.3880| 34.7887|    9.95|    6.93|   13.34|  |   2.19|   1.76|   2.71|      0.73|  0.0578|     43.91|  4        |          7|FSRQ
1690|   SWIFT J0430.0+4556| 67.5114| 45.9299|    4.87|                   V* V591 Per|                               | 67.5330| 45.9506|    4.98|    3.46|    6.86|  |   4.21|   3.12|   6.06|      0.85|galactic|  NA |  4        |         12|Star
1691|   SWIFT J0430.6-5337| 67.6408|-53.6091|    4.75|                       FRL 303|                               | 67.6668|-53.6155|    6.68|    4.51|    9.21|  |   2.17|   1.73|   2.71|      0.96|  0.0390|     43.39|  0        |          4|Sy1
1692|   SWIFT J0430.7+2809| 67.6802| 28.1578|    5.51|                          None|                               |      NA|      NA|    9.33|    5.52|   13.69|  |   2.22|   1.56|   3.30|      1.71|      NA|  NA |  7        |          0|Unknown
1693|   SWIFT J0435.8+5131| 68.9530| 51.5097|    4.92|                          None|                               |      NA|      NA|    8.30|    5.46|   11.58|  |   2.12|   1.62|   2.72|      0.63|      NA|  NA |  7        |          0|Unknown
1694|   SWIFT J0435.9-3634| 68.9647|-36.5712|    5.27|                  LEDA 3095691|                               | 68.9750|-36.6116|    9.09|    6.25|   12.25|  |   1.67|   1.24|   2.13|      1.18|  0.1398|     44.69|  0        |          4|Sy1
1695|   SWIFT J0438.9-2202| 69.7145|-22.0352|    5.06|                          None|                               |      NA|      NA|    7.09|    4.51|   10.10|  |   2.10|   1.57|   2.75|      0.72|      NA|  NA |  7        |          0|Unknown
1696|   SWIFT J0449.3+6356| 72.3282| 63.9334|    6.31|                          None|                               |      NA|      NA|   14.12|   10.51|   18.05|  |   1.38|   0.98|   1.77|      0.32|      NA|  NA |  6        |          0|Unknown
1697|   SWIFT J0449.5-3911| 72.3689|-39.1866|    4.56|                 QSO B0448-392|                               | 72.4261|-39.1860|    7.35|    4.85|   10.15|  |   1.99|   1.54|   2.55|      0.90|  1.2995|     46.88|  0        |          7|FSRQ
1698|   SWIFT J0454.6+4503| 73.6511| 45.0489|    5.01|                          None|                               |      NA|      NA|    9.76|    6.27|   13.78|  |   1.93|   1.38|   2.59|      0.22|      NA|  NA |  7        |          0|Unknown
1699|   SWIFT J0455.0+5237| 73.7442| 52.6232|    6.48|                    LEDA 16297|                               | 73.6326| 52.6685|   13.05|    9.43|   17.04|  |   1.68|   1.27|   2.13|      1.22|  0.0312|     43.48|  0        |          2|Galaxy
1700|   SWIFT J0455.8-4616| 73.9506|-46.2620|    4.94|                   PKS 0454-46|                               | 73.9616|-46.2663|    7.98|    5.31|   11.03|  |   1.85|   1.39|   2.39|      0.19|  0.8500|     46.46|  1        |          7|FSRQ
1701|   SWIFT J0456.1-2200| 74.0180|-21.9989|    4.98|                       2E 1185|                               | 74.0372|-21.9859|    9.42|    6.48|   12.75|  |   1.78|   1.36|   2.24|      1.58|  0.5340|     46.04|  0        |          4|Sy1
1702|   SWIFT J0508.7+4203| 77.1804| 42.0445|    4.90|       2MASS J05083849+4205217|                               | 77.1604| 42.0894|    7.93|    5.01|   11.44|  |   2.49|   1.86|   3.44|      0.36|      NA|  NA |  0        |          6|Other AGN
1703|   SWIFT J0519.6+1742| 79.9015| 17.7008|    5.13|                 CGCG 469-005 |                               | 79.8567| 17.7086|   14.39|   10.40|   18.81|  |   1.62|   1.24|   2.00|      1.91|  0.0169|     42.98|  4        |          6|Other AGN
1704|   SWIFT J0520.2-6931| 80.0434|-69.5109|    7.51|               RX J0520.5-6932|                               | 80.1288|-69.5319|    7.66|    6.26|    9.23|  |   3.69|   3.18|   4.37|      1.31|      NA|        NA|  1        |         12|Star
1705|   SWIFT J0528.6+6130| 82.1462| 61.5026|    4.85|                          None|                               |      NA|      NA|    8.32|    5.61|   11.46|  |   2.09|   1.61|   2.66|      1.20|      NA|  NA |  7        |          0|Unknown
1706|   SWIFT J0530.0+2155| 82.4981| 21.9166|    4.87|                          None|                               |      NA|      NA|   11.62|    7.80|   15.90|  |   1.95|   1.47|   2.54|      1.09|      NA|  NA |  5        |          0|Unknown
1707|   SWIFT J0533.1+0729| 83.2757|  7.4904|    7.96|                PMN J0532+0732|                               | 83.1625|  7.5454|   14.42|   11.44|   17.71|  |   2.46|   2.14|   2.84|      1.57|  1.2540|     47.13|  1        |          7|FSRQ
1708|   SWIFT J0608.0+3059| 92.0092| 30.9765|    6.80|         1RXS J060801.7+305847|                               | 92.0034| 30.9783|   13.66|   10.46|   17.25|  |   2.09|   1.77|   2.45|      1.46|  0.0730|     44.26|  1        |          4|Sy1
1709|   SWIFT J0609.7-5607| 92.4130|-56.1194|    4.70|       2MASX J06091748-5606584|                               | 92.3228|-56.1162|    6.81|    4.50|    9.43|  |   2.15|   1.65|   2.74|      0.94|  0.0318|     43.21|  0        |          4|Sy1
1710|   SWIFT J0611.7-6626| 92.9201|-66.4385|    6.13|       2MASS J06114834-6624337|                               | 92.9515|-66.4094|    8.00|    5.98|   10.30|  |   2.46|   2.07|   2.91|      1.04|  0.2300|     45.11|  0        |          6|Other AGN
1711|   SWIFT J0613.4-2903| 93.3577|-29.0431|    4.50|       2MASX J06132430-2900233|                               | 93.3512|-29.0063|    8.35|    5.24|   11.86|  |   1.84|   1.32|   2.51|      1.90|  0.0706|     44.02|  0        |          4|Sy1
1712|   SWIFT J0648.8+1518|102.1968| 15.3026|    4.72|               RX J0648.7+1516|                               |102.1985| 15.2736|    8.02|    5.02|   11.73|  |   2.40|   1.78|   3.23|      0.69|  0.1790|     44.87|  0        |          7|Beamed AGN
1713|   SWIFT J0651.1+2503|102.7751| 25.0577|    5.12|                 QSO B0647+250|                               |102.6937| 25.0499|   10.17|    6.80|   14.01|  |   2.02|   1.55|   2.56|      0.73|  0.2030|     45.09|  0        |          7|Beamed AGN
1714|   SWIFT J0707.0-1231|106.7469|-12.5188|    4.77|        2SXPS J070711.0-122757|                               |106.7961|-12.4660|    9.97|    6.71|   13.60|  |   1.81|   1.39|   2.29|      2.19|      NA|  NA |  0        |          0|Gamma-ray source
1715|   SWIFT J0712.1+1539|108.0345| 15.6488|    4.91|       2MASX J07121560+1539306|                               |108.0650| 15.6584|    8.77|    5.53|   12.62|  |   2.15|   1.59|   2.88|      0.38|  0.1627|     44.82|  0        |          7|FSRQ
1716|   SWIFT J0716.8-7105|109.2005|-71.0768|    4.33|         SRGA J071739.0-710349|                               |109.4126|-71.0637|    7.02|    4.53|    9.88|  |   2.03|   1.51|   2.67|      1.29|      NA|  NA |  0        |          0|X-ray source
1717|   SWIFT J0717.0+0029|109.2424|  0.4845|    4.64|       2MASS J07164508+0027498|                               |109.1879|  0.4638|    8.80|    5.79|   12.16|  |   2.09|   1.62|   2.65|      0.47|  0.0519|     43.76|  4        |          7|FSRQ
1718|   SWIFT J0718.3+1834|109.5737| 18.5611|    5.43|                          None|                               |      NA|      NA|    9.49|    5.81|   13.83|  |   1.97|   1.34|   2.74|      1.46|      NA|  NA |  7        |          0|Unknown
1719|   SWIFT J0729.7-6541|112.4254|-65.6903|    5.30|       2MASS J07295707-6543328|                               |112.4878|-65.7258|    6.60|    4.03|    9.72|  |   2.03|   1.40|   2.78|      1.95|  0.0796|     44.03|  0        |          6|Other AGN
1720|   SWIFT J0739.3+0138|114.8326|  1.6322|    4.64|                  QSO B0736+01|                               |114.8251|  1.6179|   11.06|    7.51|   15.05|  |   1.70|   1.27|   2.18|      1.27|  0.1900|     45.07|  0        |          7|FSRQ
1721|   SWIFT J0745.9+1013|116.4757| 10.2192|    5.04|                 QSO B0742+103|                               |116.3877| 10.1869|   11.23|    7.04|   16.00|  |   1.54|   0.93|   2.19|      1.50|  2.6200|     47.81|  0        |          7|FSRQ
1722|   SWIFT J0749.6-8633|117.4046|-86.5447|    5.24|       2MASX J07504720-8632118|                               |117.6971|-86.5367|    7.06|    4.78|    9.59|  |   2.26|   1.80|   2.83|      0.63|  0.1090|     44.35|  0        |          4|Sy1
1723|   SWIFT J0751.0+0322|117.7403|  3.3695|    6.04|       2MASX J07510082+0320401|                               |117.7533|  3.3445|   13.11|    9.62|   17.01|  |   1.75|   1.39|   2.13|      1.82|  0.0990|     44.52|  1        |          4|Sy1
1724|   SWIFT J0804.6-2747|121.1572|-27.7815|    4.89|         ICRF J080451.4-274911|                               |121.2144|-27.8198|    7.91|    5.11|   11.13|  |   2.12|   1.60|   2.76|      0.27|      NA|  NA |  0        |          7|FSRQ
1725|   SWIFT J0805.1-0609|121.2818| -6.1490|    5.11|                          None|                               |      NA|      NA|    8.02|    5.19|   11.40|  |   2.14|   1.62|   2.74|      1.41|      NA|  NA |  7        |          0|Unknown
1726|   SWIFT J0809.0-1028|122.2378|-10.4595|    4.32|                        3C 195|                               |122.2235|-10.4610|    8.69|    5.70|   12.14|  |   1.90|   1.44|   2.41|      1.91|  0.1100|     44.44|  3        |          5|Sy2
1727|   SWIFT J0824.6+2959|126.1576| 29.9847|    5.57|              IRAS F08216+3009|                               |126.1804| 29.9899|    7.16|    5.34|    9.31|  |   3.03|   2.52|   3.66|      0.80|  0.0254|     43.04|  4        |          5|Sy2
1728|   SWIFT J0826.9-6405|126.7360|-64.0829|    5.19|             4FGL J0826.4-6404|                               |126.6161|-64.0709|    6.38|    4.19|    8.95|  |   2.35|   1.83|   3.02|      0.77|  0.2400|     45.06|  0        |          7|Beamed AGN
1729|   SWIFT J0849.1-5549|132.2733|-55.8099|    4.79|                       RKK 527|                               |132.3127|-55.7689|    7.60|    4.53|   11.10|  |   1.88|   1.27|   2.67|      1.14|  0.0658|     43.91|  1        |          4|Sy1
1730|   SWIFT J0857.7-2513|134.4186|-25.2148|    4.10|         2RXS J085750.9-251218|                               |134.4640|-25.2084|    6.18|    4.09|    8.57|  |   2.71|   2.18|   3.45|      0.97|      NA|  NA |  0        |          0|X-ray source
1731|   SWIFT J0911.9-6454|137.9670|-64.8974|   16.53|            SWIFT J0911.9-6452|                               |138.0101|-64.8684|   22.18|   19.88|   24.57|  |   2.42|   2.26|   2.59|      2.06|      NA|        NA|  1        |         10|Pulsar
1732|   SWIFT J0922.3-5942|140.5747|-59.7037|    4.92|                          None|                               |      NA|      NA|    8.19|    5.52|   11.23|  |   1.98|   1.51|   2.53|      0.40|      NA|  NA |  7        |          0|Unknown
1733|   SWIFT J0939.9-2523|144.9753|-25.3759|    4.89|                          None|                               |      NA|      NA|   10.49|    7.08|   14.32|  |   1.61|   1.16|   2.07|      1.47|      NA|  NA |  6        |          0|Unknown
1734|   SWIFT J0944.6-2636|146.1608|-26.6006|    5.26|       2MASX J09443702-2633554|                               |146.1542|-26.5654|    7.09|    4.32|   10.59|  |   2.44|   1.76|   3.44|      1.09|  0.1425|     44.60|  1        |          4|Sy1
1735|   SWIFT J0949.0+0024|147.2383|  0.4057|    7.02|             3FGL J0948.8+0021|                               |147.2388|  0.3738|   19.51|   15.29|   23.96|  |   1.11|   0.79|   1.43|      1.33|  0.5838|     46.45|  0        |          4|Sy1
1736|   SWIFT J0954.3-3417|148.5779|-34.2853|    5.15|                          None|                               |      NA|      NA|    9.12|    5.90|   12.89|  |   1.94|   1.41|   2.57|      0.74|      NA|  NA |  7        |          0|Unknown
1737|   SWIFT J0957.5-1352|149.3660|-13.8603|    5.53|         ICRF J095718.1-135001|                               |149.3258|-13.8337|    9.57|    6.04|   13.61|  |   1.98|   1.41|   2.72|      0.92|  1.3230|     47.01|  4        |          7|FSRQ
1738|   SWIFT J0958.6-0050|149.6432| -0.8338|    5.04|                          None|                               |      NA|      NA|   10.77|    7.26|   14.73|  |   1.66|   1.19|   2.18|      0.47|      NA|  NA |  7        |          0|Unknown
1739|   SWIFT J1002.7-0028|150.6822| -0.4616|    4.93|             2dFGRS TGN286Z100|                               |150.7296| -0.4139|    8.98|    6.15|   12.14|  |   2.12|   1.69|   2.65|      0.69|  0.1227|     44.56|  0        |          4|Sy1
1740|   SWIFT J1008.0+3727|151.9911| 37.4514|    4.13|       2MASX J10081910+3729039|                               |152.0796| 37.4843|    5.58|    3.25|    8.40|  |   2.17|   1.54|   3.02|      0.35|  0.0524|     43.57|  1        |          4|Sy1
1741|   SWIFT J1010.0-5655|152.5038|-56.9123|    5.73|               IGR J10101-5654|                               |152.5495|-56.9256|    9.80|    7.06|   12.86|  |   1.98|   1.58|   2.44|      1.57|      NA|        NA|  1        |         13|HMXB
1742|   SWIFT J1012.9-2645|153.2256|-26.7438|    6.07|       2MASX J10124822-2644309|                               |153.2009|-26.7420|   12.22|    8.70|   16.12|  |   1.73|   1.32|   2.17|      0.83|  0.0445|     43.77|  4        |          4|Sy1
1743|   SWIFT J1019.4-0320|154.8496| -3.3289|    4.40|                      Mrk 1253|                               |154.8870| -3.3374|    7.97|    5.24|   11.01|  |   2.19|   1.73|   2.78|      1.07|  0.0490|     43.67|  0        |          4|Sy1
1744|   SWIFT J1023.8+0041|155.9599|  0.6787|    5.55|                PSR J1023+0038|                               |155.9487|  0.6447|    9.96|    6.58|   13.80|  |   1.88|   1.38|   2.47|      0.54|  0.0003|     39.34|  0        |         14|LMXB
1745|   SWIFT J1026.3+4536|156.5859| 45.5992|    5.65|                          None|                               |      NA|      NA|   10.75|    7.52|   14.28|  |   1.26|   0.79|   1.72|      0.26|      NA|  NA |  7        |          0|Unknown
1746|   SWIFT J1029.6+1410|157.3883| 14.1680|    5.72|       2MASX J10292574+1408240|                               |157.3573| 14.1398|    9.04|    6.05|   12.51|  |   1.88|   1.39|   2.45|      1.03|  0.0609|     43.92|  0        |          4|Sy1
1747|   SWIFT J1030.9+3103|157.7317| 31.0519|    5.13|                    B2 1028+31|                               |157.7462| 31.0488|    7.41|    5.01|   10.07|  |   2.01|   1.58|   2.52|      1.58|  0.1782|     44.83|  0        |          7|Beamed AGN
1748|   SWIFT J1041.2+0611|160.3039|  6.1900|    5.88|                      4C 06.41|                               |160.3215|  6.1714|   12.86|    9.14|   16.94|  |   1.44|   1.03|   1.86|      0.48|  1.2700|     47.10|  0        |          7|FSRQ
1749|   SWIFT J1050.2-2825|162.5508|-28.4099|    5.67|               IRAS 10479-2808|                               |162.5732|-28.3985|    8.90|    6.02|   12.22|  |   2.20|   1.72|   2.79|      0.32|  0.1910|     44.98|  1        |          4|Sy1
1750|   SWIFT J1051.7+3358|162.9282| 33.9610|    4.90|                   PG 1048+342|                               |162.9329| 33.9907|    6.00|    3.88|    8.48|  |   2.34|   1.80|   3.06|      0.60|  0.1671|     44.68|  1        |          4|Sy1
1751|   SWIFT J1101.7-6104|165.4333|-61.0650|    4.87|         2XMM J110147.1-610124|                               |165.4457|-61.0239|    8.65|    5.72|   11.98|  |   1.88|   1.38|   2.46|      0.70|      NA|  NA |  0        |          0|X-ray source
1752|   SWIFT J1106.6-0546|166.6575| -5.7645|    4.61|                 MCG-01-28-026|                               |166.7382| -5.6053|    6.96|    4.41|   10.00|  |   2.41|   1.85|   3.18|      0.60|  0.0377|     43.37|  4        |          5|Sy2
1753|   SWIFT J1109.6-6500|167.4006|-65.0056|    4.61|               IGR J11098-6457|                               |167.3600|-65.0400|   10.84|    7.42|   14.56|  |   1.36|   0.91|   1.82|      0.80|      NA|        NA|  1        |          0|Gamma-ray source
1754|   SWIFT J1112.6-3627|168.1398|-36.4548|    4.86|                    ESO 377-24|                               |168.1390|-36.4252|    9.09|    5.87|   12.79|  |   1.92|   1.39|   2.54|      0.55|  0.0098|     42.30|  4        |          4|Sy1
1755|   SWIFT J1119.1+5804|169.7766| 58.0630|    5.83|                      Z 291-51|                               |169.7404| 58.0566|    8.56|    5.92|   11.51|  |   1.67|   1.22|   2.16|      1.32|  0.0278|     43.19|  0        |          4|Sy1
1756|   SWIFT J1128.3+5834|172.0649| 58.5672|    5.32|                          None|                               |      NA|      NA|    7.07|    4.86|    9.55|  |   1.97|   1.54|   2.46|      0.95|      NA|  NA |  7        |          0|Unknown
1757|   SWIFT J1129.2-0612|172.3031| -6.1949|    5.63|             2dFGRS TGN052Z152|                               |172.2837| -6.2119|    9.84|    6.64|   13.47|  |   1.87|   1.42|   2.40|      1.04|  0.0304|     43.33|  4        |          2|Galaxy
1758|   SWIFT J1131.0+2615|172.7380| 26.2578|    5.08|                          None|                               |      NA|      NA|    5.96|    3.70|    8.65|  |   2.27|   1.67|   3.11|      1.86|      NA|  NA |  7        |          0|Unknown
1759|   SWIFT J1137.1+6122|174.2633| 61.3665|    4.89|        7C 113440.70+613604.00|                               |174.3390| 61.3336|    7.08|    4.66|    9.85|  |   1.74|   1.26|   2.27|      0.39|  0.1111|     44.36|  2        |          5|Sy2
1760|   SWIFT J1138.2-4913|174.5501|-49.2113|    4.66|                    ESO 216-24|                               |174.4355|-49.1771|    7.72|    5.09|   10.71|  |   2.28|   1.78|   2.93|      1.65|  0.0174|     42.73|  4        |          4|Sy1
1761|   SWIFT J1139.9+6553|174.9726| 65.8767|    4.71|            SWIFT J1139.9+6550|                               |      NA|      NA|    4.73|    2.95|    6.91|  |   2.49|   1.88|   3.32|      0.83|      NA|        NA|  7        |          0|Unknown
1762|   SWIFT J1140.8+3612|175.2035| 36.2038|    6.59|              PBC J1140.8+3611|                               |175.2280| 36.1653|    9.98|    7.29|   12.96|  |   1.69|   1.32|   2.09|      0.33|      NA|  NA |  0        |          0|X-ray source
1763|   SWIFT J1141.5-6412|175.3862|-64.2060|    5.80|                     V1033 Cen|                               |175.3452|-64.1707|    6.43|    4.79|    8.35|  |   3.50|   2.85|   4.41|      0.40|galactic|  NA |  4        |          9|CV
1764|   SWIFT J1146.2+4615|176.5587| 46.2472|    4.94|      SDSS J114559.54+461309.1|                               |176.4981| 46.2192|    5.89|    3.88|    8.30|  |   2.31|   1.78|   3.00|      1.25|  0.1540|     44.59|  1        |          4|Sy1
1765|   SWIFT J1147.3+3501|176.8132| 35.0166|    6.33|                  7C 1144+3517|                               |176.8422| 35.0188|   10.19|    7.32|   13.35|  |   1.65|   1.24|   2.09|      1.31|  0.0629|     44.00|  0        |          7|Beamed AGN
1766|   SWIFT J1147.5+0800|176.8773|  8.0033|    4.22|            SWIFT J1147.4+0759|                               |      NA|      NA|    6.99|    4.40|    9.99|  |   2.05|   1.54|   2.66|      2.13|      NA|        NA|  7        |          0|Unknown
1767|   SWIFT J1217.9+7049|184.4794| 70.8170|    5.54|                      NGC 4250|                               |184.3593| 70.8025|    8.76|    6.00|   11.80|  |   1.61|   1.17|   2.08|      1.47|  0.0072|     42.01|  1        |          2|Galaxy
1768|   SWIFT J1221.5-1109|185.3823|-11.1429|    4.48|                          None|                               |      NA|      NA|    6.51|    4.06|    9.56|  |   2.66|   2.01|   3.63|      0.23|      NA|  NA |  7        |          0|Unknown
1769|   SWIFT J1230.8+4713|187.6973| 47.2157|    5.22|                          None|                               |      NA|      NA|    6.92|    4.59|    9.57|  |   1.81|   1.32|   2.34|      0.50|      NA|  NA |  7        |          0|Unknown
1770|   SWIFT J1232.1-0750|188.0171| -7.8343|    5.16|        2SXPS J123157.5-074718|                               |187.9899| -7.7885|    9.83|    6.48|   13.69|  |   1.85|   1.37|   2.41|      0.28|      NA|  NA |  0        |          0|X-ray source
1771|   SWIFT J1233.9-2058|188.4693|-20.9715|    4.60|       2MASX J12335145-2103448|                               |188.4643|-21.0625|    6.72|    4.35|    9.62|  |   2.62|   2.03|   3.37|      1.79|  0.0233|     42.93|  1        |          4|Sy1
1772|   SWIFT J1237.6-0339|189.3881| -3.6564|    4.78|       2MASX J12373992-0335167|                               |189.4162| -3.5879|    7.65|    4.97|   10.82|  |   2.21|   1.68|   2.85|      1.00|  0.0239|     43.01|  0        |          2|Galaxy
1773|   SWIFT J1243.1-2943|190.7820|-29.7116|    3.82|               [HB89] 1240-294|                               |190.7944|-29.7229|    7.08|    4.22|   10.42|  |   2.25|   1.67|   3.04|      1.28|  1.1350|     46.72|  1        |          7|FSRQ
1774|   SWIFT J1256.4+5654|194.1102| 56.8922|    5.07|                       Mrk 231|                               |194.0593| 56.8737|    7.77|    5.18|   10.70|  |   1.63|   1.14|   2.16|      0.33|  0.4147|     45.69|  4        |          4|Sy1
1775|   SWIFT J1258.7+7625|194.6874| 76.4146|    4.38|       2MASX J12583504+7623183|                               |194.6460| 76.3884|    5.53|    3.47|    7.99|  |   2.29|   1.74|   3.03|      0.40|  0.0640|     43.75|  4        |          5|Sy2
1776|   SWIFT J1309.5-0514|197.3669| -5.2293|    4.63|                          None|                               |      NA|      NA|    8.68|    5.68|   12.13|  |   1.98|   1.47|   2.55|      1.46|      NA|  NA |  7        |          0|Unknown
1777|   SWIFT J1315.7+2125|198.9173| 21.4131|    5.30|               RX J1315.9+2125|                               |198.9798| 21.4226|    6.73|    4.58|    9.27|  |   2.37|   1.88|   3.00|      0.85|  0.0884|     44.13|  0        |          4|Sy1
1778|   SWIFT J1320.1-1707|200.0172|-17.1160|    6.07|                 MCG-03-34-049|                               |200.0258|-17.1186|   14.08|    9.97|   18.61|  |   1.56|   1.12|   2.02|      0.33|  0.0227|     43.23|  0        |          7|Beamed AGN
1779|   SWIFT J1321.2+4240|200.2938| 42.6663|    5.08|                        3C 285|                               |200.3242| 42.5876|    8.41|    5.67|   11.50|  |   1.60|   1.13|   2.11|      0.46|  0.0794|     44.13|  1        |          5|Sy2
1780|   SWIFT J1329.7-1052|202.4309|-10.8725|    6.46|                          None|                               |      NA|      NA|   14.03|   10.53|   17.94|  |   1.77|   1.42|   2.12|      1.52|      NA|  NA |  6        |          0|Unknown
1781|   SWIFT J1331.4-5456|202.8514|-54.9341|    4.37|                        BV Cen|                               |202.8313|-54.9760|    6.17|    4.25|    8.44|  |   3.08|   2.45|   3.95|      0.79|galactic|  NA |  0        |          9|CV
1782|   SWIFT J1334.8+1352|203.7014| 13.8595|    5.76|                      NGC 5221|                               |203.7329| 13.8325|   11.84|    8.38|   15.59|  |   1.36|   0.93|   1.80|      1.05|      NA|  NA |  4        |          2|Interacting Galaxies
1783|   SWIFT J1350.3-2647|207.5737|-26.7770|    4.74|                          None|                               |      NA|      NA|    7.78|    4.81|   11.28|  |   2.31|   1.71|   3.18|      1.91|      NA|  NA |  7        |          0|Unknown
1784|   SWIFT J1355.7-2921|208.9145|-29.3578|    5.18|                          None|                               |      NA|      NA|   10.17|    6.58|   14.26|  |   1.88|   1.33|   2.53|      0.41|      NA|  NA |  7        |          0|Unknown
1785|   SWIFT J1355.7+2515|208.9311| 25.2546|    5.13|       2MASS J13562557+2515238|                               |209.1065| 25.2566|    7.24|    4.88|   10.00|  |   2.14|   1.66|   2.73|      0.53|  0.1640|     44.74|  0        |          4|Sy1
1786|   SWIFT J1358.1-6443|209.5214|-64.7207|   43.91|                    GS 1354-64|                               |209.5404|-64.7349|   77.27|   74.20|   80.40|  |   1.99|   1.93|   2.05|      1.28|galactic|  NA |  0        |         13|HMXB
1787|   SWIFT J1420.2-0919|215.0496| -9.3131|    4.98|       2MASX J14200630-0923135|                               |215.0262| -9.3870|   11.97|    8.17|   16.24|  |   1.71|   1.23|   2.25|      1.16|  0.0440|     43.75|  0        |          4|Sy1
1788|   SWIFT J1423.2-0919|215.7955| -9.3159|    4.79|       2MASX J14231031-0917036|                               |215.7930| -9.2843|    8.28|    5.71|   11.24|  |   2.56|   2.03|   3.26|      0.61|  0.1164|     44.48|  0        |          4|Sy1
1789|   SWIFT J1445.2-2350|221.2910|-23.8323|    6.09|                    ESO 512-20|                               |221.2372|-23.7944|   13.71|   10.14|   17.66|  |   1.91|   1.52|   2.34|      0.76|  0.0112|     42.60|  4        |          4|Sy1
1790|   SWIFT J1449.1-0638|222.2829| -6.6397|    4.93|       2MASX J14492335-0638492|                               |222.3472| -6.6471|    9.67|    6.58|   13.22|  |   2.14|   1.65|   2.72|      0.79|  0.0850|     44.25|  0        |          2|Galaxy
1791|   SWIFT J1449.2+3215|222.2988| 32.2490|    4.59|       2MASX J14492441+3218159|                               |222.3518| 32.3045|    7.94|    5.42|   10.78|  |   1.80|   1.38|   2.24|      1.56|  0.0580|     43.82|  0        |          6|Other AGN
1792|   SWIFT J1452.0+2925|222.9905| 29.4215|    5.00|            SWIFT J1452.1+2923|                               |      NA|      NA|    6.64|    4.40|    9.31|  |   2.30|   1.76|   2.97|      0.46|      NA|        NA|  7        |          0|Unknown
1793|   SWIFT J1505.3+4422|226.3343| 44.3748|    5.29|                          None|                               |      NA|      NA|    8.06|    5.65|   10.79|  |   1.88|   1.46|   2.35|      0.57|      NA|  NA |  7        |          0|Unknown
1794|   SWIFT J1507.5+5128|226.8674| 51.4610|    5.28|                       Mrk 845|                               |226.9375| 51.4529|    8.51|    5.89|   11.41|  |   1.69|   1.26|   2.16|      1.18|  0.0459|     43.64|  0        |          4|Sy1
1795|   SWIFT J1514.2+7147|228.5618| 71.7835|    5.26|                          None|                               |      NA|      NA|    5.77|    3.63|    8.35|  |   2.32|   1.71|   3.13|      1.41|      NA|  NA |  7        |          0|Unknown
1796|   SWIFT J1516.1+5524|229.0264| 55.3934|    5.21|     [VV2006] J151518.1+551536|                               |228.8263| 55.2598|    9.55|    6.60|   12.81|  |   1.38|   0.93|   1.83|      1.40|  0.5133|     46.00|  4        |          7|FSRQ
1797|   SWIFT J1517.8-2422|229.4489|-24.3639|    8.63|                        AP Lib|                               |229.4242|-24.3721|   19.48|   16.00|   23.21|  |   1.82|   1.56|   2.10|      1.39|  0.0490|     44.06|  1        |          7|Beamed AGN
1798|   SWIFT J1520.2-0432|230.0411| -4.5301|    4.42|        2SXPS J152015.1-043553|                               |230.0630| -4.5981|    8.35|    5.62|   11.56|  |   2.47|   1.89|   3.18|      0.35|      NA|  NA |  0        |          2|Galaxy
1799|   SWIFT J1526.1+4142|231.5228| 41.6936|    5.38|                      NGC 5929|                               |231.5256| 41.6707|    8.02|    5.49|   10.88|  |   1.86|   1.42|   2.36|      0.22|  0.0085|     42.12|  4        |          4|Sy1
1800|   SWIFT J1529.2+5617|232.2987| 56.2802|    4.57|                  LEDA 2531253|                               |232.2811| 56.2685|    5.06|    3.37|    7.11|  |   2.75|   2.16|   3.57|      0.22|  0.0998|     44.12|  0        |          4|Sy1
1801|   SWIFT J1530.4-3838|232.5903|-38.6396|    5.45|                     ESO 329-7|                               |232.5348|-38.6511|   15.01|   11.14|   19.19|  |   1.41|   1.01|   1.81|      0.87|  0.0155|     42.92|  0        |          2|Galaxy
1802|   SWIFT J1535.4-5714|233.8428|-57.2291|  212.12|                MAXI J1535-571|                               |233.8322|-57.2300|  304.43|  301.98|  306.90|  |   2.62|   2.60|   2.63|     23.57|      NA|        NA|  1        |         15|XRB
1803|   SWIFT J1543.8+0939|235.9490|  9.6553|    4.95|                          None|                               |      NA|      NA|    8.61|    5.85|   11.75|  |   2.24|   1.74|   2.87|      0.95|      NA|  NA |  7        |          0|Unknown
1804|   SWIFT J1549.1-5204|237.2832|-52.0602|    5.15|                          None|                               |      NA|      NA|   10.19|    6.93|   13.91|  |   1.82|   1.27|   2.42|      2.05|      NA|  NA |  7        |          0|Unknown
1805|   SWIFT J1549.7+1226|237.4279| 12.4331|    4.57|                       Mrk 861|                               |237.4456| 12.3993|    7.92|    5.33|   10.79|  |   2.32|   1.83|   2.94|      1.58|  0.0147|     42.60|  2        |          8|LINER
1806|   SWIFT J1550.8+5332|237.7121| 53.5366|    4.81|                          None|                               |      NA|      NA|    8.96|    5.95|   12.29|  |   1.51|   1.01|   2.05|      1.03|      NA|  NA |  7        |          0|Unknown
1807|   SWIFT J1554.1-6140|238.5335|-61.6702|    6.34|               IGR J15539-6142|                               |238.3974|-61.6831|   14.62|   11.53|   17.96|  |   1.74|   1.43|   2.05|      1.45|  0.0150|     42.88|  1        |          5|Sy2
1808|   SWIFT J1554.2+3238|238.5609| 32.6258|    4.53|       2MASX J15541741+3238381|                               |238.5726| 32.6438|    6.40|    4.25|    8.87|  |   2.47|   1.94|   3.16|      0.59|  0.0483|     43.56|  0        |          4|Sy1
1809|   SWIFT J1555.4-6224|238.8622|-62.4028|    4.61|                      WKK 5474|                               |      NA|      NA|    6.76|    4.56|    9.30|  |   2.62|   2.04|   3.39|      0.56|      NA|        NA|  6        |          0|Unknown
1810|   SWIFT J1555.8+1107|238.9476| 11.1207|    8.43|                 QSO B1553+113|                               |238.9293| 11.1901|   15.29|   12.19|   18.65|  |   2.11|   1.79|   2.47|      0.27|  0.3600|     45.84|  1        |          7|Beamed AGN
1811|   SWIFT J1558.9+3504|239.7276| 35.0728|    5.28|                       Mrk 493|                               |239.7901| 35.0299|    7.23|    4.94|    9.93|  |   2.39|   1.87|   3.08|      0.54|  0.0310|     43.22|  0        |          4|Sy1
1812|   SWIFT J1559.0-7340|239.7618|-73.6691|    5.12|        2SXPS J155901.9-733748|                               |239.7579|-73.6302|    7.92|    5.28|   10.93|  |   2.03|   1.54|   2.57|      3.16|      NA|  NA |  0        |          0|X-ray source
1813|   SWIFT J1622.0+5430|245.4870| 54.4905|    4.55|       2MASX J16214504+5427241|                               |245.4379| 54.4566|    6.85|    4.41|    9.71|  |   2.03|   1.50|   2.67|      0.35|  0.0520|     43.66|  0        |          4|Sy1
1814|   SWIFT J1635.6+3809|248.8900| 38.1575|    5.36|                      4C 38.41|                               |248.8146| 38.1346|   11.35|    8.16|   14.83|  |   1.46|   1.05|   1.88|      0.68|  1.8140|     47.42|  4        |          7|FSRQ
1815|   SWIFT J1643.9+5739|250.9684| 57.6568|   15.76|        Swift J164449.3+573451|                               |251.2050| 57.5811|   38.25|   33.83|   42.96|  |   0.74|   0.48|   0.97|     12.59|  0.3530|     46.22|  1        |         16|Tidal disruption event
1816|   SWIFT J1646.1-2326|251.4578|-23.4236|    6.16|                          None|                               |      NA|      NA|   14.22|   10.94|   17.74|  |   1.74|   1.37|   2.12|      0.58|      NA|  NA |  6        |          0|Unknown
1817|   SWIFT J1651.5+5327|252.8866| 53.4463|    5.77|       2MASX J16514376+5325400|                               |252.9322| 53.4277|   10.18|    7.32|   13.35|  |   1.70|   1.29|   2.12|      0.92|  0.0287|     43.30|  4        |          2|Galaxy
1818|   SWIFT J1656.0+2117|253.9943| 21.2825|    5.29|       2MASX J16560158+2112409|                               |254.0067| 21.2114|    9.61|    6.32|   13.39|  |   1.80|   1.25|   2.42|      0.83|  0.0492|     43.75|  0        |          4|Sy1
1819|   SWIFT J1700.2-7241|255.0595|-72.6890|    6.72|       2MASX J17002543-7240451|                               |255.1058|-72.6792|   12.87|    9.79|   16.19|  |   1.73|   1.40|   2.09|      2.29|  0.1047|     44.57|  1        |          6|Other AGN
1820|   SWIFT J1702.0-2958|255.4993|-29.9709|    6.75|                    H 1658-298|                               |255.5273|-29.9456|   10.11|    8.14|   12.23|  |   3.35|   2.85|   3.94|      0.72|galactic|  NA |  0        |         14|LMXB
1821|   SWIFT J1714.4-3402|258.6023|-34.0316|    3.61|                    4U 1711-34|                               |258.5824|-34.0465|   10.10|    7.04|   13.45|  |   2.09|   1.46|   2.83|      1.72|galactic|  NA |  0        |         14|LMXB
1822|   SWIFT J1719.6-2501|259.8966|-25.0121|  209.23|               Granat 1716-249|                               |259.9038|-25.0178|  529.36|  526.05|  532.67|  |   1.83|   1.82|   1.84|     66.70|      NA|        NA|  1        |         14|LMXB
1823|   SWIFT J1732.9-2731|263.2257|-27.5135|    5.35|               IGR J17329-2731|                               |263.2274|-27.5307|   12.58|    9.89|   15.44|  |   2.59|   2.15|   3.09|      0.76|galactic|  NA |  0        |         15|XRB
1824|   SWIFT J1742.9+1842|265.7175| 18.7007|    5.18|         1RXS J174241.6+184125|                               |265.6733| 18.6904|    5.43|    3.73|    7.57|  |   3.48|   2.64|   4.78|      0.39|      NA|        NA|  1        |          0|X-ray source
1825|   SWIFT J1749.0-2024|267.2613|-20.4018|    8.06|                    H 1745-203|                               |267.2225|-20.3619|   21.33|   18.64|   24.13|  |   2.32|   2.09|   2.56|      1.55|      NA|        NA|  1        |         14|LMXB
1826|   SWIFT J1754.6+7507|268.6446| 75.1084|    5.09|                          None|                               |      NA|      NA|    8.69|    5.98|   11.73|  |   1.67|   1.23|   2.13|      2.53|      NA|  NA |  7        |          0|Unknown
1827|   SWIFT J1757.8+0427|269.4516|  4.4486|    5.95|                          None|                               |      NA|      NA|    8.47|    6.73|   10.36|  |   3.44|   2.94|   4.06|      0.86|      NA|  NA |  6        |          0|Unknown
1828|   SWIFT J1759.8-4138|269.6399|-41.7229|    3.84|                          None|                               |      NA|      NA|    4.29|    2.88|    5.86|  |   4.30|   3.20|   5.95|      1.02|      NA|  NA |  5        |          0|Unknown
1829|   SWIFT J1804.1-3421|271.0362|-34.3550|   36.10|         1RXS J180408.9-342058|                               |271.0349|-34.3477|   70.50|   67.82|   73.22|  |   2.35|   2.28|   2.41|      4.45|galactic|  NA |  0        |         14|LMXB
1830|   SWIFT J1804.5-1834|271.1354|-18.5662|    4.13|                          None|                               |      NA|      NA|   11.20|    8.68|   13.89|  |   2.54|   2.07|   3.07|      0.69|      NA|  NA |  5        |          0|Unknown
1831|   SWIFT J1818.9-1702|274.7373|-17.0302|    3.59|              SAX J1818.6-1703|                               |274.6579|-17.0467|   13.19|   10.67|   15.78|  |   2.60|   2.25|   3.00|      2.80|      NA|        NA|  1        |         13|HMXB
1832|   SWIFT J1819.5-6344|274.8691|-63.7368|    5.63|                   PKS 1814-63|                               |274.8958|-63.7634|   13.79|   10.32|   17.52|  |   1.41|   1.04|   1.79|      0.82|  0.0627|     44.13|  0        |          5|Sy2
1833|   SWIFT J1824.4-2442|276.1105|-24.6978|    4.85|               IGR J18245-2452|                               |276.1354|-24.8688|      NA|    3.63|   17.34|  |     NA|  -2.70|  -1.88|        NA|      NA|        NA|  1        |         14|LMXB
1834|   SWIFT J1825.0-3241|276.2382|-32.6794|    5.64|               IGR J18249-3243|                               |276.2329|-32.7158|   12.31|    9.15|   15.78|  |   1.83|   1.40|   2.29|      0.43|  0.3550|     45.73|  1        |          4|Sy1
1835|   SWIFT J1825.7-1037|276.4194|-10.6203|    5.45|               IGR J18256-1035|                               |276.4337|-10.5850|   10.36|    7.67|   13.35|  |   2.34|   1.88|   2.89|      0.19|      NA|        NA|  1        |         13|HMXB
1836|   SWIFT J1828.6-0232|277.1378| -2.5314|    4.38|        2SXPS J182831.0-022907|                               |277.1293| -2.4855|    6.99|    4.98|    9.21|  |   3.00|   2.44|   3.72|      0.91|      NA|  NA |  0        |          0|X-ray source
1837|   SWIFT J1828.6+5020|277.1504| 50.3356|    6.31|                 MCG+08-33-046|                               |277.2003| 50.3724|    9.87|    6.96|   13.12|  |   1.84|   1.39|   2.35|      0.62|  0.0164|     42.79|  0        |          5|Sy2
1838|   SWIFT J1829.3-5814|277.3345|-58.2291|    5.03|       2MASS J18291242-5813554|                               |277.3017|-58.2320|   10.17|    7.22|   13.44|  |   1.87|   1.45|   2.35|      0.55|  1.5310|     47.20|  0        |          7|FSRQ
1839|   SWIFT J1831.8-3337|277.9401|-33.6217|    4.46|       2MASX J18311470-3336085|                               |277.8114|-33.6024|    8.41|    5.97|   11.11|  |   2.41|   1.92|   3.00|      1.16|  0.0655|     43.95|  3        |          5|Sy2
1840|   SWIFT J1833.2+3403|278.3064| 34.0575|    6.41|                          None|                               |      NA|      NA|   12.83|    9.64|   16.26|  |   1.60|   1.24|   1.97|      0.53|      NA|  NA |  6        |          0|Unknown
1841|   SWIFT J1838.3-0926|279.5745| -9.4345|    4.95|         1RXS J183818.3-092547|                               |279.5762| -9.4299|    8.89|    6.37|   11.69|  |   2.35|   1.91|   2.86|      1.48|  0.1280|     44.60|  0        |          0|X-ray source
1842|   SWIFT J1853.3+2750|283.3157| 27.8366|    5.17|       2MASX J18530389+2750275|                               |283.2661| 27.8411|    8.20|    5.45|   11.34|  |   2.03|   1.52|   2.64|      0.23|  0.0619|     43.89|  0        |          4|Sy1
1843|   SWIFT J1854.9+0336|283.7273|  3.5949|    4.86|        SWIFT J185456.7+033655|                               |283.7361|  3.6153|    7.79|    5.38|   10.61|  |   2.61|   2.05|   3.35|      0.25|      NA|  NA |  0        |          0|X-ray source
1844|   SWIFT J1856.3-4309|284.0669|-43.1459|    4.85|                    ESO 281-38|                               |284.0874|-43.1467|    8.28|    5.91|   11.00|  |   2.31|   1.86|   2.80|      1.80|  0.0167|     42.73|  2        |          2|Galaxy
1845|   SWIFT J1856.6+2835|284.1542| 28.5760|    4.88|        2SXPS J185634.7+283528|                               |284.1447| 28.5914|    7.82|    5.41|   10.57|  |   2.24|   1.79|   2.77|      0.57|      NA|  NA |  0        |          0|X-ray source
1846|   SWIFT J1856.7+0319|284.1715|  3.3066|    5.98|        SWIFT J185654.3+031529|                               |284.2262|  3.2581|    8.98|    6.56|   11.77|  |   2.64|   2.14|   3.27|      0.34|      NA|  NA |  0        |          0|X-ray source
1847|   SWIFT J1856.9+0210|284.2178|  2.1583|    5.04|                          None|                               |      NA|      NA|    7.36|    5.20|    9.88|  |   2.96|   2.35|   3.83|      1.80|      NA|  NA |  5        |          0|Unknown
1848|   SWIFT J1859.0+0815|284.7562|  8.2549|   17.22|                 XTE J1859+083|                               |284.7700|  8.2500|   32.78|   30.19|   35.49|  |   2.57|   2.43|   2.71|      3.38|      NA|  NA |  0        |          0|X-ray source
1849|   SWIFT J1906.5-0446|286.6311| -4.7601|    5.09|         SRGA J190629.5-044654|                               |286.6227| -4.7816|    8.75|    5.89|   12.02|  |   2.16|   1.64|   2.79|      0.12|      NA|  NA |  0        |          0|X-ray source
1850|   SWIFT J1924.3+1626|291.0694| 16.4301|    5.26|                          None|                               |      NA|      NA|    8.63|    6.14|   11.45|  |   2.38|   1.93|   2.94|      0.33|      NA|  NA |  7        |          0|Unknown
1851|   SWIFT J1943.1+3222|295.7668| 32.3677|    4.85|                     V2491 Cyg|                               |295.7582| 32.3204|    8.98|    5.98|   12.41|  |   1.95|   1.44|   2.54|      0.70|      NA|        NA|  1        |          9|CV
1852|   SWIFT J1948.6-2832|297.1475|-28.5402|    5.85|                          None|                               |      NA|      NA|    9.86|    6.95|   13.17|  |   2.23|   1.75|   2.81|      0.23|      NA|  NA |  7        |          0|Unknown
1853|   SWIFT J1949.7-3636|297.4362|-36.5979|    5.71|                          None|                               |      NA|      NA|   14.07|   10.36|   18.11|  |   1.49|   1.08|   1.90|      0.87|      NA|  NA |  7        |          0|Unknown
1854|   SWIFT J1951.5+5346|297.8639| 53.7657|    4.95|       2MASS J19514434+5341478|                               |297.9348| 53.6967|    7.22|    4.79|   10.07|  |   2.20|   1.68|   2.84|      0.57|      NA|  NA |  0        |          0|X-ray source
1855|   SWIFT J1952.8+2526|298.1784| 25.4407|    4.90|                      4C 25.55|                               |298.2004| 25.4478|    7.41|    4.84|   10.37|  |   2.25|   1.73|   2.91|      2.07|      NA|  NA |  0        |          7|Beamed AGN
1856|   SWIFT J1956.8+6148|299.2031| 61.7965|    4.84|                  LEDA 2625686|                               |299.2601| 61.8432|    7.21|    4.64|   10.18|  |   2.04|   1.50|   2.71|      0.62|      NA|  NA |  0        |          2|Galaxy
1857|   SWIFT J1957.2-4016|299.2884|-40.2736|    5.12|                          None|                               |      NA|      NA|    9.70|    6.59|   13.24|  |   1.97|   1.47|   2.52|      1.49|      NA|  NA |  7        |          0|Unknown
1858|   SWIFT J1958.2+1942|299.5560| 19.7007|    5.65|        2SXPS J195815.5+194130|                               |299.5647| 19.6917|   10.30|    7.09|   13.92|  |   1.77|   1.30|   2.26|      1.22|      NA|  NA |  0        |          0|X-ray source
1859|   SWIFT J2003.2-2225|300.7886|-22.4236|    5.36|                          None|                               |      NA|      NA|    8.50|    5.97|   11.34|  |   2.52|   2.04|   3.13|      1.13|      NA|  NA |  7        |          0|Unknown
1860|   SWIFT J2020.7+4736|305.1658| 47.6048|    6.78|                          None|                               |      NA|      NA|   11.75|    8.98|   14.80|  |   1.97|   1.64|   2.32|      0.81|      NA|  NA |  5        |          0|Unknown
1861|   SWIFT J2030.9+3836|307.7311| 38.5934|    4.97|               IGR J20310+3835|                               |307.7307| 38.5631|    6.69|    4.77|    8.89|  |   2.91|   2.37|   3.63|      0.61|      NA|  NA |  0        |          6|Other AGN
1862|   SWIFT J2040.3+1100|310.0835| 10.9948|    5.49|       2MASX J20401858+1059447|                               |310.0773| 10.9958|    9.28|    6.31|   12.66|  |   2.19|   1.71|   2.79|      0.88|  0.0850|     44.23|  0        |          4|Sy1
1863|   SWIFT J2052.3-2806|313.0689|-28.1078|    5.42|                          None|                               |      NA|      NA|   11.54|    7.79|   15.74|  |   1.79|   1.33|   2.32|      0.99|      NA|  NA |  7        |          0|Unknown
1864|   SWIFT J2107.9+0354|316.9655|  3.8946|    5.73|                          None|                               |      NA|      NA|   11.95|    8.13|   16.27|  |   1.72|   1.24|   2.25|      2.23|      NA|  NA |  7        |          0|Unknown
1865|   SWIFT J2108.4+5527|317.1017| 55.4472|    4.75|       2MASS J21083306+5526369|                               |317.1377| 55.4435|    7.08|    4.76|    9.69|  |   2.22|   1.75|   2.79|      0.92|      NA|  NA |  0        |          6|Other AGN
1866|   SWIFT J2109.6+4321|317.4097| 43.3494|    4.62|               IGR J21095+4322|                               |317.3494| 43.3270|    6.87|    4.47|    9.66|  |   2.28|   1.76|   2.94|      0.24|galactic|  NA |  0        |          9|CV
1867|   SWIFT J2115.1-5915|318.7765|-59.2548|    5.82|                VHS J2115-5913|                               |318.8818|-59.2188|    8.79|    6.27|   11.69|  |   2.36|   1.92|   2.93|      1.06|      NA|  NA |  2        |          7|FSRQ
1868|   SWIFT J2116.6+5333|319.1473| 53.5581|    5.14|            Swift J2116.5+5336|                               |319.1942| 53.5650|    6.47|    4.75|    8.38|  |   2.94|   2.46|   3.58|      1.22|galactic|  NA |  0        |          9|CV
1869|   SWIFT J2127.2-2300|321.7931|-22.9974|    5.04|                    ESO 530-47|                               |321.7617|-22.9922|    7.54|    4.62|   11.20|  |   2.48|   1.82|   3.41|      0.96|  0.0331|     43.29|  0        |          5|Sy2
1870|   SWIFT J2132.5+1011|323.1310| 10.1798|    4.64|                      Mrk 1513|                               |323.1159| 10.1387|    7.23|    4.75|    9.99|  |   2.38|   1.89|   3.02|      1.39|  0.0620|     43.84|  0        |          4|Sy1
1871|   SWIFT J2138.8+5547|324.6969| 55.7804|    4.97|        1SXPS J213850.0+554403|                               |324.7080| 55.7349|    5.94|    4.02|    8.26|  |   2.66|   2.10|   3.39|      0.76|galactic|  NA |  0        |          9|CV
1872|   SWIFT J2139.4+5703|324.8572| 57.0421|    4.97|                 Ginga 2138+56|                               |324.8779| 56.9862|    5.48|    3.88|    7.36|  |   3.09|   2.52|   3.87|      2.85|      NA|        NA|  1        |         13|HMXB
1873|   SWIFT J2143.6+1740|325.8919| 17.6667|    5.59|         ICRF J214335.5+174348|                               |325.8981| 17.7302|   13.98|   10.07|   18.21|  |   1.32|   0.91|   1.72|      0.14|  0.2100|     45.27|  0        |          4|Sy1
1874|   SWIFT J2155.5+7018|328.8700| 70.2958|    4.85|       2MASX J21553221+7018448|                               |328.8847| 70.3124|    5.87|    3.88|    8.25|  |   2.49|   1.94|   3.19|      0.45|  0.0536|     43.62|  0        |          6|Other AGN
1875|   SWIFT J2157.1+0632|329.2713|  6.5278|    5.90|                          None|                               |      NA|      NA|   10.24|    6.73|   14.25|  |   1.89|   1.37|   2.50|      0.79|      NA|  NA |  6        |          0|Unknown
1876|   SWIFT J2159.3-5455|329.8360|-54.9248|    5.40|       2MASS J22000495-5455445|                               |330.0207|-54.9290|   10.36|    7.33|   13.79|  |   1.76|   1.36|   2.19|      1.00|      NA|  NA |  4        |          7|Beamed AGN
1877|   SWIFT J2200.8-3742|330.2032|-37.7004|    5.40|                 MCG-06-48-013|                               |330.3211|-37.7733|   11.87|    8.03|   16.20|  |   1.53|   1.05|   2.03|      0.31|  0.0331|     43.49|  0        |          5|Sy2
1878|   SWIFT J2207.6-3235|331.9048|-32.5844|    6.71|                    ESO 404-29|                               |331.9376|-32.5838|   12.44|    8.27|   17.10|  |   1.70|   1.17|   2.31|      2.28|  0.0593|     44.03|  0        |          4|Sy1
1879|   SWIFT J2225.8+2117|336.4527| 21.2844|    5.50|                QSO J2225+2118|                               |336.4085| 21.3018|   13.84|    9.89|   18.16|  |   1.24|   0.79|   1.66|      0.44|  1.9593|     47.59|  0        |          7|FSRQ
1880|   SWIFT J2228.9-0953|337.2140| -9.8818|    5.66|       6dFGS gJ222836.2-095009|                               |337.1514| -9.8358|   10.47|    7.02|   14.43|  |   1.96|   1.46|   2.53|      0.57|  0.7970|     46.51|  4        |          4|Sy1
1881|   SWIFT J2234.5-3707|338.6305|-37.1175|    4.53|       2MASX J22344092-3706434|                               |338.6707|-37.1122|    8.58|    5.58|   12.00|  |   1.99|   1.51|   2.55|      0.81|  0.0432|     43.59|  4        |          4|Sy1
1882|   SWIFT J2249.0-4448|342.2612|-44.8039|    5.03|                          None|                               |      NA|      NA|    9.19|    6.19|   12.62|  |   1.84|   1.38|   2.35|      1.59|      NA|  NA |  7        |          0|Unknown
1883|   SWIFT J2258.0-0221|344.4931| -2.3441|    4.64|       2MASX J22580191-0219448|                               |344.5081| -2.3291|    7.19|    4.29|   10.75|  |   2.36|   1.70|   3.34|      0.48|  0.0800|     44.07|  4        |          4|Sy1
1884|   SWIFT J2300.8-1257|345.1995|-12.9440|    5.04|                      NGC 7450|                               |345.1992|-12.9185|    8.43|    5.20|   12.27|  |   2.08|   1.50|   2.84|      0.49|  0.0107|     42.35|  0        |          4|Sy1
1885|   SWIFT J2304.8-0935|346.2087| -9.5853|    5.19|       2MASX J23044283-0933454|                               |346.1784| -9.5626|   11.97|    7.90|   16.53|  |   1.47|   0.97|   2.01|      0.96|  0.0322|     43.47|  4        |          5|Sy2
1886|   SWIFT J2320.2+4032|350.0438| 40.5289|    4.64|       2MASS J23195748+4031503|                               |349.9895| 40.5307|    6.34|    3.97|    9.24|  |   2.30|   1.70|   3.08|      0.41|      NA|  NA |  4        |          6|Other AGN
1887|   SWIFT J2340.5-2632|355.1257|-26.5253|    4.41|                   LEDA 134544|                               |355.1335|-26.5552|    7.49|    4.86|   10.62|  |   2.11|   1.62|   2.66|      1.41|  0.0493|     43.65|  0        |          4|Sy1
1888|   SWIFT J2359.1-3145|359.7734|-31.7580|    5.09|                          None|                               |      NA|      NA|    7.60|    4.68|   11.10|  |   2.03|   1.44|   2.77|      0.85|      NA|  NA |  7        |          0|Unknown